2026-07-13T04:18:15 | INFO     | lib.s3_dapt.dapt._run_dapt_pipeline_impl | 
============================================================
  DAPT Step 0.3 Configuration
============================================================
  Model           : HuggingFaceTB/SmolLM2-135M
  Corpus tokens   : 4000.0K
  Max passes      : 4
  Hard stop       : 16000.0K tokens
  Eval interval   : 4000K tokens
  Slow eval int   : 4000K tokens
  Probe 1 - Perplexity gate: < 2.0% for 2 consecutive evals (Enabled: True)
  Probe 2 - QA gate        : >= 55% (Enabled: True)
  Probe 3 - Cloze gate     : >= 80% (Enabled: True)
  Probe 4 - Concept gate   : >= 60% (Enabled: True)
  RAD Embedding   : biolinkbert
  RAD Mode        : hybrid
  RAD Top-K       : 7
  RAD Threshold   : 0.65
  Checkpoint dir  : /content/dapt_checkpoints
  Log dir         : logs
============================================================

2026-07-13T04:18:15 | INFO     | lib.s3_dapt.dapt._run_dapt_pipeline_impl | Using device: cuda
2026-07-13T04:18:30 | INFO     | lib.s3_dapt.dapt._run_dapt_pipeline_impl | Loading memory-mapped training tokens from data/dapt/train_tokens.npy
2026-07-13T04:18:31 | INFO     | lib.s3_dapt.dapt._run_dapt_pipeline_impl | Loaded 3,644 training blocks of size 1024.
2026-07-13T04:18:31 | INFO     | dapt.training_helpers | Using AdamW optimizer for GPU training.
2026-07-13T04:18:31 | INFO     | lib.s3_dapt.dapt._run_dapt_pipeline_impl | Running baseline evaluation on the base model...
2026-07-13T04:18:31 | INFO     | dapt.eval_runner | 
==============================================================
  Starting Eval #1 | Tokens: 0.0K | Pass: 0.000x | Slow probes=True (SciBERT=True)
  Active probes: PPL=True, QA=True, Cloze=True, Concept=True
==============================================================
2026-07-13T04:18:31 | INFO     | dapt.eval_runner |   Running Probe 1 - Perplexity probe...
2026-07-13T04:18:31 | INFO     | dapt.probe.perplexity | Loading PPL corpus from: evals/dapt/ppl_held_out.txt (max 0.2M tokens)
2026-07-13T04:18:35 | INFO     | dapt.probe.perplexity | Truncating PPL corpus from 0.2M to 0.2M tokens
2026-07-13T04:18:35 | INFO     | dapt.probe.perplexity | PPL corpus ready: 199.95K tokens, 1562 sequences
2026-07-13T04:18:58 | INFO     | dapt.probe.perplexity | Probe 1 - Perplexity probe: 30.4294  (NLL: 3.4154 nats, tokens: 196608)
2026-07-13T04:18:58 | INFO     | dapt.eval_runner |   Running Probe 2 - QA probe...
2026-07-13T04:19:18 | WARNING  | dapt.probe.qa | Truncated 1 sequence(s) from the left to max_length=128. This can impact choice prediction accuracy.
2026-07-13T04:19:18 | INFO     | dapt.probe.qa | Probe 2 - QA probe: 0.8168 (107/131)
2026-07-13T04:19:18 | INFO     | dapt.eval_runner |   Running Probe 3 - Cloze probe...
2026-07-13T04:19:19 | INFO     | dapt.probe.cloze | Generating completions for 132 cloze questions (greedy, batch_size=128)...
2026-07-13T04:19:25 | INFO     | dapt.probe.cloze | Probe 3 - Cloze probe: 0.1667 (22/132)
  Per-category: {'cognitive_psychology': 0.16666666666666666}
  Sample missed terms: ['Sulcus', 'Gyri', 'Dorsal', 'Ventral', 'Rostral', 'Posterior', 'Lateral', 'Medial', '(TMS)', '(rTMS)']
2026-07-13T04:19:25 | INFO     | dapt.eval_runner |   Running Probe 4 - Concept Probe...
2026-07-13T04:19:26 | INFO     | dapt.probe.concept | Generating 137 retrieval responses (greedy, batch_size=128)...
2026-07-13T04:19:36 | INFO     | dapt.probe.concept | Computing BERTScore with model: allenai/scibert_scivocab_uncased
2026-07-13T04:19:36 | INFO     | dapt.probe.concept | Initializing and caching BERTScorer for allenai/scibert_scivocab_uncased on cuda...
2026-07-13T04:19:38 | INFO     | dapt.probe.concept | Monkeypatching build_inputs_with_special_tokens onto BertTokenizer
2026-07-13T04:19:51 | INFO     | dapt.probe.concept | Probe 4 - Concept Probe: 0.5477 (min=0.367, max=0.677, n=137, low-scoring=17)
2026-07-13T04:19:51 | INFO     | dapt.eval_runner | 
  Eval #1 summary:
    PPL=30.429  QA=0.817  Cloze=0.167  Concept=0.548  (elapsed: 80s)

2026-07-13T04:19:51 | INFO     | dapt.eval_runner | Failed evaluations automatically saved to logs/failed_evals.json
2026-07-13T04:19:51 | INFO     | dapt.probe.concept | Clearing cached BERTScorers from memory...
2026-07-13T04:19:52 | INFO     | lib.s3_dapt.dapt._run_dapt_pipeline_impl | Starting pretraining loop...
2026-07-13T04:19:52 | INFO     | lib.s3_dapt.dapt._run_dapt_pipeline_impl | 
############################################################
  Corpus pass 1/4
############################################################
2026-07-13T04:51:22 | INFO     | lib.s3_dapt.dapt._run_dapt_pipeline_impl | Completed corpus pass 1. Total tokens: 0.00B
2026-07-13T04:51:22 | INFO     | lib.s3_dapt.dapt._run_dapt_pipeline_impl | 
############################################################
  Corpus pass 2/4
############################################################
2026-07-13T04:53:41 | INFO     | dapt.eval_runner | 
==============================================================
  Starting Eval #2 | Tokens: 4001.8K | Pass: 1.000x | Slow probes=True (SciBERT=True)
  Active probes: PPL=True, QA=True, Cloze=True, Concept=True
==============================================================
2026-07-13T04:53:41 | INFO     | dapt.eval_runner |   Running Probe 1 - Perplexity probe...
2026-07-13T04:53:42 | INFO     | dapt.checkpoint | Checkpoint saved asynchronously: /content/dapt_checkpoints/dapt_eval_0002.pt
2026-07-13T04:54:07 | INFO     | dapt.probe.perplexity | Probe 1 - Perplexity probe: 26.9353  (NLL: 3.2934 nats, tokens: 196608)
2026-07-13T04:54:07 | INFO     | dapt.eval_runner |   Running Probe 2 - QA probe...
2026-07-13T04:54:27 | WARNING  | dapt.probe.qa | Truncated 1 sequence(s) from the left to max_length=128. This can impact choice prediction accuracy.
2026-07-13T04:54:27 | INFO     | dapt.probe.qa | Probe 2 - QA probe: 0.8397 (110/131)
2026-07-13T04:54:27 | INFO     | dapt.eval_runner |   Running Probe 3 - Cloze probe...
2026-07-13T04:54:27 | INFO     | dapt.probe.cloze | Generating completions for 132 cloze questions (greedy, batch_size=128)...
2026-07-13T04:54:34 | INFO     | dapt.probe.cloze | Probe 3 - Cloze probe: 0.1742 (23/132)
  Per-category: {'cognitive_psychology': 0.17424242424242425}
  Sample missed terms: ['psychology', 'Sulcus', 'Gyri', 'Dorsal', 'Ventral', 'Rostral', 'Posterior', 'Lateral', 'Medial', '(rTMS)']
2026-07-13T04:54:34 | INFO     | dapt.eval_runner |   Running Probe 4 - Concept Probe...
2026-07-13T04:54:34 | INFO     | dapt.probe.concept | Generating 137 retrieval responses (greedy, batch_size=128)...
2026-07-13T04:54:43 | INFO     | dapt.probe.concept | Computing BERTScore with model: allenai/scibert_scivocab_uncased
2026-07-13T04:54:43 | INFO     | dapt.probe.concept | Initializing and caching BERTScorer for allenai/scibert_scivocab_uncased on cuda...
2026-07-13T04:54:43 | INFO     | dapt.probe.concept | Monkeypatching build_inputs_with_special_tokens onto BertTokenizer
2026-07-13T04:54:50 | INFO     | dapt.probe.concept | Probe 4 - Concept Probe: 0.5273 (min=0.364, max=0.711, n=137, low-scoring=35)
2026-07-13T04:54:50 | INFO     | dapt.eval_runner | 
  Eval #2 summary:
    PPL=26.935  QA=0.840  Cloze=0.174  Concept=0.527  (elapsed: 69s)

2026-07-13T04:54:50 | INFO     | dapt.eval_runner | Failed evaluations automatically saved to logs/failed_evals.json
2026-07-13T04:54:50 | INFO     | dapt.probe.concept | Clearing cached BERTScorers from memory...
2026-07-13T04:54:50 | INFO     | dapt.gates | 
--------------------------------------------------------------
  Gate Status @ Eval #  2
--------------------------------------------------------------
  Tokens processed : 0.00B
  Corpus pass      : 1.000x

  PRIMARY GATES (both required for convergence)
  [PASS] QA Accuracy   : 0.8397  (threshold >= 0.55)
  QA history       : [0.8168, 0.8397]
  [FAIL] PPL Plateau   : improvements = [n/a (need >=2 evals)]  (need <2.0% for 2 consecutive)
  PPL history      : [30.429, 26.935]

  SECONDARY GATES (at least one required)
  [FAIL] Cloze Coverage: 0.1742  (threshold >= 0.8)
  Cloze history    : [0.1667, 0.1742]
  [FAIL] Concept Precision : 0.5273  (threshold >= 0.6)
  Concept history  : [0.5477, 0.5273]

  DECISION -> CONTINUE
--------------------------------------------------------------

2026-07-13T05:24:24 | INFO     | lib.s3_dapt.dapt._run_dapt_pipeline_impl | Completed corpus pass 2. Total tokens: 0.01B
2026-07-13T05:24:24 | INFO     | lib.s3_dapt.dapt._run_dapt_pipeline_impl | 
############################################################
  Corpus pass 3/4
############################################################
2026-07-13T05:29:01 | INFO     | dapt.eval_runner | 
==============================================================
  Starting Eval #3 | Tokens: 8003.6K | Pass: 2.001x | Slow probes=True (SciBERT=True)
  Active probes: PPL=True, QA=True, Cloze=True, Concept=True
==============================================================
2026-07-13T05:29:01 | INFO     | dapt.eval_runner |   Running Probe 1 - Perplexity probe...
2026-07-13T05:29:08 | INFO     | dapt.checkpoint | Checkpoint saved asynchronously: /content/dapt_checkpoints/dapt_eval_0003.pt
2026-07-13T05:29:27 | INFO     | dapt.probe.perplexity | Probe 1 - Perplexity probe: 25.1150  (NLL: 3.2235 nats, tokens: 196608)
2026-07-13T05:29:27 | INFO     | dapt.eval_runner |   Running Probe 2 - QA probe...
2026-07-13T05:29:47 | WARNING  | dapt.probe.qa | Truncated 1 sequence(s) from the left to max_length=128. This can impact choice prediction accuracy.
2026-07-13T05:29:47 | INFO     | dapt.probe.qa | Probe 2 - QA probe: 0.8168 (107/131)
2026-07-13T05:29:47 | INFO     | dapt.eval_runner |   Running Probe 3 - Cloze probe...
2026-07-13T05:29:47 | INFO     | dapt.probe.cloze | Generating completions for 132 cloze questions (greedy, batch_size=128)...
2026-07-13T05:29:53 | INFO     | dapt.probe.cloze | Probe 3 - Cloze probe: 0.1818 (24/132)
  Per-category: {'cognitive_psychology': 0.18181818181818182}
  Sample missed terms: ['psychology', 'Sulcus', 'Gyri', 'Dorsal', 'Ventral', 'Rostral', 'Posterior', 'Lateral', 'Medial', '(rTMS)']
2026-07-13T05:29:53 | INFO     | dapt.eval_runner |   Running Probe 4 - Concept Probe...
2026-07-13T05:29:53 | INFO     | dapt.probe.concept | Generating 137 retrieval responses (greedy, batch_size=128)...
2026-07-13T05:30:02 | INFO     | dapt.probe.concept | Computing BERTScore with model: allenai/scibert_scivocab_uncased
2026-07-13T05:30:02 | INFO     | dapt.probe.concept | Initializing and caching BERTScorer for allenai/scibert_scivocab_uncased on cuda...
2026-07-13T05:30:03 | INFO     | dapt.probe.concept | Monkeypatching build_inputs_with_special_tokens onto BertTokenizer
2026-07-13T05:30:08 | INFO     | dapt.probe.concept | Probe 4 - Concept Probe: 0.5151 (min=0.364, max=0.667, n=137, low-scoring=39)
2026-07-13T05:30:08 | INFO     | dapt.eval_runner | 
  Eval #3 summary:
    PPL=25.115  QA=0.817  Cloze=0.182  Concept=0.515  (elapsed: 67s)

2026-07-13T05:30:08 | INFO     | dapt.eval_runner | Failed evaluations automatically saved to logs/failed_evals.json
2026-07-13T05:30:08 | INFO     | dapt.probe.concept | Clearing cached BERTScorers from memory...
2026-07-13T05:30:09 | INFO     | dapt.gates | 
--------------------------------------------------------------
  Gate Status @ Eval #  3
--------------------------------------------------------------
  Tokens processed : 0.01B
  Corpus pass      : 2.001x

  PRIMARY GATES (both required for convergence)
  [PASS] QA Accuracy   : 0.8168  (threshold >= 0.55)
  QA history       : [0.8168, 0.8397, 0.8168]
  [FAIL] PPL Plateau   : improvements = [11.48%, 6.76%]  (need <2.0% for 2 consecutive)
  PPL history      : [30.429, 26.935, 25.115]

  SECONDARY GATES (at least one required)
  [FAIL] Cloze Coverage: 0.1818  (threshold >= 0.8)
  Cloze history    : [0.1667, 0.1742, 0.1818]
  [FAIL] Concept Precision : 0.5151  (threshold >= 0.6)
  Concept history  : [0.5477, 0.5273, 0.5151]

  DECISION -> CONTINUE
--------------------------------------------------------------

2026-07-13T05:57:22 | INFO     | lib.s3_dapt.dapt._run_dapt_pipeline_impl | Completed corpus pass 3. Total tokens: 0.01B
2026-07-13T05:57:22 | INFO     | lib.s3_dapt.dapt._run_dapt_pipeline_impl | 
############################################################
  Corpus pass 4/4
############################################################
2026-07-13T06:04:16 | INFO     | dapt.eval_runner | 
==============================================================
  Starting Eval #4 | Tokens: 12005.4K | Pass: 3.001x | Slow probes=True (SciBERT=True)
  Active probes: PPL=True, QA=True, Cloze=True, Concept=True
==============================================================
2026-07-13T06:04:16 | INFO     | dapt.eval_runner |   Running Probe 1 - Perplexity probe...
2026-07-13T06:04:17 | INFO     | dapt.checkpoint | Checkpoint saved asynchronously: /content/dapt_checkpoints/dapt_eval_0004.pt
2026-07-13T06:04:41 | INFO     | dapt.probe.perplexity | Probe 1 - Perplexity probe: 24.9362  (NLL: 3.2163 nats, tokens: 196608)
2026-07-13T06:04:41 | INFO     | dapt.eval_runner |   Running Probe 2 - QA probe...
2026-07-13T06:05:02 | WARNING  | dapt.probe.qa | Truncated 1 sequence(s) from the left to max_length=128. This can impact choice prediction accuracy.
2026-07-13T06:05:03 | INFO     | dapt.probe.qa | Probe 2 - QA probe: 0.8168 (107/131)
2026-07-13T06:05:03 | INFO     | dapt.eval_runner |   Running Probe 3 - Cloze probe...
2026-07-13T06:05:03 | INFO     | dapt.probe.cloze | Generating completions for 132 cloze questions (greedy, batch_size=128)...
2026-07-13T06:05:09 | INFO     | dapt.probe.cloze | Probe 3 - Cloze probe: 0.1894 (25/132)
  Per-category: {'cognitive_psychology': 0.1893939393939394}
  Sample missed terms: ['psychology', 'Sulcus', 'Gyri', 'Dorsal', 'Ventral', 'Rostral', 'Posterior', 'Lateral', 'Medial', '(rTMS)']
2026-07-13T06:05:09 | INFO     | dapt.eval_runner |   Running Probe 4 - Concept Probe...
2026-07-13T06:05:09 | INFO     | dapt.probe.concept | Generating 137 retrieval responses (greedy, batch_size=128)...
2026-07-13T06:05:19 | INFO     | dapt.probe.concept | Computing BERTScore with model: allenai/scibert_scivocab_uncased
2026-07-13T06:05:19 | INFO     | dapt.probe.concept | Initializing and caching BERTScorer for allenai/scibert_scivocab_uncased on cuda...
2026-07-13T06:05:20 | INFO     | dapt.probe.concept | Monkeypatching build_inputs_with_special_tokens onto BertTokenizer
2026-07-13T06:05:25 | INFO     | dapt.probe.concept | Probe 4 - Concept Probe: 0.5138 (min=0.364, max=0.662, n=137, low-scoring=43)
2026-07-13T06:05:25 | INFO     | dapt.eval_runner | 
  Eval #4 summary:
    PPL=24.936  QA=0.817  Cloze=0.189  Concept=0.514  (elapsed: 68s)

2026-07-13T06:05:25 | INFO     | dapt.eval_runner | Failed evaluations automatically saved to logs/failed_evals.json
2026-07-13T06:05:25 | INFO     | dapt.probe.concept | Clearing cached BERTScorers from memory...
2026-07-13T06:05:25 | INFO     | dapt.gates | 
--------------------------------------------------------------
  Gate Status @ Eval #  4
--------------------------------------------------------------
  Tokens processed : 0.01B
  Corpus pass      : 3.001x

  PRIMARY GATES (both required for convergence)
  [PASS] QA Accuracy   : 0.8168  (threshold >= 0.55)
  QA history       : [0.8168, 0.8397, 0.8168, 0.8168]
  [FAIL] PPL Plateau   : improvements = [6.76%, 0.71%]  (need <2.0% for 2 consecutive)
  PPL history      : [30.429, 26.935, 25.115, 24.936]

  SECONDARY GATES (at least one required)
  [FAIL] Cloze Coverage: 0.1894  (threshold >= 0.8)
  Cloze history    : [0.1667, 0.1742, 0.1818, 0.1894]
  [FAIL] Concept Precision : 0.5138  (threshold >= 0.6)
  Concept history  : [0.5477, 0.5273, 0.5151, 0.5138]

  DECISION -> CONTINUE
--------------------------------------------------------------

2026-07-13T06:30:16 | INFO     | lib.s3_dapt.dapt._run_dapt_pipeline_impl | Completed corpus pass 4. Total tokens: 0.01B
2026-07-13T06:30:16 | WARNING  | lib.s3_dapt.dapt._run_dapt_pipeline_impl | Training loop exhausted without a convergence decision. Running final gate check.
2026-07-13T06:30:16 | INFO     | dapt.eval_runner | 
==============================================================
  Starting Eval #5 | Tokens: 14925.8K | Pass: 3.731x | Slow probes=False (SciBERT=False)
  Active probes: PPL=True, QA=True, Cloze=True, Concept=True
==============================================================
2026-07-13T06:30:16 | INFO     | dapt.eval_runner |   Running Probe 1 - Perplexity probe...
2026-07-13T06:30:20 | INFO     | dapt.checkpoint | Checkpoint saved asynchronously: /content/dapt_checkpoints/dapt_eval_0005.pt
2026-07-13T06:30:42 | INFO     | dapt.probe.perplexity | Probe 1 - Perplexity probe: 24.9346  (NLL: 3.2163 nats, tokens: 196608)
2026-07-13T06:30:42 | INFO     | dapt.eval_runner |   Running Probe 2 - QA probe...
2026-07-13T06:31:02 | WARNING  | dapt.probe.qa | Truncated 1 sequence(s) from the left to max_length=128. This can impact choice prediction accuracy.
2026-07-13T06:31:02 | INFO     | dapt.probe.qa | Probe 2 - QA probe: 0.8168 (107/131)
2026-07-13T06:31:02 | INFO     | dapt.eval_runner |   Skipping Probe 3 - Cloze probe (carrying forward last metric)...
2026-07-13T06:31:02 | INFO     | dapt.eval_runner |   Skipping Probe 4 - Concept Probe (carrying forward last metric)...
2026-07-13T06:31:02 | INFO     | dapt.eval_runner | 
  Eval #5 summary:
    PPL=24.935  QA=0.817  Cloze=0.189  Concept=0.514  (elapsed: 46s)

2026-07-13T06:31:02 | INFO     | dapt.gates | 
--------------------------------------------------------------
  Gate Status @ Eval #  5
--------------------------------------------------------------
  Tokens processed : 0.01B
  Corpus pass      : 3.731x

  PRIMARY GATES (both required for convergence)
  [PASS] QA Accuracy   : 0.8168  (threshold >= 0.55)
  QA history       : [0.8168, 0.8397, 0.8168, 0.8168, 0.8168]
  [PASS] PPL Plateau   : improvements = [0.71%, 0.01%]  (need <2.0% for 2 consecutive)
  PPL history      : [30.429, 26.935, 25.115, 24.936, 24.935]

  SECONDARY GATES (at least one required)
  [FAIL] Cloze Coverage: 0.1894  (threshold >= 0.8)
  Cloze history    : [0.1667, 0.1742, 0.1818, 0.1894, 0.1894]
  [FAIL] Concept Precision : 0.5138  (threshold >= 0.6)
  Concept history  : [0.5477, 0.5273, 0.5151, 0.5138, 0.5138]

  DECISION -> CONTINUE
--------------------------------------------------------------

2026-07-13T06:31:08 | INFO     | dapt.checkpoint | Best checkpoint selected: eval #4 (QA acc=0.8168) → /content/dapt_checkpoints/dapt_eval_0004.pt
2026-07-13T06:31:08 | INFO     | dapt.training_helpers | Loading best checkpoint for final SciBERT evaluation: /content/dapt_checkpoints/dapt_eval_0004.pt
2026-07-13T06:31:08 | INFO     | dapt.checkpoint | Loading checkpoint: /content/dapt_checkpoints/dapt_eval_0004.pt
2026-07-13T06:31:09 | INFO     | dapt.eval_runner | 
==============================================================
  Starting Eval #6 | Tokens: 14925.8K | Pass: 3.731x | Slow probes=True (SciBERT=True)
  Active probes: PPL=True, QA=True, Cloze=True, Concept=True
==============================================================
2026-07-13T06:31:09 | INFO     | dapt.eval_runner |   Running Probe 1 - Perplexity probe...
2026-07-13T06:31:34 | INFO     | dapt.probe.perplexity | Probe 1 - Perplexity probe: 24.9362  (NLL: 3.2163 nats, tokens: 196608)
2026-07-13T06:31:34 | INFO     | dapt.eval_runner |   Running Probe 2 - QA probe...
2026-07-13T06:31:55 | WARNING  | dapt.probe.qa | Truncated 1 sequence(s) from the left to max_length=128. This can impact choice prediction accuracy.
2026-07-13T06:31:55 | INFO     | dapt.probe.qa | Probe 2 - QA probe: 0.8168 (107/131)
2026-07-13T06:31:55 | INFO     | dapt.eval_runner |   Running Probe 3 - Cloze probe...
2026-07-13T06:31:55 | INFO     | dapt.probe.cloze | Generating completions for 132 cloze questions (greedy, batch_size=128)...
2026-07-13T06:32:02 | INFO     | dapt.probe.cloze | Probe 3 - Cloze probe: 0.1894 (25/132)
  Per-category: {'cognitive_psychology': 0.1893939393939394}
  Sample missed terms: ['psychology', 'Sulcus', 'Gyri', 'Dorsal', 'Ventral', 'Rostral', 'Posterior', 'Lateral', 'Medial', '(rTMS)']
2026-07-13T06:32:02 | INFO     | dapt.eval_runner |   Running Probe 4 - Concept Probe...
2026-07-13T06:32:02 | INFO     | dapt.probe.concept | Generating 137 retrieval responses (greedy, batch_size=128)...
2026-07-13T06:32:11 | INFO     | dapt.probe.concept | Computing BERTScore with model: allenai/scibert_scivocab_uncased
2026-07-13T06:32:11 | INFO     | dapt.probe.concept | Initializing and caching BERTScorer for allenai/scibert_scivocab_uncased on cuda...
2026-07-13T06:32:12 | INFO     | dapt.probe.concept | Monkeypatching build_inputs_with_special_tokens onto BertTokenizer
2026-07-13T06:32:20 | INFO     | dapt.probe.concept | Probe 4 - Concept Probe: 0.5138 (min=0.364, max=0.662, n=137, low-scoring=43)
2026-07-13T06:32:20 | INFO     | dapt.eval_runner | 
  Eval #6 summary:
    PPL=24.936  QA=0.817  Cloze=0.189  Concept=0.514  (elapsed: 71s)

2026-07-13T06:32:20 | INFO     | dapt.eval_runner | Failed evaluations automatically saved to logs/failed_evals.json
2026-07-13T06:32:20 | INFO     | dapt.probe.concept | Clearing cached BERTScorers from memory...
2026-07-13T06:32:20 | WARNING  | dapt.gates | 
!!!!!!!!!!!!!!!!!!!!!!!!!!!!!!!!!!!!!!!!!!!!!!!!!!!!!!!!!!!!
  HARD CAP reached — gates NOT fully met
  Failed gates: ['Neither secondary gate met: cloze_cov=0.1894 (need >=0.8), concept_prec=0.5138 (need >=0.6)']
  Recommended action (Priority 3): PROCEED_WITH_RISK_FLAG
  Rationale: QA accuracy is near threshold (or QA probe is disabled), but perplexity plateau or secondary gates may not be fully cleared. Downstream phases may compensate. Action: proceed but document all metric gaps in the risk report and monitor Phase 1+ validation metrics closely.
  Risk report: logs/dapt_hard_cap_risk_report.json
!!!!!!!!!!!!!!!!!!!!!!!!!!!!!!!!!!!!!!!!!!!!!!!!!!!!!!!!!!!!

2026-07-13T06:32:20 | WARNING  | lib.s3_dapt.dapt._run_dapt_pipeline_impl | DAPT completed without convergence. Non-convergence risk report generated.
2026-07-13T06:32:20 | INFO     | lib.s3_dapt.dapt._run_dapt_pipeline_impl | 
============================================================
  DAPT Probe History Summary
============================================================
  Perplexity probe - 30.429, 26.935, 25.115, 24.936, 24.935, 24.936
  QA probe - 0.8168, 0.8397, 0.8168, 0.8168, 0.8168, 0.8168
  Cloze probe - 0.1667, 0.1742, 0.1818, 0.1894, 0.1894, 0.1894
  Concept probe - 0.5477, 0.5273, 0.5151, 0.5138, 0.5138, 0.5138
============================================================

2026-07-13T18:30:02 | INFO     | lib.s1_build_corpus.worker.worker_init | [WORKER INIT] Docling ready on cpu (GPU 0 requested)
2026-07-13T18:30:02 | INFO     | lib.s1_build_corpus.worker.worker_init | [WORKER INIT] Docling ready on cpu (GPU 0 requested)
2026-07-13T18:30:02 | INFO     | lib.utils.config | [AUTO] max_tasks_per_child resolved to 3 based on system RAM and workers
2026-07-13T18:30:02 | INFO     | lib.utils.config | [AUTO] docling_num_threads resolved to 14 (CPU Cores: 14, Total Workers: 1)
2026-07-13T18:30:02 | INFO     | lib.s1_build_corpus.build_corpus | [START] Docling pipeline | 1 workers | GPUs [0]
2026-07-13T18:30:02 | INFO     | lib.s1_build_corpus.build_corpus | [PLAN] Queued PDF paper.pdf (5 pages) in 2 chunks asynchronously...
2026-07-13T18:30:02 | INFO     | lib.s1_build_corpus.build_corpus | [OK] #0 paper.pdf (chunk 0) | 50 tokens | cumulative 50
2026-07-13T18:30:02 | INFO     | lib.s1_build_corpus.build_corpus | [OK] #1 paper.pdf (chunk 0) | 50 tokens | cumulative 100
2026-07-13T18:30:02 | INFO     | lib.s1_build_corpus.build_corpus | [DONE] Docling - 2 chunks from documents, 100 tokens -> data\dapt\in\domain_dapt_corpus_extracted.jsonl
2026-07-13T18:30:03 | INFO     | lib.s1_build_corpus.worker.worker_init | [WORKER INIT] Docling ready on cpu (GPU 0 requested)
2026-07-13T18:30:03 | INFO     | lib.s1_build_corpus.worker.worker_init | [WORKER INIT] Docling ready on cpu (GPU 0 requested)
2026-07-13T18:30:03 | INFO     | lib.utils.config | [AUTO] Detected GPUs: [0]
2026-07-13T18:30:03 | INFO     | lib.utils.config | [AUTO] GPU workers per device resolved: 4 (Min VRAM: 16.0 GB)
2026-07-13T18:30:03 | INFO     | lib.utils.config | [AUTO] Chunk size resolved to 10 pages for 4 workers
2026-07-13T18:30:03 | INFO     | lib.utils.config | [AUTO] max_tasks_per_child resolved to 8 based on system RAM and workers
2026-07-13T18:30:03 | INFO     | lib.utils.config | [AUTO] docling_num_threads resolved to 2 (CPU Cores: 8, Total Workers: 4)
2026-07-13T18:30:03 | INFO     | lib.utils.config | [AUTO] No GPUs detected. Falling back to CPU mode.
2026-07-13T18:30:03 | INFO     | lib.utils.config | [AUTO] CPU Mode workers resolved: 4 (CPU Cores: 8, RAM: 32.0 GB)
2026-07-13T18:30:03 | INFO     | lib.utils.config | [AUTO] Chunk size resolved to 10 pages for 4 workers
2026-07-13T18:30:03 | INFO     | lib.utils.config | [AUTO] max_tasks_per_child resolved to 8 based on system RAM and workers
2026-07-13T18:30:03 | INFO     | lib.utils.config | [AUTO] docling_num_threads resolved to 2 (CPU Cores: 8, Total Workers: 4)
2026-07-13T18:30:03 | INFO     | lib.utils.config | [AUTO] CPU Mode workers resolved: 1 (CPU Cores: 14, RAM: 1.0 GB)
2026-07-13T18:30:03 | INFO     | lib.utils.config | [AUTO] max_tasks_per_child resolved to 3 based on system RAM and workers
2026-07-13T18:30:03 | INFO     | lib.utils.config | [AUTO] docling_num_threads resolved to 14 (CPU Cores: 14, Total Workers: 1)
2026-07-13T18:30:03 | INFO     | lib.s3_dapt.dapt._run_dapt_pipeline_impl | 
============================================================
  DAPT Step 0.3 Configuration
============================================================
  Model           : dummy-model
  Corpus tokens   : 4000.0K
  Max passes      : 1
  Hard stop       : 4000.0K tokens
  Eval interval   : 4000K tokens
  Slow eval int   : 4000K tokens
  Probe 1 - Perplexity gate: < 2.0% for 2 consecutive evals (Enabled: True)
  Probe 2 - QA gate        : >= 55% (Enabled: True)
  Probe 3 - Cloze gate     : >= 80% (Enabled: True)
  Probe 4 - Concept gate   : >= 60% (Enabled: True)
  RAD Embedding   : biolinkbert
  RAD Mode        : hybrid
  RAD Top-K       : 7
  RAD Threshold   : 0.65
  Checkpoint dir  : C:\Users\rajav\AppData\Local\Temp\tmprt2bgk0v\out_model
  Log dir         : logs
============================================================

2026-07-13T18:30:03 | INFO     | lib.s3_dapt.dapt._run_dapt_pipeline_impl | Using device: cpu
2026-07-13T18:30:03 | INFO     | lib.s3_dapt.dapt._run_dapt_pipeline_impl | Loading memory-mapped training tokens from C:\Users\rajav\AppData\Local\Temp\tmprt2bgk0v\train_tokens.npy
2026-07-13T18:30:03 | INFO     | lib.s3_dapt.dapt._run_dapt_pipeline_impl | Loaded 1 training blocks of size 512.
2026-07-13T18:30:03 | INFO     | dapt.training_helpers | Using Adafactor optimizer for CPU training.
2026-07-13T18:30:03 | INFO     | lib.s3_dapt.dapt._run_dapt_pipeline_impl | Running baseline evaluation on the base model...
2026-07-13T18:30:03 | INFO     | lib.s3_dapt.dapt._run_dapt_pipeline_impl | Starting pretraining loop...
2026-07-13T18:30:03 | INFO     | lib.s3_dapt.dapt._run_dapt_pipeline_impl | 
############################################################
  Corpus pass 1/1
############################################################
2026-07-13T18:30:03 | INFO     | lib.s3_dapt.dapt._run_dapt_pipeline_impl | Completed corpus pass 1. Total tokens: 0.00B
2026-07-13T18:30:03 | WARNING  | lib.s3_dapt.dapt._run_dapt_pipeline_impl | Training loop exhausted without a convergence decision. Running final gate check.
2026-07-13T18:30:03 | INFO     | dapt.eval_runner | 
==============================================================
  Starting Eval #2 | Tokens: 0.5K | Pass: 0.000x | Slow probes=False (SciBERT=False)
  Active probes: PPL=True, QA=True, Cloze=True, Concept=True
==============================================================
2026-07-13T18:30:03 | INFO     | dapt.eval_runner |   Running Probe 1 - Perplexity probe...
2026-07-13T18:30:03 | INFO     | dapt.probe.perplexity | Loading pre-tokenized PPL corpus from: C:\Users\rajav\AppData\Local\Temp\tmprt2bgk0v\ppl_validation_tokens.npy (max 0.2M tokens)
2026-07-13T18:30:03 | INFO     | dapt.probe.perplexity | PPL corpus ready: 0.00K tokens, 0 sequences
2026-07-13T18:30:03 | INFO     | dapt.probe.perplexity | Probe 1 - Perplexity probe: inf  (NLL: inf nats, tokens: 0)
2026-07-13T18:30:03 | INFO     | dapt.eval_runner |   Running Probe 2 - QA probe...
2026-07-13T18:30:03 | WARNING  | dapt.checkpoint | Failed to save torch checkpoint asynchronously: Can't pickle <class 'unittest.mock.MagicMock'>: it's not the same object as unittest.mock.MagicMock
2026-07-13T18:30:03 | INFO     | dapt.probe.qa | Probe 2 - QA probe: 1.0000 (1/1)
2026-07-13T18:30:03 | INFO     | dapt.eval_runner |   Skipping Probe 3 - Cloze probe (carrying forward last metric)...
2026-07-13T18:30:03 | INFO     | dapt.eval_runner |   Skipping Probe 4 - Concept Probe (carrying forward last metric)...
2026-07-13T18:30:03 | INFO     | dapt.eval_runner | 
  Eval #2 summary:
    PPL=inf  QA=1.000  Cloze=0.000  Concept=0.000  (elapsed: 0s)

2026-07-13T18:30:03 | INFO     | dapt.gates | 
--------------------------------------------------------------
  Gate Status @ Eval #  2
--------------------------------------------------------------
  Tokens processed : 0.00B
  Corpus pass      : 0.000x

  PRIMARY GATES (both required for convergence)
  [PASS] QA Accuracy   : 1.0000  (threshold >= 0.55)
  QA history       : [1.0000]
  [FAIL] PPL Plateau   : improvements = [n/a (need >=2 evals)]  (need <2.0% for 2 consecutive)
  PPL history      : [inf]

  SECONDARY GATES (at least one required)
  [FAIL] Cloze Coverage: 0.0000  (threshold >= 0.8)
  Cloze history    : [0.0000]
  [FAIL] Concept Precision : 0.0000  (threshold >= 0.6)
  Concept history  : [0.0000]

  DECISION -> CONTINUE
--------------------------------------------------------------

2026-07-13T18:30:03 | INFO     | dapt.checkpoint | Best checkpoint selected: eval #1 (QA acc=50.0000) → C:\Users\rajav\AppData\Local\Temp\tmprt2bgk0v\out_model\dapt_eval_0001.pt
2026-07-13T18:30:03 | INFO     | dapt.training_helpers | Loading best checkpoint for final SciBERT evaluation: C:\Users\rajav\AppData\Local\Temp\tmprt2bgk0v\out_model\dapt_eval_0001.pt
2026-07-13T18:30:03 | INFO     | dapt.checkpoint | Loading checkpoint: C:\Users\rajav\AppData\Local\Temp\tmprt2bgk0v\out_model\dapt_eval_0001.pt
2026-07-13T18:30:03 | WARNING  | dapt.checkpoint | Failed to load checkpoint from C:\Users\rajav\AppData\Local\Temp\tmprt2bgk0v\out_model\dapt_eval_0001.pt (expected if dummy mock file): [Errno 2] No such file or directory: 'C:\\Users\\rajav\\AppData\\Local\\Temp\\tmprt2bgk0v\\out_model\\dapt_eval_0001.pt'
2026-07-13T18:30:03 | INFO     | dapt.eval_runner | 
==============================================================
  Starting Eval #3 | Tokens: 0.5K | Pass: 0.000x | Slow probes=True (SciBERT=True)
  Active probes: PPL=True, QA=True, Cloze=True, Concept=True
==============================================================
2026-07-13T18:30:03 | INFO     | dapt.eval_runner |   Running Probe 1 - Perplexity probe...
2026-07-13T18:30:03 | INFO     | dapt.probe.perplexity | Probe 1 - Perplexity probe: inf  (NLL: inf nats, tokens: 0)
2026-07-13T18:30:03 | INFO     | dapt.eval_runner |   Running Probe 2 - QA probe...
2026-07-13T18:30:03 | INFO     | dapt.probe.qa | Probe 2 - QA probe: 1.0000 (1/1)
2026-07-13T18:30:03 | INFO     | dapt.eval_runner |   Running Probe 3 - Cloze probe...
2026-07-13T18:30:03 | INFO     | dapt.probe.cloze | Generating completions for 115 cloze questions (greedy, batch_size=256)...
2026-07-13T18:30:03 | INFO     | dapt.probe.cloze | Probe 3 - Cloze probe: 0.0000 (0/115)
  Per-category: {'cognitive_psychology': 0.0}
  Sample missed terms: ['psychology', 'neuroscience', 'Sulcus', 'Gyri', 'Dorsal', 'Ventral', 'Rostral', 'Posterior', 'Lateral', 'Medial']
2026-07-13T18:30:03 | INFO     | dapt.eval_runner |   Running Probe 4 - Concept Probe...
2026-07-13T18:30:03 | INFO     | dapt.probe.concept | Generating 118 retrieval responses (greedy, batch_size=16)...
2026-07-13T18:30:03 | INFO     | dapt.probe.concept | Computing BERTScore with model: allenai/scibert_scivocab_uncased
2026-07-13T18:30:03 | INFO     | dapt.probe.concept | Initializing and caching BERTScorer for allenai/scibert_scivocab_uncased on cpu...
2026-07-13T18:30:06 | INFO     | dapt.probe.concept | Probe 4 - Concept Probe: 1.0000 (min=1.000, max=1.000, n=118, low-scoring=0)
2026-07-13T18:30:06 | INFO     | dapt.eval_runner | 
  Eval #3 summary:
    PPL=inf  QA=1.000  Cloze=0.000  Concept=1.000  (elapsed: 3s)

2026-07-13T18:30:06 | ERROR    | dapt.eval_runner | Failed to write failed evaluations JSON file: Object of type MagicMock is not JSON serializable
2026-07-13T18:30:06 | INFO     | dapt.probe.concept | Clearing cached BERTScorers from memory...
2026-07-13T18:30:07 | WARNING  | dapt.gates | 
!!!!!!!!!!!!!!!!!!!!!!!!!!!!!!!!!!!!!!!!!!!!!!!!!!!!!!!!!!!!
  HARD CAP reached — gates NOT fully met
  Failed gates: ['PPL plateau not reached (insufficient eval history)', 'Neither secondary gate met: cloze_cov=0.0000 (need >=0.8), concept_prec=0.0000 (need >=0.6)']
  Recommended action (Priority 3): PROCEED_WITH_RISK_FLAG
  Rationale: QA accuracy is near threshold (or QA probe is disabled), but perplexity plateau or secondary gates may not be fully cleared. Downstream phases may compensate. Action: proceed but document all metric gaps in the risk report and monitor Phase 1+ validation metrics closely.
  Risk report: logs\dapt_hard_cap_risk_report.json
!!!!!!!!!!!!!!!!!!!!!!!!!!!!!!!!!!!!!!!!!!!!!!!!!!!!!!!!!!!!

2026-07-13T18:30:07 | WARNING  | lib.s3_dapt.dapt._run_dapt_pipeline_impl | DAPT completed without convergence. Non-convergence risk report generated.
2026-07-13T18:30:07 | INFO     | lib.s3_dapt.dapt._run_dapt_pipeline_impl | 
============================================================
  DAPT Probe History Summary
============================================================
  Perplexity probe - inf, inf
  QA probe - 1.0000, 1.0000
  Cloze probe - 0.0000, 0.0000
  Concept probe - 0.0000, 1.0000
============================================================

2026-07-13T18:30:11 | INFO     | lib.utils.config | [AUTO] CPU Mode workers resolved: 1 (CPU Cores: 14, RAM: 1.0 GB)
2026-07-13T18:30:11 | INFO     | lib.utils.config | [AUTO] max_tasks_per_child resolved to 3 based on system RAM and workers
2026-07-13T18:30:11 | INFO     | lib.utils.config | [AUTO] docling_num_threads resolved to 14 (CPU Cores: 14, Total Workers: 1)
2026-07-13T18:30:11 | INFO     | lib.s3_dapt.dapt._run_dapt_pipeline_impl | 
============================================================
  DAPT Step 0.3 Configuration
============================================================
  Model           : dummy-model
  Corpus tokens   : 4000.0K
  Max passes      : 1
  Hard stop       : 4000.0K tokens
  Eval interval   : 4000K tokens
  Slow eval int   : 4000K tokens
  Probe 1 - Perplexity gate: < 2.0% for 2 consecutive evals (Enabled: True)
  Probe 2 - QA gate        : >= 55% (Enabled: True)
  Probe 3 - Cloze gate     : >= 80% (Enabled: True)
  Probe 4 - Concept gate   : >= 60% (Enabled: True)
  RAD Embedding   : biolinkbert
  RAD Mode        : hybrid
  RAD Top-K       : 7
  RAD Threshold   : 0.65
  Checkpoint dir  : C:\Users\rajav\AppData\Local\Temp\tmpshdb3lpc\out_model
  Log dir         : logs
============================================================

2026-07-13T18:30:11 | INFO     | lib.s3_dapt.dapt._run_dapt_pipeline_impl | Using device: cpu
2026-07-13T18:30:11 | INFO     | dapt.training_helpers | Initialized Weights & Biases run: 
2026-07-13T18:30:11 | INFO     | lib.s3_dapt.dapt._run_dapt_pipeline_impl | Loading memory-mapped training tokens from C:\Users\rajav\AppData\Local\Temp\tmpshdb3lpc\train_tokens.npy
2026-07-13T18:30:11 | INFO     | lib.s3_dapt.dapt._run_dapt_pipeline_impl | Loaded 1 training blocks of size 512.
2026-07-13T18:30:11 | INFO     | dapt.training_helpers | Using Adafactor optimizer for CPU training.
2026-07-13T18:30:11 | INFO     | lib.s3_dapt.dapt._run_dapt_pipeline_impl | Running baseline evaluation on the base model...
2026-07-13T18:30:11 | INFO     | lib.s3_dapt.dapt._run_dapt_pipeline_impl | Starting pretraining loop...
2026-07-13T18:30:11 | INFO     | lib.s3_dapt.dapt._run_dapt_pipeline_impl | 
############################################################
  Corpus pass 1/1
############################################################
2026-07-13T18:30:11 | INFO     | lib.s3_dapt.dapt._run_dapt_pipeline_impl | Completed corpus pass 1. Total tokens: 0.00B
2026-07-13T18:30:11 | WARNING  | lib.s3_dapt.dapt._run_dapt_pipeline_impl | Training loop exhausted without a convergence decision. Running final gate check.
2026-07-13T18:30:11 | WARNING  | dapt.checkpoint | Failed to save torch checkpoint asynchronously: Can't pickle <class 'unittest.mock.MagicMock'>: it's not the same object as unittest.mock.MagicMock
2026-07-13T18:30:11 | INFO     | dapt.eval_runner | 
==============================================================
  Starting Eval #2 | Tokens: 0.5K | Pass: 0.000x | Slow probes=False (SciBERT=False)
  Active probes: PPL=True, QA=True, Cloze=True, Concept=True
==============================================================
2026-07-13T18:30:11 | INFO     | dapt.eval_runner |   Running Probe 1 - Perplexity probe...
2026-07-13T18:30:11 | INFO     | dapt.probe.perplexity | Loading pre-tokenized PPL corpus from: C:\Users\rajav\AppData\Local\Temp\tmpshdb3lpc\ppl_validation_tokens.npy (max 0.2M tokens)
2026-07-13T18:30:11 | INFO     | dapt.probe.perplexity | PPL corpus ready: 0.00K tokens, 0 sequences
2026-07-13T18:30:11 | INFO     | dapt.probe.perplexity | Probe 1 - Perplexity probe: inf  (NLL: inf nats, tokens: 0)
2026-07-13T18:30:11 | INFO     | dapt.eval_runner |   Running Probe 2 - QA probe...
2026-07-13T18:30:11 | INFO     | dapt.probe.qa | Probe 2 - QA probe: 1.0000 (1/1)
2026-07-13T18:30:11 | INFO     | dapt.eval_runner |   Skipping Probe 3 - Cloze probe (carrying forward last metric)...
2026-07-13T18:30:11 | INFO     | dapt.eval_runner |   Skipping Probe 4 - Concept Probe (carrying forward last metric)...
2026-07-13T18:30:11 | INFO     | dapt.eval_runner | 
  Eval #2 summary:
    PPL=inf  QA=1.000  Cloze=0.000  Concept=0.000  (elapsed: 0s)

2026-07-13T18:30:11 | INFO     | dapt.gates | 
--------------------------------------------------------------
  Gate Status @ Eval #  2
--------------------------------------------------------------
  Tokens processed : 0.00B
  Corpus pass      : 0.000x

  PRIMARY GATES (both required for convergence)
  [PASS] QA Accuracy   : 1.0000  (threshold >= 0.55)
  QA history       : [1.0000]
  [FAIL] PPL Plateau   : improvements = [n/a (need >=2 evals)]  (need <2.0% for 2 consecutive)
  PPL history      : [inf]

  SECONDARY GATES (at least one required)
  [FAIL] Cloze Coverage: 0.0000  (threshold >= 0.8)
  Cloze history    : [0.0000]
  [FAIL] Concept Precision : 0.0000  (threshold >= 0.6)
  Concept history  : [0.0000]

  DECISION -> CONTINUE
--------------------------------------------------------------

2026-07-13T18:30:11 | INFO     | dapt.checkpoint | Best checkpoint selected: eval #1 (QA acc=50.0000) → C:\Users\rajav\AppData\Local\Temp\tmpshdb3lpc\out_model\dapt_eval_0001.pt
2026-07-13T18:30:11 | INFO     | dapt.training_helpers | Loading best checkpoint for final SciBERT evaluation: C:\Users\rajav\AppData\Local\Temp\tmpshdb3lpc\out_model\dapt_eval_0001.pt
2026-07-13T18:30:11 | INFO     | dapt.checkpoint | Loading checkpoint: C:\Users\rajav\AppData\Local\Temp\tmpshdb3lpc\out_model\dapt_eval_0001.pt
2026-07-13T18:30:11 | WARNING  | dapt.checkpoint | Failed to load checkpoint from C:\Users\rajav\AppData\Local\Temp\tmpshdb3lpc\out_model\dapt_eval_0001.pt (expected if dummy mock file): [Errno 2] No such file or directory: 'C:\\Users\\rajav\\AppData\\Local\\Temp\\tmpshdb3lpc\\out_model\\dapt_eval_0001.pt'
2026-07-13T18:30:11 | INFO     | dapt.eval_runner | 
==============================================================
  Starting Eval #3 | Tokens: 0.5K | Pass: 0.000x | Slow probes=True (SciBERT=True)
  Active probes: PPL=True, QA=True, Cloze=True, Concept=True
==============================================================
2026-07-13T18:30:11 | INFO     | dapt.eval_runner |   Running Probe 1 - Perplexity probe...
2026-07-13T18:30:11 | INFO     | dapt.probe.perplexity | Probe 1 - Perplexity probe: inf  (NLL: inf nats, tokens: 0)
2026-07-13T18:30:11 | INFO     | dapt.eval_runner |   Running Probe 2 - QA probe...
2026-07-13T18:30:11 | INFO     | dapt.probe.qa | Probe 2 - QA probe: 1.0000 (1/1)
2026-07-13T18:30:11 | INFO     | dapt.eval_runner |   Running Probe 3 - Cloze probe...
2026-07-13T18:30:11 | INFO     | dapt.probe.cloze | Generating completions for 115 cloze questions (greedy, batch_size=256)...
2026-07-13T18:30:11 | INFO     | dapt.probe.cloze | Probe 3 - Cloze probe: 0.0000 (0/115)
  Per-category: {'cognitive_psychology': 0.0}
  Sample missed terms: ['psychology', 'neuroscience', 'Sulcus', 'Gyri', 'Dorsal', 'Ventral', 'Rostral', 'Posterior', 'Lateral', 'Medial']
2026-07-13T18:30:11 | INFO     | dapt.eval_runner |   Running Probe 4 - Concept Probe...
2026-07-13T18:30:11 | INFO     | dapt.probe.concept | Generating 118 retrieval responses (greedy, batch_size=16)...
2026-07-13T18:30:11 | INFO     | dapt.probe.concept | Computing BERTScore with model: allenai/scibert_scivocab_uncased
2026-07-13T18:30:11 | INFO     | dapt.probe.concept | Initializing and caching BERTScorer for allenai/scibert_scivocab_uncased on cpu...
2026-07-13T18:30:13 | INFO     | dapt.probe.concept | Probe 4 - Concept Probe: 1.0000 (min=1.000, max=1.000, n=118, low-scoring=0)
2026-07-13T18:30:13 | INFO     | dapt.eval_runner | 
  Eval #3 summary:
    PPL=inf  QA=1.000  Cloze=0.000  Concept=1.000  (elapsed: 2s)

2026-07-13T18:30:13 | ERROR    | dapt.eval_runner | Failed to write failed evaluations JSON file: Object of type MagicMock is not JSON serializable
2026-07-13T18:30:13 | INFO     | dapt.probe.concept | Clearing cached BERTScorers from memory...
2026-07-13T18:30:13 | WARNING  | dapt.gates | 
!!!!!!!!!!!!!!!!!!!!!!!!!!!!!!!!!!!!!!!!!!!!!!!!!!!!!!!!!!!!
  HARD CAP reached — gates NOT fully met
  Failed gates: ['PPL plateau not reached (insufficient eval history)', 'Neither secondary gate met: cloze_cov=0.0000 (need >=0.8), concept_prec=0.0000 (need >=0.6)']
  Recommended action (Priority 3): PROCEED_WITH_RISK_FLAG
  Rationale: QA accuracy is near threshold (or QA probe is disabled), but perplexity plateau or secondary gates may not be fully cleared. Downstream phases may compensate. Action: proceed but document all metric gaps in the risk report and monitor Phase 1+ validation metrics closely.
  Risk report: logs\dapt_hard_cap_risk_report.json
!!!!!!!!!!!!!!!!!!!!!!!!!!!!!!!!!!!!!!!!!!!!!!!!!!!!!!!!!!!!

2026-07-13T18:30:13 | WARNING  | lib.s3_dapt.dapt._run_dapt_pipeline_impl | DAPT completed without convergence. Non-convergence risk report generated.
2026-07-13T18:30:13 | INFO     | lib.s3_dapt.dapt._run_dapt_pipeline_impl | 
============================================================
  DAPT Probe History Summary
============================================================
  Perplexity probe - inf, inf
  QA probe - 1.0000, 1.0000
  Cloze probe - 0.0000, 0.0000
  Concept probe - 0.0000, 1.0000
============================================================

2026-07-13T18:30:13 | INFO     | lib.utils.config | [AUTO] CPU Mode workers resolved: 1 (CPU Cores: 14, RAM: 0.8 GB)
2026-07-13T18:30:14 | INFO     | lib.utils.config | [AUTO] max_tasks_per_child resolved to 3 based on system RAM and workers
2026-07-13T18:30:14 | INFO     | lib.utils.config | [AUTO] docling_num_threads resolved to 14 (CPU Cores: 14, Total Workers: 1)
2026-07-13T18:30:14 | INFO     | lib.s3_dapt.dapt._run_dapt_pipeline_impl | 
============================================================
  DAPT Step 0.3 Configuration
============================================================
  Model           : dummy-model
  Corpus tokens   : 4000.0K
  Max passes      : 1
  Hard stop       : 4000.0K tokens
  Eval interval   : 4000K tokens
  Slow eval int   : 4000K tokens
  Probe 1 - Perplexity gate: < 2.0% for 2 consecutive evals (Enabled: True)
  Probe 2 - QA gate        : >= 55% (Enabled: True)
  Probe 3 - Cloze gate     : >= 80% (Enabled: True)
  Probe 4 - Concept gate   : >= 60% (Enabled: True)
  RAD Embedding   : biolinkbert
  RAD Mode        : hybrid
  RAD Top-K       : 7
  RAD Threshold   : 0.65
  Checkpoint dir  : C:\Users\rajav\AppData\Local\Temp\tmp6vkd9h61\out_model
  Log dir         : logs
============================================================

2026-07-13T18:30:14 | INFO     | lib.s3_dapt.dapt._run_dapt_pipeline_impl | Using device: cpu
2026-07-13T18:30:14 | ERROR    | dapt.training_helpers | Required evaluation files are missing:
Probe 1 - Perplexity probe corpus file not found: C:\Users\rajav\AppData\Local\Temp\tmp6vkd9h61\missing_ppl.txt
2026-07-13T18:30:14 | INFO     | lib.utils.config | [AUTO] CPU Mode workers resolved: 1 (CPU Cores: 14, RAM: 0.8 GB)
2026-07-13T18:30:14 | INFO     | lib.utils.config | [AUTO] max_tasks_per_child resolved to 3 based on system RAM and workers
2026-07-13T18:30:14 | INFO     | lib.utils.config | [AUTO] docling_num_threads resolved to 14 (CPU Cores: 14, Total Workers: 1)
2026-07-13T18:30:14 | INFO     | lib.s2_pretokenize.pretokenize.run_pretokenization | Starting pre-tokenization of C:\Users\rajav\AppData\Local\Temp\tmpc9sekwlo\corpus.jsonl
2026-07-13T18:30:14 | INFO     | lib.s2_pretokenize.pretokenize.run_pretokenization | Base model tokenizer: dummy-model
2026-07-13T18:30:14 | INFO     | lib.s2_pretokenize.pretokenize.run_pretokenization | Output bin path: C:\Users\rajav\AppData\Local\Temp\tmpc9sekwlo\train_tokens.npy
2026-07-13T18:30:14 | INFO     | lib.s2_pretokenize.pretokenize.run_pretokenization | Validation ppl corpus path: C:\Users\rajav\AppData\Local\Temp\tmpc9sekwlo\ppl_validation_tokens.npy
2026-07-13T18:30:14 | INFO     | lib.s2_pretokenize.pretokenize.run_pretokenization | Corpus split: 1 training docs, 2 validation docs.
2026-07-13T18:30:14 | INFO     | lib.s2_pretokenize.pretokenize.run_pretokenization | Successfully tokenized and wrote 2 validation documents (4 tokens) to C:\Users\rajav\AppData\Local\Temp\tmpc9sekwlo\ppl_validation_tokens.npy
2026-07-13T18:30:14 | INFO     | lib.s2_pretokenize.pretokenize.run_pretokenization | Successfully saved 2 training tokens to C:\Users\rajav\AppData\Local\Temp\tmpc9sekwlo\train_tokens.npy
2026-07-13T18:30:14 | INFO     | dapt.probe.qa | Probe 2 - QA probe: 1.0000 (1/1)
2026-07-13T18:30:14 | INFO     | dapt.probe.cloze | Generating completions for 2 cloze questions (greedy, batch_size=16)...
2026-07-13T18:30:14 | INFO     | dapt.probe.cloze | Probe 3 - Cloze probe: 0.0000 (0/2)
  Per-category: {'cat1': 0.0, 'cat2': 0.0}
  Sample missed terms: ['Dopamine', 'blank']
2026-07-13T18:30:14 | INFO     | dapt.probe.concept | Generating 2 retrieval responses (greedy, batch_size=16)...
2026-07-13T18:30:14 | INFO     | dapt.probe.concept | Computing fast lexical F1 overlap scores...
2026-07-13T18:30:14 | INFO     | dapt.probe.concept | Probe 4 - Concept Probe: 0.0000 (min=0.000, max=0.000, n=2, low-scoring=2)
2026-07-13T18:30:14 | INFO     | lib.utils.config | [AUTO] CPU Mode workers resolved: 1 (CPU Cores: 14, RAM: 0.8 GB)
2026-07-13T18:30:14 | INFO     | lib.utils.config | [AUTO] max_tasks_per_child resolved to 3 based on system RAM and workers
2026-07-13T18:30:14 | INFO     | lib.utils.config | [AUTO] docling_num_threads resolved to 14 (CPU Cores: 14, Total Workers: 1)
2026-07-13T18:30:14 | INFO     | lib.s3_dapt.dapt._run_dapt_pipeline_impl | 
============================================================
  DAPT Step 0.3 Configuration
============================================================
  Model           : dummy-model
  Corpus tokens   : 4000.0K
  Max passes      : 1
  Hard stop       : 4000.0K tokens
  Eval interval   : 4000K tokens
  Slow eval int   : 4000K tokens
  Probe 1 - Perplexity gate: < 2.0% for 2 consecutive evals (Enabled: False)
  Probe 2 - QA gate        : >= 55% (Enabled: True)
  Probe 3 - Cloze gate     : >= 80% (Enabled: False)
  Probe 4 - Concept gate   : >= 60% (Enabled: False)
  RAD Embedding   : biolinkbert
  RAD Mode        : hybrid
  RAD Top-K       : 7
  RAD Threshold   : 0.65
  Checkpoint dir  : C:\Users\rajav\AppData\Local\Temp\tmpvbxdlx65\out_model
  Log dir         : logs
============================================================

2026-07-13T18:30:14 | INFO     | lib.s3_dapt.dapt._run_dapt_pipeline_impl | Using device: cpu
2026-07-13T18:30:14 | INFO     | lib.s3_dapt.dapt._run_dapt_pipeline_impl | Loading memory-mapped training tokens from C:\Users\rajav\AppData\Local\Temp\tmpvbxdlx65\train_tokens.npy
2026-07-13T18:30:14 | INFO     | lib.s3_dapt.dapt._run_dapt_pipeline_impl | Loaded 1 training blocks of size 512.
2026-07-13T18:30:14 | INFO     | dapt.training_helpers | Using Adafactor optimizer for CPU training.
2026-07-13T18:30:14 | INFO     | lib.s3_dapt.dapt._run_dapt_pipeline_impl | Running baseline evaluation on the base model...
2026-07-13T18:30:14 | INFO     | lib.s3_dapt.dapt._run_dapt_pipeline_impl | Starting pretraining loop...
2026-07-13T18:30:14 | INFO     | lib.s3_dapt.dapt._run_dapt_pipeline_impl | 
############################################################
  Corpus pass 1/1
############################################################
2026-07-13T18:30:14 | INFO     | lib.s3_dapt.dapt._run_dapt_pipeline_impl | Completed corpus pass 1. Total tokens: 0.00B
2026-07-13T18:30:14 | WARNING  | lib.s3_dapt.dapt._run_dapt_pipeline_impl | Training loop exhausted without a convergence decision. Running final gate check.
2026-07-13T18:30:14 | WARNING  | dapt.checkpoint | Failed to save torch checkpoint asynchronously: Can't pickle <class 'unittest.mock.MagicMock'>: it's not the same object as unittest.mock.MagicMock
2026-07-13T18:30:14 | INFO     | dapt.eval_runner | 
==============================================================
  Starting Eval #2 | Tokens: 0.5K | Pass: 0.000x | Slow probes=False (SciBERT=False)
  Active probes: PPL=False, QA=True, Cloze=False, Concept=False
==============================================================
2026-07-13T18:30:14 | INFO     | dapt.eval_runner |   Skipping Probe 1 - Perplexity probe (disabled)...
2026-07-13T18:30:14 | INFO     | dapt.eval_runner |   Running Probe 2 - QA probe...
2026-07-13T18:30:14 | INFO     | dapt.probe.qa | Probe 2 - QA probe: 1.0000 (1/1)
2026-07-13T18:30:14 | INFO     | dapt.eval_runner |   Skipping Probe 3 - Cloze probe (disabled)...
2026-07-13T18:30:14 | INFO     | dapt.eval_runner |   Skipping Probe 4 - Concept Probe (disabled)...
2026-07-13T18:30:14 | INFO     | dapt.eval_runner | 
  Eval #2 summary:
    PPL=0.000  QA=1.000  Cloze=0.000  Concept=0.000  (elapsed: 0s)

2026-07-13T18:30:14 | INFO     | dapt.gates | 
--------------------------------------------------------------
  Gate Status @ Eval #  2
--------------------------------------------------------------
  Tokens processed : 0.00B
  Corpus pass      : 0.000x

  PRIMARY GATES (both required for convergence)
  [PASS] QA Accuracy   : 1.0000  (threshold >= 0.55)
  QA history       : [1.0000]
  [PASS] PPL Plateau   : improvements = [n/a (need >=2 evals)]  (need <2.0% for 2 consecutive)
  PPL history      : []

  SECONDARY GATES (at least one required)
  [SKIP] Cloze Coverage: 0.0000  (threshold >= 0.8)
  Cloze history    : [n/a]
  [SKIP] Concept Precision : 0.0000  (threshold >= 0.6)
  Concept history  : [n/a]

  DECISION -> CONVERGED
--------------------------------------------------------------

2026-07-13T18:30:14 | INFO     | dapt.checkpoint | Best checkpoint selected: eval #1 (QA acc=50.0000) → C:\Users\rajav\AppData\Local\Temp\tmpvbxdlx65\out_model\dapt_eval_0001.pt
2026-07-13T18:30:14 | INFO     | dapt.training_helpers | Loading best checkpoint for final SciBERT evaluation: C:\Users\rajav\AppData\Local\Temp\tmpvbxdlx65\out_model\dapt_eval_0001.pt
2026-07-13T18:30:14 | INFO     | dapt.checkpoint | Loading checkpoint: C:\Users\rajav\AppData\Local\Temp\tmpvbxdlx65\out_model\dapt_eval_0001.pt
2026-07-13T18:30:14 | WARNING  | dapt.checkpoint | Failed to load checkpoint from C:\Users\rajav\AppData\Local\Temp\tmpvbxdlx65\out_model\dapt_eval_0001.pt (expected if dummy mock file): [Errno 2] No such file or directory: 'C:\\Users\\rajav\\AppData\\Local\\Temp\\tmpvbxdlx65\\out_model\\dapt_eval_0001.pt'
2026-07-13T18:30:14 | INFO     | dapt.eval_runner | 
==============================================================
  Starting Eval #3 | Tokens: 0.5K | Pass: 0.000x | Slow probes=True (SciBERT=True)
  Active probes: PPL=False, QA=True, Cloze=False, Concept=False
==============================================================
2026-07-13T18:30:14 | INFO     | dapt.eval_runner |   Skipping Probe 1 - Perplexity probe (disabled)...
2026-07-13T18:30:14 | INFO     | dapt.eval_runner |   Running Probe 2 - QA probe...
2026-07-13T18:30:14 | INFO     | dapt.probe.qa | Probe 2 - QA probe: 1.0000 (1/1)
2026-07-13T18:30:14 | INFO     | dapt.eval_runner |   Skipping Probe 3 - Cloze probe (disabled)...
2026-07-13T18:30:14 | INFO     | dapt.eval_runner |   Skipping Probe 4 - Concept Probe (disabled)...
2026-07-13T18:30:14 | INFO     | dapt.eval_runner | 
  Eval #3 summary:
    PPL=0.000  QA=1.000  Cloze=0.000  Concept=0.000  (elapsed: 0s)

2026-07-13T18:30:14 | INFO     | dapt.eval_runner | Failed evaluations automatically saved to logs\failed_evals.json
2026-07-13T18:30:14 | INFO     | lib.s3_dapt.dapt._run_dapt_pipeline_impl | DAPT training finished. Selected best checkpoint: C:\Users\rajav\AppData\Local\Temp\tmpvbxdlx65\out_model\dapt_eval_0001.pt
2026-07-13T18:30:14 | INFO     | lib.s3_dapt.dapt._run_dapt_pipeline_impl | 
============================================================
  DAPT Probe History Summary
============================================================
  Perplexity probe - n/a
  QA probe - 1.0000, 1.0000
  Cloze probe - n/a
  Concept probe - n/a
============================================================

2026-07-13T18:30:14 | INFO     | dapt.checkpoint | Best checkpoint selected: eval #2 (Cloze cov=0.9000) → C:\Users\rajav\AppData\Local\Temp\tmp8n_ys2un\dapt_eval_0002.pt
2026-07-13T18:30:14 | INFO     | lib.utils.config | [AUTO] CPU Mode workers resolved: 1 (CPU Cores: 14, RAM: 0.8 GB)
2026-07-13T18:30:14 | INFO     | lib.utils.config | [AUTO] max_tasks_per_child resolved to 3 based on system RAM and workers
2026-07-13T18:30:14 | INFO     | lib.utils.config | [AUTO] docling_num_threads resolved to 14 (CPU Cores: 14, Total Workers: 1)
2026-07-13T18:30:14 | INFO     | dapt.eval_runner | Loading final model from C:\Users\rajav\AppData\Local\Temp\tmptbob94wi\checkpoint for final inference and failure logging...
2026-07-13T18:30:14 | INFO     | dapt.eval_runner | Running QA probe to collect failed samples...
2026-07-13T18:30:14 | INFO     | dapt.eval_runner | QA Probe: 1 failures found.
2026-07-13T18:30:14 | WARNING  | dapt.eval_runner | QA Failure #1 [Cluster: cat2]:
  Question: Q2
  Expected: B (index 1)
  Predicted: A (index 0)
2026-07-13T18:30:14 | INFO     | dapt.eval_runner | Running Cloze probe to collect failed samples...
2026-07-13T18:30:14 | INFO     | dapt.eval_runner | Cloze Probe: 1 failures found.
2026-07-13T18:30:14 | WARNING  | dapt.eval_runner | Cloze Failure #1 [Category: cat1]:
  Prompt: ___ is cool.
  Target Term: Term1
  Completions: ['completions']
2026-07-13T18:30:14 | INFO     | dapt.eval_runner | Running Concept probe to collect failed samples...
2026-07-13T18:30:14 | INFO     | dapt.eval_runner | Concept Probe: 1 failures found.
2026-07-13T18:30:14 | WARNING  | dapt.eval_runner | Concept Failure #1 [F1 Score: 0.3500]:
  Prompt: Prompt1
  Reference: Ref1
  Generated: Gen1
2026-07-13T18:30:14 | INFO     | dapt.eval_runner | Detailed failed evaluations saved to C:\Users\rajav\AppData\Local\Temp\tmptbob94wi\logs\failed_evals.json
2026-07-13T18:30:14 | INFO     | dapt.probe.concept | Generating 1 retrieval responses (greedy, batch_size=16)...
2026-07-13T18:30:14 | INFO     | dapt.probe.concept | Computing fast lexical F1 overlap scores...
2026-07-13T18:30:14 | INFO     | dapt.probe.concept | Probe 4 - Concept Probe: 0.0000 (min=0.000, max=0.000, n=1, low-scoring=1)
2026-07-13T18:30:14 | INFO     | dapt.probe.concept | Monkeypatching build_inputs_with_special_tokens onto DummyTokenizerWithoutSpecialTokens
2026-07-13T18:30:14 | INFO     | lib.utils.config | [AUTO] CPU Mode workers resolved: 1 (CPU Cores: 14, RAM: 0.9 GB)
2026-07-13T18:30:14 | INFO     | lib.utils.config | [AUTO] max_tasks_per_child resolved to 3 based on system RAM and workers
2026-07-13T18:30:14 | INFO     | lib.utils.config | [AUTO] docling_num_threads resolved to 14 (CPU Cores: 14, Total Workers: 1)
2026-07-13T18:30:14 | INFO     | lib.s4_rad_prep.indexer | Embedding 2 chunks with batch size 2
2026-07-13T18:30:14 | INFO     | lib.s4_rad_prep.indexer | Building FAISS IndexFlatIP with dimension 3
2026-07-13T18:30:14 | INFO     | lib.s4_rad_prep.indexer | Saving FAISS index to C:\Users\rajav\AppData\Local\Temp\tmprc8je27a\index\index.faiss
2026-07-13T18:30:14 | INFO     | lib.s4_rad_prep.indexer | Saving chunk metadata to C:\Users\rajav\AppData\Local\Temp\tmprc8je27a\index\chunks_metadata.jsonl
2026-07-13T18:30:14 | INFO     | lib.s4_rad_prep.indexer | Saving manifest to C:\Users\rajav\AppData\Local\Temp\tmprc8je27a\index\index_manifest.json
2026-07-13T18:30:14 | INFO     | lib.s4_rad_prep.indexer | Indexing complete.
2026-07-13T18:30:14 | INFO     | lib.utils.config | [AUTO] CPU Mode workers resolved: 1 (CPU Cores: 14, RAM: 0.9 GB)
2026-07-13T18:30:14 | INFO     | lib.utils.config | [AUTO] max_tasks_per_child resolved to 3 based on system RAM and workers
2026-07-13T18:30:14 | INFO     | lib.utils.config | [AUTO] docling_num_threads resolved to 14 (CPU Cores: 14, Total Workers: 1)
2026-07-13T18:30:14 | INFO     | lib.s4_rad_prep.retriever | Loading chunks from C:\Users\rajav\AppData\Local\Temp\tmp5rq2xo1d\chunks.jsonl
2026-07-13T18:30:14 | INFO     | lib.s4_rad_prep.retriever | Loading FAISS index from C:\Users\rajav\AppData\Local\Temp\tmp5rq2xo1d\index\index.faiss
2026-07-13T18:30:14 | INFO     | lib.utils.config | [AUTO] CPU Mode workers resolved: 1 (CPU Cores: 14, RAM: 0.8 GB)
2026-07-13T18:30:14 | INFO     | lib.utils.config | [AUTO] max_tasks_per_child resolved to 3 based on system RAM and workers
2026-07-13T18:30:14 | INFO     | lib.utils.config | [AUTO] docling_num_threads resolved to 14 (CPU Cores: 14, Total Workers: 1)
2026-07-13T18:30:14 | INFO     | lib.s4_rad_prep.retriever | Loading chunks from C:\Users\rajav\AppData\Local\Temp\tmplf22r3zu\chunks.jsonl
2026-07-13T18:30:14 | INFO     | lib.s4_rad_prep.retriever | Loading FAISS index from C:\Users\rajav\AppData\Local\Temp\tmplf22r3zu\index\index.faiss
2026-07-13T18:30:14 | INFO     | lib.utils.config | [AUTO] CPU Mode workers resolved: 1 (CPU Cores: 14, RAM: 0.8 GB)
2026-07-13T18:30:14 | INFO     | lib.utils.config | [AUTO] max_tasks_per_child resolved to 3 based on system RAM and workers
2026-07-13T18:30:14 | INFO     | lib.utils.config | [AUTO] docling_num_threads resolved to 14 (CPU Cores: 14, Total Workers: 1)
2026-07-13T18:30:14 | INFO     | lib.utils.config | [AUTO] CPU Mode workers resolved: 1 (CPU Cores: 14, RAM: 0.8 GB)
2026-07-13T18:30:14 | INFO     | lib.utils.config | [AUTO] max_tasks_per_child resolved to 3 based on system RAM and workers
2026-07-13T18:30:14 | INFO     | lib.utils.config | [AUTO] docling_num_threads resolved to 14 (CPU Cores: 14, Total Workers: 1)
2026-07-13T18:30:14 | INFO     | lib.s4_rad_prep.retriever | Loading chunks from C:\Users\rajav\AppData\Local\Temp\tmpotnb5wsb\chunks.jsonl
2026-07-13T18:30:14 | INFO     | lib.s4_rad_prep.retriever | Loading FAISS index from C:\Users\rajav\AppData\Local\Temp\tmpotnb5wsb\index\index.faiss
2026-07-13T18:30:14 | INFO     | lib.s4_rad_prep.retriever | Initializing BM25: tokenizing chunks (this may take a few moments for large corpora)
2026-07-13T18:30:14 | INFO     | lib.s4_rad_prep.retriever | Saving tokenized corpus cache to C:\Users\rajav\AppData\Local\Temp\tmpotnb5wsb\index\bm25_tokenized_corpus.json
2026-07-13T18:30:14 | INFO     | lib.utils.config | [AUTO] CPU Mode workers resolved: 1 (CPU Cores: 14, RAM: 0.8 GB)
2026-07-13T18:30:14 | INFO     | lib.utils.config | [AUTO] max_tasks_per_child resolved to 3 based on system RAM and workers
2026-07-13T18:30:14 | INFO     | lib.utils.config | [AUTO] docling_num_threads resolved to 14 (CPU Cores: 14, Total Workers: 1)
2026-07-13T18:30:14 | INFO     | lib.utils.config | [AUTO] CPU Mode workers resolved: 1 (CPU Cores: 14, RAM: 0.8 GB)
2026-07-13T18:30:14 | INFO     | lib.utils.config | [AUTO] max_tasks_per_child resolved to 3 based on system RAM and workers
2026-07-13T18:30:14 | INFO     | lib.utils.config | [AUTO] docling_num_threads resolved to 14 (CPU Cores: 14, Total Workers: 1)
2026-07-13T18:30:14 | INFO     | lib.utils.config | [AUTO] CPU Mode workers resolved: 1 (CPU Cores: 14, RAM: 0.8 GB)
2026-07-13T18:30:14 | INFO     | lib.utils.config | [AUTO] max_tasks_per_child resolved to 3 based on system RAM and workers
2026-07-13T18:30:14 | INFO     | lib.utils.config | [AUTO] docling_num_threads resolved to 14 (CPU Cores: 14, Total Workers: 1)
2026-07-13T18:30:14 | INFO     | lib.s4_rad_prep.trace_generator | Generating teacher traces for 3 prompts in batches of 2
2026-07-13T18:30:14 | INFO     | lib.s4_rad_prep.trace_generator | Writing and filtering generated traces
2026-07-13T18:30:14 | INFO     | lib.utils.config | [AUTO] CPU Mode workers resolved: 1 (CPU Cores: 14, RAM: 0.8 GB)
2026-07-13T18:30:14 | INFO     | lib.utils.config | [AUTO] max_tasks_per_child resolved to 3 based on system RAM and workers
2026-07-13T18:30:14 | INFO     | lib.utils.config | [AUTO] docling_num_threads resolved to 14 (CPU Cores: 14, Total Workers: 1)
2026-07-13T18:30:14 | INFO     | lib.s4_rad_prep.rad_prep | Starting RAD Prep Pipeline in mode: full
2026-07-13T18:30:14 | INFO     | lib.s4_rad_prep.rad_prep | Chunking and indexing retrieval corpus...
2026-07-13T18:30:14 | INFO     | lib.s4_rad_prep.chunker | Loading tokenizer from model: HuggingFaceTB/SmolLM2-135M
2026-07-13T18:30:14 | INFO     | lib.s4_rad_prep.chunker | Processing corpus from C:\Users\rajav\AppData\Local\Temp\tmp2o4h0kkb\retrieval_corpus.jsonl
2026-07-13T18:30:14 | INFO     | lib.s4_rad_prep.chunker | Successfully chunked corpus: generated 3 chunks and saved to C:\Users\rajav\AppData\Local\Temp\tmp2o4h0kkb\chunks.jsonl
2026-07-13T18:30:14 | INFO     | lib.s4_rad_prep.indexer | Embedding 3 chunks with batch size 2
2026-07-13T18:30:14 | INFO     | lib.s4_rad_prep.indexer | Building FAISS IndexFlatIP with dimension 4
2026-07-13T18:30:14 | INFO     | lib.s4_rad_prep.indexer | Saving FAISS index to C:\Users\rajav\AppData\Local\Temp\tmp2o4h0kkb\index\index.faiss
2026-07-13T18:30:14 | INFO     | lib.s4_rad_prep.indexer | Saving chunk metadata to C:\Users\rajav\AppData\Local\Temp\tmp2o4h0kkb\index\chunks_metadata.jsonl
2026-07-13T18:30:14 | INFO     | lib.s4_rad_prep.indexer | Saving manifest to C:\Users\rajav\AppData\Local\Temp\tmp2o4h0kkb\index\index_manifest.json
2026-07-13T18:30:14 | INFO     | lib.s4_rad_prep.indexer | Indexing complete.
2026-07-13T18:30:14 | INFO     | lib.s4_rad_prep.rad_prep | Generating grounded teacher traces...
2026-07-13T18:30:14 | INFO     | lib.s4_rad_prep.retriever | Loading chunks from C:\Users\rajav\AppData\Local\Temp\tmp2o4h0kkb\chunks.jsonl
2026-07-13T18:30:14 | INFO     | lib.s4_rad_prep.retriever | Loading FAISS index from C:\Users\rajav\AppData\Local\Temp\tmp2o4h0kkb\index\index.faiss
2026-07-13T18:30:14 | INFO     | lib.s4_rad_prep.retriever | Initializing BM25: tokenizing chunks (this may take a few moments for large corpora)
2026-07-13T18:30:14 | INFO     | lib.s4_rad_prep.retriever | Saving tokenized corpus cache to C:\Users\rajav\AppData\Local\Temp\tmp2o4h0kkb\index\bm25_tokenized_corpus.json
2026-07-13T18:30:14 | INFO     | lib.s4_rad_prep.rad_prep | Retrieving context for 2 samples using mode hybrid
2026-07-13T18:30:14 | INFO     | lib.s4_rad_prep.trace_generator | Generating teacher traces for 2 prompts in batches of 2
2026-07-13T18:30:14 | INFO     | lib.s4_rad_prep.trace_generator | Writing and filtering generated traces
2026-07-13T18:30:14 | INFO     | lib.s4_rad_prep.rad_prep | Writing phase manifest to C:\Users\rajav\AppData\Local\Temp\tmp2o4h0kkb\logs\rad_prep\phase_manifest.json
2026-07-13T18:30:14 | INFO     | lib.s4_rad_prep.rad_prep | RAD Prep pipeline completed trace generation. Status: complete
2026-07-13T18:30:14 | INFO     | lib.utils.config | [AUTO] CPU Mode workers resolved: 1 (CPU Cores: 14, RAM: 0.8 GB)
2026-07-13T18:30:14 | INFO     | lib.utils.config | [AUTO] max_tasks_per_child resolved to 3 based on system RAM and workers
2026-07-13T18:30:14 | INFO     | lib.utils.config | [AUTO] docling_num_threads resolved to 14 (CPU Cores: 14, Total Workers: 1)
2026-07-13T18:30:15 | INFO     | lib.s4_rad_prep.trace_generator | Initializing AWS Bedrock Runtime client in region ap-south-1
2026-07-13T18:30:15 | INFO     | lib.s4_rad_prep.trace_generator | Sending 1 concurrent Bedrock requests with 1 workers
2026-07-13T18:30:15 | INFO     | lib.utils.config | [AUTO] CPU Mode workers resolved: 1 (CPU Cores: 14, RAM: 0.8 GB)
2026-07-13T18:30:15 | INFO     | lib.utils.config | [AUTO] max_tasks_per_child resolved to 3 based on system RAM and workers
2026-07-13T18:30:15 | INFO     | lib.utils.config | [AUTO] docling_num_threads resolved to 14 (CPU Cores: 14, Total Workers: 1)
2026-07-13T18:30:15 | INFO     | lib.s6_teacher_benchmarking.eval_sampler | Loading clustering splits from C:\Users\rajav\AppData\Local\Temp\tmpr7dx4x5f\splits.json...
2026-07-13T18:30:15 | INFO     | lib.s6_teacher_benchmarking.eval_sampler | Loading traces from C:\Users\rajav\AppData\Local\Temp\tmpr7dx4x5f\traces\grounded_traces.jsonl for evaluation sampler...
2026-07-13T18:30:15 | INFO     | lib.s6_teacher_benchmarking.eval_sampler | Loading traces from C:\Users\rajav\AppData\Local\Temp\tmpr7dx4x5f\traces\no_retrieval_traces.jsonl for evaluation sampler...
2026-07-13T18:30:15 | INFO     | lib.s6_teacher_benchmarking.eval_sampler | Prepared 2 eval samples for cluster cluster_000.
2026-07-13T18:30:15 | INFO     | lib.s6_teacher_benchmarking.eval_sampler | Prepared 2 eval samples for cluster cluster_001.
2026-07-13T18:30:15 | INFO     | lib.utils.config | [AUTO] CPU Mode workers resolved: 1 (CPU Cores: 14, RAM: 0.8 GB)
2026-07-13T18:30:15 | INFO     | lib.utils.config | [AUTO] max_tasks_per_child resolved to 3 based on system RAM and workers
2026-07-13T18:30:15 | INFO     | lib.utils.config | [AUTO] docling_num_threads resolved to 14 (CPU Cores: 14, Total Workers: 1)
2026-07-13T18:30:15 | INFO     | lib.s6_teacher_benchmarking.eval_sampler | Loading clustering splits from C:\Users\rajav\AppData\Local\Temp\tmpzvdue181\splits.json...
2026-07-13T18:30:15 | INFO     | lib.s6_teacher_benchmarking.eval_sampler | Loading traces from C:\Users\rajav\AppData\Local\Temp\tmpzvdue181\traces\grounded_traces.jsonl for evaluation sampler...
2026-07-13T18:30:15 | WARNING  | lib.s6_teacher_benchmarking.eval_sampler | Trace file not found: C:\Users\rajav\AppData\Local\Temp\tmpzvdue181\traces\no_retrieval_traces.jsonl
2026-07-13T18:30:15 | WARNING  | lib.s6_teacher_benchmarking.eval_sampler | Cluster cluster_000: Missed 1 trace records for validation doc IDs.
2026-07-13T18:30:15 | WARNING  | lib.s6_teacher_benchmarking.eval_sampler | Cluster cluster_000 has only 1 eval samples, which is below min_eval_samples=2.
2026-07-13T18:30:15 | INFO     | lib.s6_teacher_benchmarking.eval_sampler | Prepared 1 eval samples for cluster cluster_000.
2026-07-13T18:30:15 | WARNING  | lib.s6_teacher_benchmarking.eval_sampler | Cluster cluster_001: Missed 2 trace records for validation doc IDs.
2026-07-13T18:30:15 | WARNING  | lib.s6_teacher_benchmarking.eval_sampler | Cluster cluster_001 has only 0 eval samples, which is below min_eval_samples=2.
2026-07-13T18:30:15 | INFO     | lib.s6_teacher_benchmarking.eval_sampler | Prepared 0 eval samples for cluster cluster_001.
2026-07-13T18:30:16 | INFO     | lib.utils.config | [AUTO] CPU Mode workers resolved: 1 (CPU Cores: 14, RAM: 0.8 GB)
2026-07-13T18:30:16 | INFO     | lib.utils.config | [AUTO] max_tasks_per_child resolved to 3 based on system RAM and workers
2026-07-13T18:30:16 | INFO     | lib.utils.config | [AUTO] docling_num_threads resolved to 14 (CPU Cores: 14, Total Workers: 1)
2026-07-13T18:30:16 | INFO     | lib.s6_teacher_benchmarking.eval_sampler | Loading clustering splits from C:\Users\rajav\AppData\Local\Temp\tmp45jrhrw1\splits.json...
2026-07-13T18:30:16 | INFO     | lib.s6_teacher_benchmarking.eval_sampler | Loading traces from C:\Users\rajav\AppData\Local\Temp\tmp45jrhrw1\traces\grounded_traces.jsonl for evaluation sampler...
2026-07-13T18:30:16 | INFO     | lib.s6_teacher_benchmarking.eval_sampler | Loading traces from C:\Users\rajav\AppData\Local\Temp\tmp45jrhrw1\traces\no_retrieval_traces.jsonl for evaluation sampler...
2026-07-13T18:30:16 | WARNING  | lib.s6_teacher_benchmarking.eval_sampler | Cluster cluster_000 has only 2 eval samples, which is below min_eval_samples=10.
2026-07-13T18:30:16 | INFO     | lib.s6_teacher_benchmarking.eval_sampler | Prepared 2 eval samples for cluster cluster_000.
2026-07-13T18:30:16 | WARNING  | lib.s6_teacher_benchmarking.eval_sampler | Cluster cluster_001 has only 2 eval samples, which is below min_eval_samples=10.
2026-07-13T18:30:16 | INFO     | lib.s6_teacher_benchmarking.eval_sampler | Prepared 2 eval samples for cluster cluster_001.
2026-07-13T18:30:16 | INFO     | lib.utils.config | [AUTO] CPU Mode workers resolved: 1 (CPU Cores: 14, RAM: 0.8 GB)
2026-07-13T18:30:16 | INFO     | lib.utils.config | [AUTO] max_tasks_per_child resolved to 3 based on system RAM and workers
2026-07-13T18:30:16 | INFO     | lib.utils.config | [AUTO] docling_num_threads resolved to 14 (CPU Cores: 14, Total Workers: 1)
2026-07-13T18:30:16 | INFO     | lib.utils.config | [AUTO] CPU Mode workers resolved: 1 (CPU Cores: 14, RAM: 0.8 GB)
2026-07-13T18:30:16 | INFO     | lib.utils.config | [AUTO] max_tasks_per_child resolved to 3 based on system RAM and workers
2026-07-13T18:30:16 | INFO     | lib.utils.config | [AUTO] docling_num_threads resolved to 14 (CPU Cores: 14, Total Workers: 1)
2026-07-13T18:30:16 | WARNING  | lib.s6_teacher_benchmarking.reasoning_judge | Judge parse failed on first attempt for sample doc_1. Retrying...
2026-07-13T18:30:16 | INFO     | lib.utils.config | [AUTO] CPU Mode workers resolved: 1 (CPU Cores: 14, RAM: 0.8 GB)
2026-07-13T18:30:16 | INFO     | lib.utils.config | [AUTO] max_tasks_per_child resolved to 3 based on system RAM and workers
2026-07-13T18:30:16 | INFO     | lib.utils.config | [AUTO] docling_num_threads resolved to 14 (CPU Cores: 14, Total Workers: 1)
2026-07-13T18:30:16 | INFO     | lib.utils.config | [AUTO] CPU Mode workers resolved: 1 (CPU Cores: 14, RAM: 0.8 GB)
2026-07-13T18:30:16 | INFO     | lib.utils.config | [AUTO] max_tasks_per_child resolved to 3 based on system RAM and workers
2026-07-13T18:30:16 | INFO     | lib.utils.config | [AUTO] docling_num_threads resolved to 14 (CPU Cores: 14, Total Workers: 1)
2026-07-13T18:30:16 | INFO     | lib.s6_teacher_benchmarking.hallucination_detector | Loaded 86 terms for invented terminology vocabulary check.
2026-07-13T18:30:16 | INFO     | lib.s6_teacher_benchmarking.hallucination_detector | Loading NLI cross-encoder model: mock-nli
2026-07-13T18:30:16 | INFO     | lib.utils.config | [AUTO] CPU Mode workers resolved: 1 (CPU Cores: 14, RAM: 0.8 GB)
2026-07-13T18:30:16 | INFO     | lib.utils.config | [AUTO] max_tasks_per_child resolved to 3 based on system RAM and workers
2026-07-13T18:30:16 | INFO     | lib.utils.config | [AUTO] docling_num_threads resolved to 14 (CPU Cores: 14, Total Workers: 1)
2026-07-13T18:30:16 | INFO     | lib.s6_teacher_benchmarking.hallucination_detector | Loaded 86 terms for invented terminology vocabulary check.
2026-07-13T18:30:16 | INFO     | lib.utils.config | [AUTO] CPU Mode workers resolved: 1 (CPU Cores: 14, RAM: 0.8 GB)
2026-07-13T18:30:16 | INFO     | lib.utils.config | [AUTO] max_tasks_per_child resolved to 3 based on system RAM and workers
2026-07-13T18:30:16 | INFO     | lib.utils.config | [AUTO] docling_num_threads resolved to 14 (CPU Cores: 14, Total Workers: 1)
2026-07-13T18:30:16 | INFO     | lib.s6_teacher_benchmarking.hallucination_detector | Loaded 86 terms for invented terminology vocabulary check.
2026-07-13T18:30:16 | INFO     | lib.s6_teacher_benchmarking.hallucination_detector | Loading NLI cross-encoder model: mock-nli
2026-07-13T18:30:16 | INFO     | lib.utils.config | [AUTO] CPU Mode workers resolved: 1 (CPU Cores: 14, RAM: 0.8 GB)
2026-07-13T18:30:16 | INFO     | lib.utils.config | [AUTO] max_tasks_per_child resolved to 3 based on system RAM and workers
2026-07-13T18:30:16 | INFO     | lib.utils.config | [AUTO] docling_num_threads resolved to 14 (CPU Cores: 14, Total Workers: 1)
2026-07-13T18:30:16 | INFO     | lib.s6_teacher_benchmarking.eval_sampler | Loading clustering splits from C:\Users\rajav\AppData\Local\Temp\tmpjsic6jtn\splits.json...
2026-07-13T18:30:16 | INFO     | lib.s6_teacher_benchmarking.eval_sampler | Loading traces from C:\Users\rajav\AppData\Local\Temp\tmpjsic6jtn\traces\grounded_traces.jsonl for evaluation sampler...
2026-07-13T18:30:16 | INFO     | lib.s6_teacher_benchmarking.eval_sampler | Loading traces from C:\Users\rajav\AppData\Local\Temp\tmpjsic6jtn\traces\no_retrieval_traces.jsonl for evaluation sampler...
2026-07-13T18:30:16 | INFO     | lib.s6_teacher_benchmarking.eval_sampler | Prepared 2 eval samples for cluster cluster_000.
2026-07-13T18:30:16 | INFO     | lib.s6_teacher_benchmarking.eval_sampler | Prepared 2 eval samples for cluster cluster_001.
2026-07-13T18:30:16 | INFO     | lib.s6_teacher_benchmarking.benchmark_runner | Initializing scorers...
2026-07-13T18:30:16 | INFO     | lib.s6_teacher_benchmarking.hallucination_detector | Loaded 86 terms for invented terminology vocabulary check.
2026-07-13T18:30:16 | INFO     | lib.s6_teacher_benchmarking.benchmark_runner | Loading student tokenizer 'HuggingFaceTB/SmolLM2-135M' for token counting...
2026-07-13T18:30:16 | INFO     | lib.s6_teacher_benchmarking.benchmark_runner | Starting benchmarking for teacher model: Qwen/Qwen3-1.7B
2026-07-13T18:30:16 | INFO     | lib.s6_teacher_benchmarking.benchmark_runner | Evaluating teacher Qwen/Qwen3-1.7B on cluster cluster_000 with 2 samples...
2026-07-13T18:30:16 | INFO     | lib.s6_teacher_benchmarking.hallucination_detector | Loading NLI cross-encoder model: mock-nli
2026-07-13T18:30:16 | INFO     | lib.s6_teacher_benchmarking.benchmark_runner | Evaluating teacher Qwen/Qwen3-1.7B on cluster cluster_001 with 2 samples...
2026-07-13T18:30:16 | INFO     | lib.utils.config | [AUTO] CPU Mode workers resolved: 1 (CPU Cores: 14, RAM: 0.8 GB)
2026-07-13T18:30:16 | INFO     | lib.utils.config | [AUTO] max_tasks_per_child resolved to 3 based on system RAM and workers
2026-07-13T18:30:16 | INFO     | lib.utils.config | [AUTO] docling_num_threads resolved to 14 (CPU Cores: 14, Total Workers: 1)
2026-07-13T18:30:16 | INFO     | lib.s6_teacher_benchmarking.benchmark_reporter | Initializing benchmark reporter...
2026-07-13T18:30:16 | INFO     | lib.s6_teacher_benchmarking.benchmark_reporter | Writing per-teacher × cluster scores to C:\Users\rajav\AppData\Local\Temp\tmpr_macxez\benchmarking\scores.jsonl...
2026-07-13T18:30:16 | INFO     | lib.s6_teacher_benchmarking.benchmark_reporter | Writing benchmark manifest to C:\Users\rajav\AppData\Local\Temp\tmpr_macxez\benchmarking\benchmark_manifest.json...
2026-07-13T18:30:16 | INFO     | lib.utils.config | [AUTO] CPU Mode workers resolved: 1 (CPU Cores: 14, RAM: 0.8 GB)
2026-07-13T18:30:16 | INFO     | lib.utils.config | [AUTO] max_tasks_per_child resolved to 3 based on system RAM and workers
2026-07-13T18:30:16 | INFO     | lib.utils.config | [AUTO] docling_num_threads resolved to 14 (CPU Cores: 14, Total Workers: 1)
2026-07-13T18:30:16 | INFO     | lib.s6_teacher_benchmarking.benchmark_reporter | Initializing benchmark reporter...
2026-07-13T18:30:16 | INFO     | lib.s6_teacher_benchmarking.benchmark_reporter | Writing per-teacher × cluster scores to C:\Users\rajav\AppData\Local\Temp\tmplg4fniza\benchmarking\scores.jsonl...
2026-07-13T18:30:16 | INFO     | lib.s6_teacher_benchmarking.benchmark_reporter | Writing benchmark manifest to C:\Users\rajav\AppData\Local\Temp\tmplg4fniza\benchmarking\benchmark_manifest.json...
2026-07-13T18:30:16 | INFO     | lib.utils.config | [AUTO] CPU Mode workers resolved: 1 (CPU Cores: 14, RAM: 0.8 GB)
2026-07-13T18:30:16 | INFO     | lib.utils.config | [AUTO] max_tasks_per_child resolved to 3 based on system RAM and workers
2026-07-13T18:30:16 | INFO     | lib.utils.config | [AUTO] docling_num_threads resolved to 14 (CPU Cores: 14, Total Workers: 1)
2026-07-13T18:30:16 | INFO     | lib.s6_teacher_benchmarking.teacher_benchmarking | Starting Phase 2, Step 2.1 — Teacher Benchmarking...
2026-07-13T18:30:16 | INFO     | lib.s6_teacher_benchmarking.eval_sampler | Loading clustering splits from C:\Users\rajav\AppData\Local\Temp\tmpu6g3720t\splits.json...
2026-07-13T18:30:16 | INFO     | lib.s6_teacher_benchmarking.eval_sampler | Loading traces from C:\Users\rajav\AppData\Local\Temp\tmpu6g3720t\traces\grounded_traces.jsonl for evaluation sampler...
2026-07-13T18:30:16 | INFO     | lib.s6_teacher_benchmarking.eval_sampler | Loading traces from C:\Users\rajav\AppData\Local\Temp\tmpu6g3720t\traces\no_retrieval_traces.jsonl for evaluation sampler...
2026-07-13T18:30:16 | INFO     | lib.s6_teacher_benchmarking.eval_sampler | Prepared 2 eval samples for cluster cluster_000.
2026-07-13T18:30:16 | INFO     | lib.s6_teacher_benchmarking.eval_sampler | Prepared 2 eval samples for cluster cluster_001.
2026-07-13T18:30:16 | INFO     | lib.s6_teacher_benchmarking.benchmark_runner | Initializing scorers...
2026-07-13T18:30:16 | INFO     | lib.s6_teacher_benchmarking.hallucination_detector | Loaded 86 terms for invented terminology vocabulary check.
2026-07-13T18:30:16 | INFO     | lib.s6_teacher_benchmarking.benchmark_runner | Loading student tokenizer 'HuggingFaceTB/SmolLM2-135M' for token counting...
2026-07-13T18:30:16 | INFO     | lib.s6_teacher_benchmarking.benchmark_runner | Starting benchmarking for teacher model: Qwen/Qwen3-1.7B
2026-07-13T18:30:16 | INFO     | lib.s6_teacher_benchmarking.benchmark_runner | Evaluating teacher Qwen/Qwen3-1.7B on cluster cluster_000 with 2 samples...
2026-07-13T18:30:16 | INFO     | lib.s6_teacher_benchmarking.hallucination_detector | Loading NLI cross-encoder model: mock-nli
2026-07-13T18:30:16 | INFO     | lib.s6_teacher_benchmarking.benchmark_runner | Evaluating teacher Qwen/Qwen3-1.7B on cluster cluster_001 with 2 samples...
2026-07-13T18:30:16 | INFO     | lib.s6_teacher_benchmarking.benchmark_reporter | Initializing benchmark reporter...
2026-07-13T18:30:16 | INFO     | lib.s6_teacher_benchmarking.benchmark_reporter | Writing per-teacher × cluster scores to C:\Users\rajav\AppData\Local\Temp\tmpu6g3720t\benchmarking\scores.jsonl...
2026-07-13T18:30:16 | INFO     | lib.s6_teacher_benchmarking.benchmark_reporter | Writing benchmark manifest to C:\Users\rajav\AppData\Local\Temp\tmpu6g3720t\benchmarking\benchmark_manifest.json...
2026-07-13T18:30:16 | INFO     | lib.s6_teacher_benchmarking.teacher_benchmarking | Teacher Benchmarking pipeline step completed successfully.
2026-07-13T18:31:35 | INFO     | lib.s1_build_corpus.worker.worker_init | [WORKER INIT] Docling ready on cpu (GPU 0 requested)
2026-07-13T18:31:35 | INFO     | lib.s1_build_corpus.worker.worker_init | [WORKER INIT] Docling ready on cpu (GPU 0 requested)
2026-07-13T18:31:35 | INFO     | lib.utils.config | [AUTO] max_tasks_per_child resolved to 3 based on system RAM and workers
2026-07-13T18:31:35 | INFO     | lib.utils.config | [AUTO] docling_num_threads resolved to 14 (CPU Cores: 14, Total Workers: 1)
2026-07-13T18:31:35 | INFO     | lib.s1_build_corpus.build_corpus | [START] Docling pipeline | 1 workers | GPUs [0]
2026-07-13T18:31:35 | INFO     | lib.s1_build_corpus.build_corpus | [PLAN] Queued PDF paper.pdf (5 pages) in 2 chunks asynchronously...
2026-07-13T18:31:35 | INFO     | lib.s1_build_corpus.build_corpus | [OK] #0 paper.pdf (chunk 0) | 50 tokens | cumulative 50
2026-07-13T18:31:35 | INFO     | lib.s1_build_corpus.build_corpus | [OK] #1 paper.pdf (chunk 0) | 50 tokens | cumulative 100
2026-07-13T18:31:35 | INFO     | lib.s1_build_corpus.build_corpus | [DONE] Docling - 2 chunks from documents, 100 tokens -> C:\Users\rajav\AppData\Local\Temp\tmpz5fxnfvm\output.jsonl
2026-07-13T18:31:35 | INFO     | lib.s1_build_corpus.worker.worker_init | [WORKER INIT] Docling ready on cpu (GPU 0 requested)
2026-07-13T18:31:35 | INFO     | lib.s1_build_corpus.worker.worker_init | [WORKER INIT] Docling ready on cpu (GPU 0 requested)
2026-07-13T18:31:35 | INFO     | lib.utils.config | [AUTO] Detected GPUs: [0]
2026-07-13T18:31:35 | INFO     | lib.utils.config | [AUTO] GPU workers per device resolved: 4 (Min VRAM: 16.0 GB)
2026-07-13T18:31:35 | INFO     | lib.utils.config | [AUTO] Chunk size resolved to 10 pages for 4 workers
2026-07-13T18:31:35 | INFO     | lib.utils.config | [AUTO] max_tasks_per_child resolved to 8 based on system RAM and workers
2026-07-13T18:31:35 | INFO     | lib.utils.config | [AUTO] docling_num_threads resolved to 2 (CPU Cores: 8, Total Workers: 4)
2026-07-13T18:31:35 | INFO     | lib.utils.config | [AUTO] No GPUs detected. Falling back to CPU mode.
2026-07-13T18:31:35 | INFO     | lib.utils.config | [AUTO] CPU Mode workers resolved: 4 (CPU Cores: 8, RAM: 32.0 GB)
2026-07-13T18:31:35 | INFO     | lib.utils.config | [AUTO] Chunk size resolved to 10 pages for 4 workers
2026-07-13T18:31:35 | INFO     | lib.utils.config | [AUTO] max_tasks_per_child resolved to 8 based on system RAM and workers
2026-07-13T18:31:35 | INFO     | lib.utils.config | [AUTO] docling_num_threads resolved to 2 (CPU Cores: 8, Total Workers: 4)
2026-07-13T18:31:35 | INFO     | lib.utils.config | [AUTO] CPU Mode workers resolved: 1 (CPU Cores: 14, RAM: 1.5 GB)
2026-07-13T18:31:35 | INFO     | lib.utils.config | [AUTO] max_tasks_per_child resolved to 3 based on system RAM and workers
2026-07-13T18:31:35 | INFO     | lib.utils.config | [AUTO] docling_num_threads resolved to 14 (CPU Cores: 14, Total Workers: 1)
2026-07-13T18:31:35 | INFO     | lib.s3_dapt.dapt._run_dapt_pipeline_impl | 
============================================================
  DAPT Step 0.3 Configuration
============================================================
  Model           : dummy-model
  Corpus tokens   : 4000.0K
  Max passes      : 1
  Hard stop       : 4000.0K tokens
  Eval interval   : 4000K tokens
  Slow eval int   : 4000K tokens
  Probe 1 - Perplexity gate: < 2.0% for 2 consecutive evals (Enabled: True)
  Probe 2 - QA gate        : >= 55% (Enabled: True)
  Probe 3 - Cloze gate     : >= 80% (Enabled: True)
  Probe 4 - Concept gate   : >= 60% (Enabled: True)
  RAD Embedding   : biolinkbert
  RAD Mode        : hybrid
  RAD Top-K       : 7
  RAD Threshold   : 0.65
  Checkpoint dir  : C:\Users\rajav\AppData\Local\Temp\tmpe_w10u4j\out_model
  Log dir         : logs
============================================================

2026-07-13T18:31:35 | INFO     | lib.s3_dapt.dapt._run_dapt_pipeline_impl | Using device: cpu
2026-07-13T18:31:35 | INFO     | lib.s3_dapt.dapt._run_dapt_pipeline_impl | Loading memory-mapped training tokens from C:\Users\rajav\AppData\Local\Temp\tmpe_w10u4j\train_tokens.npy
2026-07-13T18:31:35 | INFO     | lib.s3_dapt.dapt._run_dapt_pipeline_impl | Loaded 1 training blocks of size 512.
2026-07-13T18:31:35 | INFO     | dapt.training_helpers | Using Adafactor optimizer for CPU training.
2026-07-13T18:31:35 | INFO     | lib.s3_dapt.dapt._run_dapt_pipeline_impl | Running baseline evaluation on the base model...
2026-07-13T18:31:35 | INFO     | lib.s3_dapt.dapt._run_dapt_pipeline_impl | Starting pretraining loop...
2026-07-13T18:31:35 | INFO     | lib.s3_dapt.dapt._run_dapt_pipeline_impl | 
############################################################
  Corpus pass 1/1
############################################################
2026-07-13T18:31:35 | INFO     | lib.s3_dapt.dapt._run_dapt_pipeline_impl | Completed corpus pass 1. Total tokens: 0.00B
2026-07-13T18:31:35 | WARNING  | lib.s3_dapt.dapt._run_dapt_pipeline_impl | Training loop exhausted without a convergence decision. Running final gate check.
2026-07-13T18:31:35 | INFO     | dapt.eval_runner | 
==============================================================
  Starting Eval #2 | Tokens: 0.5K | Pass: 0.000x | Slow probes=False (SciBERT=False)
  Active probes: PPL=True, QA=True, Cloze=True, Concept=True
==============================================================
2026-07-13T18:31:35 | INFO     | dapt.eval_runner |   Running Probe 1 - Perplexity probe...
2026-07-13T18:31:35 | INFO     | dapt.probe.perplexity | Loading pre-tokenized PPL corpus from: C:\Users\rajav\AppData\Local\Temp\tmpe_w10u4j\ppl_validation_tokens.npy (max 0.2M tokens)
2026-07-13T18:31:35 | INFO     | dapt.probe.perplexity | PPL corpus ready: 0.00K tokens, 0 sequences
2026-07-13T18:31:35 | INFO     | dapt.probe.perplexity | Probe 1 - Perplexity probe: inf  (NLL: inf nats, tokens: 0)
2026-07-13T18:31:35 | INFO     | dapt.eval_runner |   Running Probe 2 - QA probe...
2026-07-13T18:31:35 | WARNING  | dapt.checkpoint | Failed to save torch checkpoint asynchronously: Can't pickle <class 'unittest.mock.MagicMock'>: it's not the same object as unittest.mock.MagicMock
2026-07-13T18:31:35 | INFO     | dapt.probe.qa | Probe 2 - QA probe: 1.0000 (1/1)
2026-07-13T18:31:35 | INFO     | dapt.eval_runner |   Skipping Probe 3 - Cloze probe (carrying forward last metric)...
2026-07-13T18:31:35 | INFO     | dapt.eval_runner |   Skipping Probe 4 - Concept Probe (carrying forward last metric)...
2026-07-13T18:31:35 | INFO     | dapt.eval_runner | 
  Eval #2 summary:
    PPL=inf  QA=1.000  Cloze=0.000  Concept=0.000  (elapsed: 0s)

2026-07-13T18:31:35 | INFO     | dapt.gates | 
--------------------------------------------------------------
  Gate Status @ Eval #  2
--------------------------------------------------------------
  Tokens processed : 0.00B
  Corpus pass      : 0.000x

  PRIMARY GATES (both required for convergence)
  [PASS] QA Accuracy   : 1.0000  (threshold >= 0.55)
  QA history       : [1.0000]
  [FAIL] PPL Plateau   : improvements = [n/a (need >=2 evals)]  (need <2.0% for 2 consecutive)
  PPL history      : [inf]

  SECONDARY GATES (at least one required)
  [FAIL] Cloze Coverage: 0.0000  (threshold >= 0.8)
  Cloze history    : [0.0000]
  [FAIL] Concept Precision : 0.0000  (threshold >= 0.6)
  Concept history  : [0.0000]

  DECISION -> CONTINUE
--------------------------------------------------------------

2026-07-13T18:31:35 | INFO     | dapt.checkpoint | Best checkpoint selected: eval #1 (QA acc=50.0000) → C:\Users\rajav\AppData\Local\Temp\tmpe_w10u4j\out_model\dapt_eval_0001.pt
2026-07-13T18:31:35 | INFO     | dapt.training_helpers | Loading best checkpoint for final SciBERT evaluation: C:\Users\rajav\AppData\Local\Temp\tmpe_w10u4j\out_model\dapt_eval_0001.pt
2026-07-13T18:31:35 | INFO     | dapt.checkpoint | Loading checkpoint: C:\Users\rajav\AppData\Local\Temp\tmpe_w10u4j\out_model\dapt_eval_0001.pt
2026-07-13T18:31:35 | WARNING  | dapt.checkpoint | Failed to load checkpoint from C:\Users\rajav\AppData\Local\Temp\tmpe_w10u4j\out_model\dapt_eval_0001.pt (expected if dummy mock file): [Errno 2] No such file or directory: 'C:\\Users\\rajav\\AppData\\Local\\Temp\\tmpe_w10u4j\\out_model\\dapt_eval_0001.pt'
2026-07-13T18:31:35 | INFO     | dapt.eval_runner | 
==============================================================
  Starting Eval #3 | Tokens: 0.5K | Pass: 0.000x | Slow probes=True (SciBERT=True)
  Active probes: PPL=True, QA=True, Cloze=True, Concept=True
==============================================================
2026-07-13T18:31:35 | INFO     | dapt.eval_runner |   Running Probe 1 - Perplexity probe...
2026-07-13T18:31:35 | INFO     | dapt.probe.perplexity | Probe 1 - Perplexity probe: inf  (NLL: inf nats, tokens: 0)
2026-07-13T18:31:35 | INFO     | dapt.eval_runner |   Running Probe 2 - QA probe...
2026-07-13T18:31:35 | INFO     | dapt.probe.qa | Probe 2 - QA probe: 1.0000 (1/1)
2026-07-13T18:31:35 | INFO     | dapt.eval_runner |   Running Probe 3 - Cloze probe...
2026-07-13T18:31:35 | INFO     | dapt.probe.cloze | Generating completions for 115 cloze questions (greedy, batch_size=256)...
2026-07-13T18:31:35 | INFO     | dapt.probe.cloze | Probe 3 - Cloze probe: 0.0000 (0/115)
  Per-category: {'cognitive_psychology': 0.0}
  Sample missed terms: ['psychology', 'neuroscience', 'Sulcus', 'Gyri', 'Dorsal', 'Ventral', 'Rostral', 'Posterior', 'Lateral', 'Medial']
2026-07-13T18:31:35 | INFO     | dapt.eval_runner |   Running Probe 4 - Concept Probe...
2026-07-13T18:31:35 | INFO     | dapt.probe.concept | Generating 118 retrieval responses (greedy, batch_size=16)...
2026-07-13T18:31:35 | INFO     | dapt.probe.concept | Computing BERTScore with model: allenai/scibert_scivocab_uncased
2026-07-13T18:31:35 | INFO     | dapt.probe.concept | Initializing and caching BERTScorer for allenai/scibert_scivocab_uncased on cpu...
2026-07-13T18:31:37 | INFO     | dapt.probe.concept | Probe 4 - Concept Probe: 1.0000 (min=1.000, max=1.000, n=118, low-scoring=0)
2026-07-13T18:31:37 | INFO     | dapt.eval_runner | 
  Eval #3 summary:
    PPL=inf  QA=1.000  Cloze=0.000  Concept=1.000  (elapsed: 2s)

2026-07-13T18:31:37 | ERROR    | dapt.eval_runner | Failed to write failed evaluations JSON file: Object of type MagicMock is not JSON serializable
2026-07-13T18:31:37 | INFO     | dapt.probe.concept | Clearing cached BERTScorers from memory...
2026-07-13T18:31:37 | WARNING  | dapt.gates | 
!!!!!!!!!!!!!!!!!!!!!!!!!!!!!!!!!!!!!!!!!!!!!!!!!!!!!!!!!!!!
  HARD CAP reached — gates NOT fully met
  Failed gates: ['PPL plateau not reached (insufficient eval history)', 'Neither secondary gate met: cloze_cov=0.0000 (need >=0.8), concept_prec=0.0000 (need >=0.6)']
  Recommended action (Priority 3): PROCEED_WITH_RISK_FLAG
  Rationale: QA accuracy is near threshold (or QA probe is disabled), but perplexity plateau or secondary gates may not be fully cleared. Downstream phases may compensate. Action: proceed but document all metric gaps in the risk report and monitor Phase 1+ validation metrics closely.
  Risk report: logs\dapt_hard_cap_risk_report.json
!!!!!!!!!!!!!!!!!!!!!!!!!!!!!!!!!!!!!!!!!!!!!!!!!!!!!!!!!!!!

2026-07-13T18:31:37 | WARNING  | lib.s3_dapt.dapt._run_dapt_pipeline_impl | DAPT completed without convergence. Non-convergence risk report generated.
2026-07-13T18:31:37 | INFO     | lib.s3_dapt.dapt._run_dapt_pipeline_impl | 
============================================================
  DAPT Probe History Summary
============================================================
  Perplexity probe - inf, inf
  QA probe - 1.0000, 1.0000
  Cloze probe - 0.0000, 0.0000
  Concept probe - 0.0000, 1.0000
============================================================

2026-07-13T18:31:39 | INFO     | lib.utils.config | [AUTO] CPU Mode workers resolved: 1 (CPU Cores: 14, RAM: 1.3 GB)
2026-07-13T18:31:39 | INFO     | lib.utils.config | [AUTO] max_tasks_per_child resolved to 3 based on system RAM and workers
2026-07-13T18:31:39 | INFO     | lib.utils.config | [AUTO] docling_num_threads resolved to 14 (CPU Cores: 14, Total Workers: 1)
2026-07-13T18:31:39 | INFO     | lib.s3_dapt.dapt._run_dapt_pipeline_impl | 
============================================================
  DAPT Step 0.3 Configuration
============================================================
  Model           : dummy-model
  Corpus tokens   : 4000.0K
  Max passes      : 1
  Hard stop       : 4000.0K tokens
  Eval interval   : 4000K tokens
  Slow eval int   : 4000K tokens
  Probe 1 - Perplexity gate: < 2.0% for 2 consecutive evals (Enabled: True)
  Probe 2 - QA gate        : >= 55% (Enabled: True)
  Probe 3 - Cloze gate     : >= 80% (Enabled: True)
  Probe 4 - Concept gate   : >= 60% (Enabled: True)
  RAD Embedding   : biolinkbert
  RAD Mode        : hybrid
  RAD Top-K       : 7
  RAD Threshold   : 0.65
  Checkpoint dir  : C:\Users\rajav\AppData\Local\Temp\tmpc34uaxsp\out_model
  Log dir         : logs
============================================================

2026-07-13T18:31:39 | INFO     | lib.s3_dapt.dapt._run_dapt_pipeline_impl | Using device: cpu
2026-07-13T18:31:39 | INFO     | dapt.training_helpers | Initialized Weights & Biases run: 
2026-07-13T18:31:39 | INFO     | lib.s3_dapt.dapt._run_dapt_pipeline_impl | Loading memory-mapped training tokens from C:\Users\rajav\AppData\Local\Temp\tmpc34uaxsp\train_tokens.npy
2026-07-13T18:31:39 | INFO     | lib.s3_dapt.dapt._run_dapt_pipeline_impl | Loaded 1 training blocks of size 512.
2026-07-13T18:31:39 | INFO     | dapt.training_helpers | Using Adafactor optimizer for CPU training.
2026-07-13T18:31:39 | INFO     | lib.s3_dapt.dapt._run_dapt_pipeline_impl | Running baseline evaluation on the base model...
2026-07-13T18:31:39 | INFO     | lib.s3_dapt.dapt._run_dapt_pipeline_impl | Starting pretraining loop...
2026-07-13T18:31:39 | INFO     | lib.s3_dapt.dapt._run_dapt_pipeline_impl | 
############################################################
  Corpus pass 1/1
############################################################
2026-07-13T18:31:39 | INFO     | lib.s3_dapt.dapt._run_dapt_pipeline_impl | Completed corpus pass 1. Total tokens: 0.00B
2026-07-13T18:31:39 | WARNING  | lib.s3_dapt.dapt._run_dapt_pipeline_impl | Training loop exhausted without a convergence decision. Running final gate check.
2026-07-13T18:31:39 | WARNING  | dapt.checkpoint | Failed to save torch checkpoint asynchronously: Can't pickle <class 'unittest.mock.MagicMock'>: it's not the same object as unittest.mock.MagicMock
2026-07-13T18:31:39 | INFO     | dapt.eval_runner | 
==============================================================
  Starting Eval #2 | Tokens: 0.5K | Pass: 0.000x | Slow probes=False (SciBERT=False)
  Active probes: PPL=True, QA=True, Cloze=True, Concept=True
==============================================================
2026-07-13T18:31:39 | INFO     | dapt.eval_runner |   Running Probe 1 - Perplexity probe...
2026-07-13T18:31:39 | INFO     | dapt.probe.perplexity | Loading pre-tokenized PPL corpus from: C:\Users\rajav\AppData\Local\Temp\tmpc34uaxsp\ppl_validation_tokens.npy (max 0.2M tokens)
2026-07-13T18:31:39 | INFO     | dapt.probe.perplexity | PPL corpus ready: 0.00K tokens, 0 sequences
2026-07-13T18:31:39 | INFO     | dapt.probe.perplexity | Probe 1 - Perplexity probe: inf  (NLL: inf nats, tokens: 0)
2026-07-13T18:31:39 | INFO     | dapt.eval_runner |   Running Probe 2 - QA probe...
2026-07-13T18:31:39 | INFO     | dapt.probe.qa | Probe 2 - QA probe: 1.0000 (1/1)
2026-07-13T18:31:39 | INFO     | dapt.eval_runner |   Skipping Probe 3 - Cloze probe (carrying forward last metric)...
2026-07-13T18:31:39 | INFO     | dapt.eval_runner |   Skipping Probe 4 - Concept Probe (carrying forward last metric)...
2026-07-13T18:31:39 | INFO     | dapt.eval_runner | 
  Eval #2 summary:
    PPL=inf  QA=1.000  Cloze=0.000  Concept=0.000  (elapsed: 0s)

2026-07-13T18:31:39 | INFO     | dapt.gates | 
--------------------------------------------------------------
  Gate Status @ Eval #  2
--------------------------------------------------------------
  Tokens processed : 0.00B
  Corpus pass      : 0.000x

  PRIMARY GATES (both required for convergence)
  [PASS] QA Accuracy   : 1.0000  (threshold >= 0.55)
  QA history       : [1.0000]
  [FAIL] PPL Plateau   : improvements = [n/a (need >=2 evals)]  (need <2.0% for 2 consecutive)
  PPL history      : [inf]

  SECONDARY GATES (at least one required)
  [FAIL] Cloze Coverage: 0.0000  (threshold >= 0.8)
  Cloze history    : [0.0000]
  [FAIL] Concept Precision : 0.0000  (threshold >= 0.6)
  Concept history  : [0.0000]

  DECISION -> CONTINUE
--------------------------------------------------------------

2026-07-13T18:31:39 | INFO     | dapt.checkpoint | Best checkpoint selected: eval #1 (QA acc=50.0000) → C:\Users\rajav\AppData\Local\Temp\tmpc34uaxsp\out_model\dapt_eval_0001.pt
2026-07-13T18:31:39 | INFO     | dapt.training_helpers | Loading best checkpoint for final SciBERT evaluation: C:\Users\rajav\AppData\Local\Temp\tmpc34uaxsp\out_model\dapt_eval_0001.pt
2026-07-13T18:31:39 | INFO     | dapt.checkpoint | Loading checkpoint: C:\Users\rajav\AppData\Local\Temp\tmpc34uaxsp\out_model\dapt_eval_0001.pt
2026-07-13T18:31:39 | WARNING  | dapt.checkpoint | Failed to load checkpoint from C:\Users\rajav\AppData\Local\Temp\tmpc34uaxsp\out_model\dapt_eval_0001.pt (expected if dummy mock file): [Errno 2] No such file or directory: 'C:\\Users\\rajav\\AppData\\Local\\Temp\\tmpc34uaxsp\\out_model\\dapt_eval_0001.pt'
2026-07-13T18:31:39 | INFO     | dapt.eval_runner | 
==============================================================
  Starting Eval #3 | Tokens: 0.5K | Pass: 0.000x | Slow probes=True (SciBERT=True)
  Active probes: PPL=True, QA=True, Cloze=True, Concept=True
==============================================================
2026-07-13T18:31:39 | INFO     | dapt.eval_runner |   Running Probe 1 - Perplexity probe...
2026-07-13T18:31:39 | INFO     | dapt.probe.perplexity | Probe 1 - Perplexity probe: inf  (NLL: inf nats, tokens: 0)
2026-07-13T18:31:39 | INFO     | dapt.eval_runner |   Running Probe 2 - QA probe...
2026-07-13T18:31:39 | INFO     | dapt.probe.qa | Probe 2 - QA probe: 1.0000 (1/1)
2026-07-13T18:31:39 | INFO     | dapt.eval_runner |   Running Probe 3 - Cloze probe...
2026-07-13T18:31:39 | INFO     | dapt.probe.cloze | Generating completions for 115 cloze questions (greedy, batch_size=256)...
2026-07-13T18:31:39 | INFO     | dapt.probe.cloze | Probe 3 - Cloze probe: 0.0000 (0/115)
  Per-category: {'cognitive_psychology': 0.0}
  Sample missed terms: ['psychology', 'neuroscience', 'Sulcus', 'Gyri', 'Dorsal', 'Ventral', 'Rostral', 'Posterior', 'Lateral', 'Medial']
2026-07-13T18:31:39 | INFO     | dapt.eval_runner |   Running Probe 4 - Concept Probe...
2026-07-13T18:31:39 | INFO     | dapt.probe.concept | Generating 118 retrieval responses (greedy, batch_size=16)...
2026-07-13T18:31:39 | INFO     | dapt.probe.concept | Computing BERTScore with model: allenai/scibert_scivocab_uncased
2026-07-13T18:31:39 | INFO     | dapt.probe.concept | Initializing and caching BERTScorer for allenai/scibert_scivocab_uncased on cpu...
2026-07-13T18:31:40 | INFO     | dapt.probe.concept | Probe 4 - Concept Probe: 1.0000 (min=1.000, max=1.000, n=118, low-scoring=0)
2026-07-13T18:31:40 | INFO     | dapt.eval_runner | 
  Eval #3 summary:
    PPL=inf  QA=1.000  Cloze=0.000  Concept=1.000  (elapsed: 1s)

2026-07-13T18:31:40 | ERROR    | dapt.eval_runner | Failed to write failed evaluations JSON file: Object of type MagicMock is not JSON serializable
2026-07-13T18:31:40 | INFO     | dapt.probe.concept | Clearing cached BERTScorers from memory...
2026-07-13T18:31:40 | WARNING  | dapt.gates | 
!!!!!!!!!!!!!!!!!!!!!!!!!!!!!!!!!!!!!!!!!!!!!!!!!!!!!!!!!!!!
  HARD CAP reached — gates NOT fully met
  Failed gates: ['PPL plateau not reached (insufficient eval history)', 'Neither secondary gate met: cloze_cov=0.0000 (need >=0.8), concept_prec=0.0000 (need >=0.6)']
  Recommended action (Priority 3): PROCEED_WITH_RISK_FLAG
  Rationale: QA accuracy is near threshold (or QA probe is disabled), but perplexity plateau or secondary gates may not be fully cleared. Downstream phases may compensate. Action: proceed but document all metric gaps in the risk report and monitor Phase 1+ validation metrics closely.
  Risk report: logs\dapt_hard_cap_risk_report.json
!!!!!!!!!!!!!!!!!!!!!!!!!!!!!!!!!!!!!!!!!!!!!!!!!!!!!!!!!!!!

2026-07-13T18:31:40 | WARNING  | lib.s3_dapt.dapt._run_dapt_pipeline_impl | DAPT completed without convergence. Non-convergence risk report generated.
2026-07-13T18:31:40 | INFO     | lib.s3_dapt.dapt._run_dapt_pipeline_impl | 
============================================================
  DAPT Probe History Summary
============================================================
  Perplexity probe - inf, inf
  QA probe - 1.0000, 1.0000
  Cloze probe - 0.0000, 0.0000
  Concept probe - 0.0000, 1.0000
============================================================

2026-07-13T18:31:40 | INFO     | lib.utils.config | [AUTO] CPU Mode workers resolved: 1 (CPU Cores: 14, RAM: 1.3 GB)
2026-07-13T18:31:40 | INFO     | lib.utils.config | [AUTO] max_tasks_per_child resolved to 3 based on system RAM and workers
2026-07-13T18:31:40 | INFO     | lib.utils.config | [AUTO] docling_num_threads resolved to 14 (CPU Cores: 14, Total Workers: 1)
2026-07-13T18:31:40 | INFO     | lib.s3_dapt.dapt._run_dapt_pipeline_impl | 
============================================================
  DAPT Step 0.3 Configuration
============================================================
  Model           : dummy-model
  Corpus tokens   : 4000.0K
  Max passes      : 1
  Hard stop       : 4000.0K tokens
  Eval interval   : 4000K tokens
  Slow eval int   : 4000K tokens
  Probe 1 - Perplexity gate: < 2.0% for 2 consecutive evals (Enabled: True)
  Probe 2 - QA gate        : >= 55% (Enabled: True)
  Probe 3 - Cloze gate     : >= 80% (Enabled: True)
  Probe 4 - Concept gate   : >= 60% (Enabled: True)
  RAD Embedding   : biolinkbert
  RAD Mode        : hybrid
  RAD Top-K       : 7
  RAD Threshold   : 0.65
  Checkpoint dir  : C:\Users\rajav\AppData\Local\Temp\tmpiaxio2go\out_model
  Log dir         : logs
============================================================

2026-07-13T18:31:40 | INFO     | lib.s3_dapt.dapt._run_dapt_pipeline_impl | Using device: cpu
2026-07-13T18:31:40 | ERROR    | dapt.training_helpers | Required evaluation files are missing:
Probe 1 - Perplexity probe corpus file not found: C:\Users\rajav\AppData\Local\Temp\tmpiaxio2go\missing_ppl.txt
2026-07-13T18:31:40 | INFO     | lib.utils.config | [AUTO] CPU Mode workers resolved: 1 (CPU Cores: 14, RAM: 1.3 GB)
2026-07-13T18:31:40 | INFO     | lib.utils.config | [AUTO] max_tasks_per_child resolved to 3 based on system RAM and workers
2026-07-13T18:31:40 | INFO     | lib.utils.config | [AUTO] docling_num_threads resolved to 14 (CPU Cores: 14, Total Workers: 1)
2026-07-13T18:31:40 | INFO     | lib.s2_pretokenize.pretokenize.run_pretokenization | Starting pre-tokenization of C:\Users\rajav\AppData\Local\Temp\tmpdp_xas4n\corpus.jsonl
2026-07-13T18:31:40 | INFO     | lib.s2_pretokenize.pretokenize.run_pretokenization | Base model tokenizer: dummy-model
2026-07-13T18:31:40 | INFO     | lib.s2_pretokenize.pretokenize.run_pretokenization | Output bin path: C:\Users\rajav\AppData\Local\Temp\tmpdp_xas4n\train_tokens.npy
2026-07-13T18:31:40 | INFO     | lib.s2_pretokenize.pretokenize.run_pretokenization | Validation ppl corpus path: C:\Users\rajav\AppData\Local\Temp\tmpdp_xas4n\ppl_validation_tokens.npy
2026-07-13T18:31:40 | INFO     | lib.s2_pretokenize.pretokenize.run_pretokenization | Corpus split: 1 training docs, 2 validation docs.
2026-07-13T18:31:40 | INFO     | lib.s2_pretokenize.pretokenize.run_pretokenization | Successfully tokenized and wrote 2 validation documents (4 tokens) to C:\Users\rajav\AppData\Local\Temp\tmpdp_xas4n\ppl_validation_tokens.npy
2026-07-13T18:31:40 | INFO     | lib.s2_pretokenize.pretokenize.run_pretokenization | Successfully saved 2 training tokens to C:\Users\rajav\AppData\Local\Temp\tmpdp_xas4n\train_tokens.npy
2026-07-13T18:31:40 | INFO     | dapt.probe.qa | Probe 2 - QA probe: 1.0000 (1/1)
2026-07-13T18:31:40 | INFO     | dapt.probe.cloze | Generating completions for 2 cloze questions (greedy, batch_size=16)...
2026-07-13T18:31:40 | INFO     | dapt.probe.cloze | Probe 3 - Cloze probe: 0.0000 (0/2)
  Per-category: {'cat1': 0.0, 'cat2': 0.0}
  Sample missed terms: ['Dopamine', 'blank']
2026-07-13T18:31:40 | INFO     | dapt.probe.concept | Generating 2 retrieval responses (greedy, batch_size=16)...
2026-07-13T18:31:40 | INFO     | dapt.probe.concept | Computing fast lexical F1 overlap scores...
2026-07-13T18:31:40 | INFO     | dapt.probe.concept | Probe 4 - Concept Probe: 0.0000 (min=0.000, max=0.000, n=2, low-scoring=2)
2026-07-13T18:31:40 | INFO     | lib.utils.config | [AUTO] CPU Mode workers resolved: 1 (CPU Cores: 14, RAM: 1.3 GB)
2026-07-13T18:31:40 | INFO     | lib.utils.config | [AUTO] max_tasks_per_child resolved to 3 based on system RAM and workers
2026-07-13T18:31:40 | INFO     | lib.utils.config | [AUTO] docling_num_threads resolved to 14 (CPU Cores: 14, Total Workers: 1)
2026-07-13T18:31:40 | INFO     | lib.s3_dapt.dapt._run_dapt_pipeline_impl | 
============================================================
  DAPT Step 0.3 Configuration
============================================================
  Model           : dummy-model
  Corpus tokens   : 4000.0K
  Max passes      : 1
  Hard stop       : 4000.0K tokens
  Eval interval   : 4000K tokens
  Slow eval int   : 4000K tokens
  Probe 1 - Perplexity gate: < 2.0% for 2 consecutive evals (Enabled: False)
  Probe 2 - QA gate        : >= 55% (Enabled: True)
  Probe 3 - Cloze gate     : >= 80% (Enabled: False)
  Probe 4 - Concept gate   : >= 60% (Enabled: False)
  RAD Embedding   : biolinkbert
  RAD Mode        : hybrid
  RAD Top-K       : 7
  RAD Threshold   : 0.65
  Checkpoint dir  : C:\Users\rajav\AppData\Local\Temp\tmp_mjsvypb\out_model
  Log dir         : logs
============================================================

2026-07-13T18:31:40 | INFO     | lib.s3_dapt.dapt._run_dapt_pipeline_impl | Using device: cpu
2026-07-13T18:31:40 | INFO     | lib.s3_dapt.dapt._run_dapt_pipeline_impl | Loading memory-mapped training tokens from C:\Users\rajav\AppData\Local\Temp\tmp_mjsvypb\train_tokens.npy
2026-07-13T18:31:40 | INFO     | lib.s3_dapt.dapt._run_dapt_pipeline_impl | Loaded 1 training blocks of size 512.
2026-07-13T18:31:40 | INFO     | dapt.training_helpers | Using Adafactor optimizer for CPU training.
2026-07-13T18:31:40 | INFO     | lib.s3_dapt.dapt._run_dapt_pipeline_impl | Running baseline evaluation on the base model...
2026-07-13T18:31:40 | INFO     | lib.s3_dapt.dapt._run_dapt_pipeline_impl | Starting pretraining loop...
2026-07-13T18:31:40 | INFO     | lib.s3_dapt.dapt._run_dapt_pipeline_impl | 
############################################################
  Corpus pass 1/1
############################################################
2026-07-13T18:31:40 | INFO     | lib.s3_dapt.dapt._run_dapt_pipeline_impl | Completed corpus pass 1. Total tokens: 0.00B
2026-07-13T18:31:40 | WARNING  | lib.s3_dapt.dapt._run_dapt_pipeline_impl | Training loop exhausted without a convergence decision. Running final gate check.
2026-07-13T18:31:40 | WARNING  | dapt.checkpoint | Failed to save torch checkpoint asynchronously: Can't pickle <class 'unittest.mock.MagicMock'>: it's not the same object as unittest.mock.MagicMock
2026-07-13T18:31:40 | INFO     | dapt.eval_runner | 
==============================================================
  Starting Eval #2 | Tokens: 0.5K | Pass: 0.000x | Slow probes=False (SciBERT=False)
  Active probes: PPL=False, QA=True, Cloze=False, Concept=False
==============================================================
2026-07-13T18:31:40 | INFO     | dapt.eval_runner |   Skipping Probe 1 - Perplexity probe (disabled)...
2026-07-13T18:31:40 | INFO     | dapt.eval_runner |   Running Probe 2 - QA probe...
2026-07-13T18:31:40 | INFO     | dapt.probe.qa | Probe 2 - QA probe: 1.0000 (1/1)
2026-07-13T18:31:40 | INFO     | dapt.eval_runner |   Skipping Probe 3 - Cloze probe (disabled)...
2026-07-13T18:31:40 | INFO     | dapt.eval_runner |   Skipping Probe 4 - Concept Probe (disabled)...
2026-07-13T18:31:40 | INFO     | dapt.eval_runner | 
  Eval #2 summary:
    PPL=0.000  QA=1.000  Cloze=0.000  Concept=0.000  (elapsed: 0s)

2026-07-13T18:31:40 | INFO     | dapt.gates | 
--------------------------------------------------------------
  Gate Status @ Eval #  2
--------------------------------------------------------------
  Tokens processed : 0.00B
  Corpus pass      : 0.000x

  PRIMARY GATES (both required for convergence)
  [PASS] QA Accuracy   : 1.0000  (threshold >= 0.55)
  QA history       : [1.0000]
  [PASS] PPL Plateau   : improvements = [n/a (need >=2 evals)]  (need <2.0% for 2 consecutive)
  PPL history      : []

  SECONDARY GATES (at least one required)
  [SKIP] Cloze Coverage: 0.0000  (threshold >= 0.8)
  Cloze history    : [n/a]
  [SKIP] Concept Precision : 0.0000  (threshold >= 0.6)
  Concept history  : [n/a]

  DECISION -> CONVERGED
--------------------------------------------------------------

2026-07-13T18:31:40 | INFO     | dapt.checkpoint | Best checkpoint selected: eval #1 (QA acc=50.0000) → C:\Users\rajav\AppData\Local\Temp\tmp_mjsvypb\out_model\dapt_eval_0001.pt
2026-07-13T18:31:40 | INFO     | dapt.training_helpers | Loading best checkpoint for final SciBERT evaluation: C:\Users\rajav\AppData\Local\Temp\tmp_mjsvypb\out_model\dapt_eval_0001.pt
2026-07-13T18:31:40 | INFO     | dapt.checkpoint | Loading checkpoint: C:\Users\rajav\AppData\Local\Temp\tmp_mjsvypb\out_model\dapt_eval_0001.pt
2026-07-13T18:31:40 | WARNING  | dapt.checkpoint | Failed to load checkpoint from C:\Users\rajav\AppData\Local\Temp\tmp_mjsvypb\out_model\dapt_eval_0001.pt (expected if dummy mock file): [Errno 2] No such file or directory: 'C:\\Users\\rajav\\AppData\\Local\\Temp\\tmp_mjsvypb\\out_model\\dapt_eval_0001.pt'
2026-07-13T18:31:40 | INFO     | dapt.eval_runner | 
==============================================================
  Starting Eval #3 | Tokens: 0.5K | Pass: 0.000x | Slow probes=True (SciBERT=True)
  Active probes: PPL=False, QA=True, Cloze=False, Concept=False
==============================================================
2026-07-13T18:31:40 | INFO     | dapt.eval_runner |   Skipping Probe 1 - Perplexity probe (disabled)...
2026-07-13T18:31:40 | INFO     | dapt.eval_runner |   Running Probe 2 - QA probe...
2026-07-13T18:31:40 | INFO     | dapt.probe.qa | Probe 2 - QA probe: 1.0000 (1/1)
2026-07-13T18:31:40 | INFO     | dapt.eval_runner |   Skipping Probe 3 - Cloze probe (disabled)...
2026-07-13T18:31:40 | INFO     | dapt.eval_runner |   Skipping Probe 4 - Concept Probe (disabled)...
2026-07-13T18:31:40 | INFO     | dapt.eval_runner | 
  Eval #3 summary:
    PPL=0.000  QA=1.000  Cloze=0.000  Concept=0.000  (elapsed: 0s)

2026-07-13T18:31:40 | INFO     | dapt.eval_runner | Failed evaluations automatically saved to logs\failed_evals.json
2026-07-13T18:31:40 | INFO     | lib.s3_dapt.dapt._run_dapt_pipeline_impl | DAPT training finished. Selected best checkpoint: C:\Users\rajav\AppData\Local\Temp\tmp_mjsvypb\out_model\dapt_eval_0001.pt
2026-07-13T18:31:40 | INFO     | lib.s3_dapt.dapt._run_dapt_pipeline_impl | 
============================================================
  DAPT Probe History Summary
============================================================
  Perplexity probe - n/a
  QA probe - 1.0000, 1.0000
  Cloze probe - n/a
  Concept probe - n/a
============================================================

2026-07-13T18:31:40 | INFO     | dapt.checkpoint | Best checkpoint selected: eval #2 (Cloze cov=0.9000) → C:\Users\rajav\AppData\Local\Temp\tmpodmrabgn\dapt_eval_0002.pt
2026-07-13T18:31:40 | INFO     | lib.utils.config | [AUTO] CPU Mode workers resolved: 1 (CPU Cores: 14, RAM: 1.3 GB)
2026-07-13T18:31:40 | INFO     | lib.utils.config | [AUTO] max_tasks_per_child resolved to 3 based on system RAM and workers
2026-07-13T18:31:40 | INFO     | lib.utils.config | [AUTO] docling_num_threads resolved to 14 (CPU Cores: 14, Total Workers: 1)
2026-07-13T18:31:40 | INFO     | dapt.eval_runner | Loading final model from C:\Users\rajav\AppData\Local\Temp\tmpg5nnvcqt\checkpoint for final inference and failure logging...
2026-07-13T18:31:40 | INFO     | dapt.eval_runner | Running QA probe to collect failed samples...
2026-07-13T18:31:40 | INFO     | dapt.eval_runner | QA Probe: 1 failures found.
2026-07-13T18:31:40 | WARNING  | dapt.eval_runner | QA Failure #1 [Cluster: cat2]:
  Question: Q2
  Expected: B (index 1)
  Predicted: A (index 0)
2026-07-13T18:31:40 | INFO     | dapt.eval_runner | Running Cloze probe to collect failed samples...
2026-07-13T18:31:40 | INFO     | dapt.eval_runner | Cloze Probe: 1 failures found.
2026-07-13T18:31:40 | WARNING  | dapt.eval_runner | Cloze Failure #1 [Category: cat1]:
  Prompt: ___ is cool.
  Target Term: Term1
  Completions: ['completions']
2026-07-13T18:31:40 | INFO     | dapt.eval_runner | Running Concept probe to collect failed samples...
2026-07-13T18:31:40 | INFO     | dapt.eval_runner | Concept Probe: 1 failures found.
2026-07-13T18:31:40 | WARNING  | dapt.eval_runner | Concept Failure #1 [F1 Score: 0.3500]:
  Prompt: Prompt1
  Reference: Ref1
  Generated: Gen1
2026-07-13T18:31:40 | INFO     | dapt.eval_runner | Detailed failed evaluations saved to C:\Users\rajav\AppData\Local\Temp\tmpg5nnvcqt\logs\failed_evals.json
2026-07-13T18:31:40 | INFO     | dapt.probe.concept | Generating 1 retrieval responses (greedy, batch_size=16)...
2026-07-13T18:31:40 | INFO     | dapt.probe.concept | Computing fast lexical F1 overlap scores...
2026-07-13T18:31:40 | INFO     | dapt.probe.concept | Probe 4 - Concept Probe: 0.0000 (min=0.000, max=0.000, n=1, low-scoring=1)
2026-07-13T18:31:40 | INFO     | dapt.probe.concept | Monkeypatching build_inputs_with_special_tokens onto DummyTokenizerWithoutSpecialTokens
2026-07-13T18:31:40 | INFO     | lib.utils.config | [AUTO] CPU Mode workers resolved: 1 (CPU Cores: 14, RAM: 1.3 GB)
2026-07-13T18:31:40 | INFO     | lib.utils.config | [AUTO] max_tasks_per_child resolved to 3 based on system RAM and workers
2026-07-13T18:31:40 | INFO     | lib.utils.config | [AUTO] docling_num_threads resolved to 14 (CPU Cores: 14, Total Workers: 1)
2026-07-13T18:31:40 | INFO     | lib.s4_rad_prep.indexer | Embedding 2 chunks with batch size 2
2026-07-13T18:31:40 | INFO     | lib.s4_rad_prep.indexer | Building FAISS IndexFlatIP with dimension 3
2026-07-13T18:31:40 | INFO     | lib.s4_rad_prep.indexer | Saving FAISS index to C:\Users\rajav\AppData\Local\Temp\tmpy935s36y\index\index.faiss
2026-07-13T18:31:40 | INFO     | lib.s4_rad_prep.indexer | Saving chunk metadata to C:\Users\rajav\AppData\Local\Temp\tmpy935s36y\index\chunks_metadata.jsonl
2026-07-13T18:31:40 | INFO     | lib.s4_rad_prep.indexer | Saving manifest to C:\Users\rajav\AppData\Local\Temp\tmpy935s36y\index\index_manifest.json
2026-07-13T18:31:40 | INFO     | lib.s4_rad_prep.indexer | Indexing complete.
2026-07-13T18:31:40 | INFO     | lib.utils.config | [AUTO] CPU Mode workers resolved: 1 (CPU Cores: 14, RAM: 1.3 GB)
2026-07-13T18:31:40 | INFO     | lib.utils.config | [AUTO] max_tasks_per_child resolved to 3 based on system RAM and workers
2026-07-13T18:31:40 | INFO     | lib.utils.config | [AUTO] docling_num_threads resolved to 14 (CPU Cores: 14, Total Workers: 1)
2026-07-13T18:31:40 | INFO     | lib.s4_rad_prep.retriever | Loading chunks from C:\Users\rajav\AppData\Local\Temp\tmpai8atqy9\chunks.jsonl
2026-07-13T18:31:40 | INFO     | lib.s4_rad_prep.retriever | Loading FAISS index from C:\Users\rajav\AppData\Local\Temp\tmpai8atqy9\index\index.faiss
2026-07-13T18:31:40 | INFO     | lib.utils.config | [AUTO] CPU Mode workers resolved: 1 (CPU Cores: 14, RAM: 1.3 GB)
2026-07-13T18:31:40 | INFO     | lib.utils.config | [AUTO] max_tasks_per_child resolved to 3 based on system RAM and workers
2026-07-13T18:31:40 | INFO     | lib.utils.config | [AUTO] docling_num_threads resolved to 14 (CPU Cores: 14, Total Workers: 1)
2026-07-13T18:31:40 | INFO     | lib.s4_rad_prep.retriever | Loading chunks from C:\Users\rajav\AppData\Local\Temp\tmpy5mgod8k\chunks.jsonl
2026-07-13T18:31:40 | INFO     | lib.s4_rad_prep.retriever | Loading FAISS index from C:\Users\rajav\AppData\Local\Temp\tmpy5mgod8k\index\index.faiss
2026-07-13T18:31:40 | INFO     | lib.utils.config | [AUTO] CPU Mode workers resolved: 1 (CPU Cores: 14, RAM: 1.3 GB)
2026-07-13T18:31:40 | INFO     | lib.utils.config | [AUTO] max_tasks_per_child resolved to 3 based on system RAM and workers
2026-07-13T18:31:40 | INFO     | lib.utils.config | [AUTO] docling_num_threads resolved to 14 (CPU Cores: 14, Total Workers: 1)
2026-07-13T18:31:40 | INFO     | lib.utils.config | [AUTO] CPU Mode workers resolved: 1 (CPU Cores: 14, RAM: 1.3 GB)
2026-07-13T18:31:40 | INFO     | lib.utils.config | [AUTO] max_tasks_per_child resolved to 3 based on system RAM and workers
2026-07-13T18:31:40 | INFO     | lib.utils.config | [AUTO] docling_num_threads resolved to 14 (CPU Cores: 14, Total Workers: 1)
2026-07-13T18:31:40 | INFO     | lib.s4_rad_prep.retriever | Loading chunks from C:\Users\rajav\AppData\Local\Temp\tmp5xbhiv3r\chunks.jsonl
2026-07-13T18:31:40 | INFO     | lib.s4_rad_prep.retriever | Loading FAISS index from C:\Users\rajav\AppData\Local\Temp\tmp5xbhiv3r\index\index.faiss
2026-07-13T18:31:40 | INFO     | lib.s4_rad_prep.retriever | Initializing BM25: tokenizing chunks (this may take a few moments for large corpora)
2026-07-13T18:31:40 | INFO     | lib.s4_rad_prep.retriever | Saving tokenized corpus cache to C:\Users\rajav\AppData\Local\Temp\tmp5xbhiv3r\index\bm25_tokenized_corpus.json
2026-07-13T18:31:40 | INFO     | lib.utils.config | [AUTO] CPU Mode workers resolved: 1 (CPU Cores: 14, RAM: 1.3 GB)
2026-07-13T18:31:40 | INFO     | lib.utils.config | [AUTO] max_tasks_per_child resolved to 3 based on system RAM and workers
2026-07-13T18:31:40 | INFO     | lib.utils.config | [AUTO] docling_num_threads resolved to 14 (CPU Cores: 14, Total Workers: 1)
2026-07-13T18:31:40 | INFO     | lib.utils.config | [AUTO] CPU Mode workers resolved: 1 (CPU Cores: 14, RAM: 1.3 GB)
2026-07-13T18:31:40 | INFO     | lib.utils.config | [AUTO] max_tasks_per_child resolved to 3 based on system RAM and workers
2026-07-13T18:31:40 | INFO     | lib.utils.config | [AUTO] docling_num_threads resolved to 14 (CPU Cores: 14, Total Workers: 1)
2026-07-13T18:31:40 | INFO     | lib.utils.config | [AUTO] CPU Mode workers resolved: 1 (CPU Cores: 14, RAM: 1.3 GB)
2026-07-13T18:31:40 | INFO     | lib.utils.config | [AUTO] max_tasks_per_child resolved to 3 based on system RAM and workers
2026-07-13T18:31:40 | INFO     | lib.utils.config | [AUTO] docling_num_threads resolved to 14 (CPU Cores: 14, Total Workers: 1)
2026-07-13T18:31:40 | INFO     | lib.s4_rad_prep.trace_generator | Generating teacher traces for 3 prompts in batches of 2
2026-07-13T18:31:40 | INFO     | lib.s4_rad_prep.trace_generator | Writing and filtering generated traces
2026-07-13T18:31:40 | INFO     | lib.utils.config | [AUTO] CPU Mode workers resolved: 1 (CPU Cores: 14, RAM: 1.3 GB)
2026-07-13T18:31:40 | INFO     | lib.utils.config | [AUTO] max_tasks_per_child resolved to 3 based on system RAM and workers
2026-07-13T18:31:40 | INFO     | lib.utils.config | [AUTO] docling_num_threads resolved to 14 (CPU Cores: 14, Total Workers: 1)
2026-07-13T18:31:40 | INFO     | lib.s4_rad_prep.rad_prep | Starting RAD Prep Pipeline in mode: full
2026-07-13T18:31:40 | INFO     | lib.s4_rad_prep.rad_prep | Chunking and indexing retrieval corpus...
2026-07-13T18:31:40 | INFO     | lib.s4_rad_prep.chunker | Loading tokenizer from model: HuggingFaceTB/SmolLM2-135M
2026-07-13T18:31:40 | INFO     | lib.s4_rad_prep.chunker | Processing corpus from C:\Users\rajav\AppData\Local\Temp\tmps0e02czg\retrieval_corpus.jsonl
2026-07-13T18:31:40 | INFO     | lib.s4_rad_prep.chunker | Successfully chunked corpus: generated 3 chunks and saved to C:\Users\rajav\AppData\Local\Temp\tmps0e02czg\chunks.jsonl
2026-07-13T18:31:40 | INFO     | lib.s4_rad_prep.indexer | Embedding 3 chunks with batch size 2
2026-07-13T18:31:40 | INFO     | lib.s4_rad_prep.indexer | Building FAISS IndexFlatIP with dimension 4
2026-07-13T18:31:40 | INFO     | lib.s4_rad_prep.indexer | Saving FAISS index to C:\Users\rajav\AppData\Local\Temp\tmps0e02czg\index\index.faiss
2026-07-13T18:31:40 | INFO     | lib.s4_rad_prep.indexer | Saving chunk metadata to C:\Users\rajav\AppData\Local\Temp\tmps0e02czg\index\chunks_metadata.jsonl
2026-07-13T18:31:40 | INFO     | lib.s4_rad_prep.indexer | Saving manifest to C:\Users\rajav\AppData\Local\Temp\tmps0e02czg\index\index_manifest.json
2026-07-13T18:31:40 | INFO     | lib.s4_rad_prep.indexer | Indexing complete.
2026-07-13T18:31:40 | INFO     | lib.s4_rad_prep.rad_prep | Generating grounded teacher traces...
2026-07-13T18:31:40 | INFO     | lib.s4_rad_prep.retriever | Loading chunks from C:\Users\rajav\AppData\Local\Temp\tmps0e02czg\chunks.jsonl
2026-07-13T18:31:40 | INFO     | lib.s4_rad_prep.retriever | Loading FAISS index from C:\Users\rajav\AppData\Local\Temp\tmps0e02czg\index\index.faiss
2026-07-13T18:31:40 | INFO     | lib.s4_rad_prep.retriever | Initializing BM25: tokenizing chunks (this may take a few moments for large corpora)
2026-07-13T18:31:40 | INFO     | lib.s4_rad_prep.retriever | Saving tokenized corpus cache to C:\Users\rajav\AppData\Local\Temp\tmps0e02czg\index\bm25_tokenized_corpus.json
2026-07-13T18:31:40 | INFO     | lib.s4_rad_prep.rad_prep | Retrieving context for 2 samples using mode hybrid
2026-07-13T18:31:40 | INFO     | lib.s4_rad_prep.trace_generator | Generating teacher traces for 2 prompts in batches of 2
2026-07-13T18:31:40 | INFO     | lib.s4_rad_prep.trace_generator | Writing and filtering generated traces
2026-07-13T18:31:40 | INFO     | lib.s4_rad_prep.rad_prep | Writing phase manifest to C:\Users\rajav\AppData\Local\Temp\tmps0e02czg\logs\rad_prep\phase_manifest.json
2026-07-13T18:31:40 | INFO     | lib.s4_rad_prep.rad_prep | RAD Prep pipeline completed trace generation. Status: complete
2026-07-13T18:31:40 | INFO     | lib.utils.config | [AUTO] CPU Mode workers resolved: 1 (CPU Cores: 14, RAM: 1.3 GB)
2026-07-13T18:31:40 | INFO     | lib.utils.config | [AUTO] max_tasks_per_child resolved to 3 based on system RAM and workers
2026-07-13T18:31:40 | INFO     | lib.utils.config | [AUTO] docling_num_threads resolved to 14 (CPU Cores: 14, Total Workers: 1)
2026-07-13T18:31:41 | INFO     | lib.s4_rad_prep.trace_generator | Initializing AWS Bedrock Runtime client in region ap-south-1
2026-07-13T18:31:41 | INFO     | lib.s4_rad_prep.trace_generator | Sending 1 concurrent Bedrock requests with 1 workers
2026-07-13T18:31:41 | INFO     | lib.utils.config | [AUTO] CPU Mode workers resolved: 1 (CPU Cores: 14, RAM: 1.3 GB)
2026-07-13T18:31:41 | INFO     | lib.utils.config | [AUTO] max_tasks_per_child resolved to 3 based on system RAM and workers
2026-07-13T18:31:41 | INFO     | lib.utils.config | [AUTO] docling_num_threads resolved to 14 (CPU Cores: 14, Total Workers: 1)
2026-07-13T18:31:41 | INFO     | lib.s6_teacher_benchmarking.eval_sampler | Loading clustering splits from C:\Users\rajav\AppData\Local\Temp\tmpp6lhgn1v\splits.json...
2026-07-13T18:31:41 | INFO     | lib.s6_teacher_benchmarking.eval_sampler | Loading traces from C:\Users\rajav\AppData\Local\Temp\tmpp6lhgn1v\traces\grounded_traces.jsonl for evaluation sampler...
2026-07-13T18:31:41 | INFO     | lib.s6_teacher_benchmarking.eval_sampler | Loading traces from C:\Users\rajav\AppData\Local\Temp\tmpp6lhgn1v\traces\no_retrieval_traces.jsonl for evaluation sampler...
2026-07-13T18:31:41 | INFO     | lib.s6_teacher_benchmarking.eval_sampler | Prepared 2 eval samples for cluster cluster_000.
2026-07-13T18:31:41 | INFO     | lib.s6_teacher_benchmarking.eval_sampler | Prepared 2 eval samples for cluster cluster_001.
2026-07-13T18:31:41 | INFO     | lib.utils.config | [AUTO] CPU Mode workers resolved: 1 (CPU Cores: 14, RAM: 1.3 GB)
2026-07-13T18:31:41 | INFO     | lib.utils.config | [AUTO] max_tasks_per_child resolved to 3 based on system RAM and workers
2026-07-13T18:31:41 | INFO     | lib.utils.config | [AUTO] docling_num_threads resolved to 14 (CPU Cores: 14, Total Workers: 1)
2026-07-13T18:31:41 | INFO     | lib.s6_teacher_benchmarking.eval_sampler | Loading clustering splits from C:\Users\rajav\AppData\Local\Temp\tmp4cu4raue\splits.json...
2026-07-13T18:31:41 | INFO     | lib.s6_teacher_benchmarking.eval_sampler | Loading traces from C:\Users\rajav\AppData\Local\Temp\tmp4cu4raue\traces\grounded_traces.jsonl for evaluation sampler...
2026-07-13T18:31:41 | WARNING  | lib.s6_teacher_benchmarking.eval_sampler | Trace file not found: C:\Users\rajav\AppData\Local\Temp\tmp4cu4raue\traces\no_retrieval_traces.jsonl
2026-07-13T18:31:41 | WARNING  | lib.s6_teacher_benchmarking.eval_sampler | Cluster cluster_000: Missed 1 trace records for validation doc IDs.
2026-07-13T18:31:41 | WARNING  | lib.s6_teacher_benchmarking.eval_sampler | Cluster cluster_000 has only 1 eval samples, which is below min_eval_samples=2.
2026-07-13T18:31:41 | INFO     | lib.s6_teacher_benchmarking.eval_sampler | Prepared 1 eval samples for cluster cluster_000.
2026-07-13T18:31:41 | WARNING  | lib.s6_teacher_benchmarking.eval_sampler | Cluster cluster_001: Missed 2 trace records for validation doc IDs.
2026-07-13T18:31:41 | WARNING  | lib.s6_teacher_benchmarking.eval_sampler | Cluster cluster_001 has only 0 eval samples, which is below min_eval_samples=2.
2026-07-13T18:31:41 | INFO     | lib.s6_teacher_benchmarking.eval_sampler | Prepared 0 eval samples for cluster cluster_001.
2026-07-13T18:31:41 | INFO     | lib.utils.config | [AUTO] CPU Mode workers resolved: 1 (CPU Cores: 14, RAM: 1.3 GB)
2026-07-13T18:31:41 | INFO     | lib.utils.config | [AUTO] max_tasks_per_child resolved to 3 based on system RAM and workers
2026-07-13T18:31:41 | INFO     | lib.utils.config | [AUTO] docling_num_threads resolved to 14 (CPU Cores: 14, Total Workers: 1)
2026-07-13T18:31:41 | INFO     | lib.s6_teacher_benchmarking.eval_sampler | Loading clustering splits from C:\Users\rajav\AppData\Local\Temp\tmpzss8tvqv\splits.json...
2026-07-13T18:31:41 | INFO     | lib.s6_teacher_benchmarking.eval_sampler | Loading traces from C:\Users\rajav\AppData\Local\Temp\tmpzss8tvqv\traces\grounded_traces.jsonl for evaluation sampler...
2026-07-13T18:31:41 | INFO     | lib.s6_teacher_benchmarking.eval_sampler | Loading traces from C:\Users\rajav\AppData\Local\Temp\tmpzss8tvqv\traces\no_retrieval_traces.jsonl for evaluation sampler...
2026-07-13T18:31:41 | WARNING  | lib.s6_teacher_benchmarking.eval_sampler | Cluster cluster_000 has only 2 eval samples, which is below min_eval_samples=10.
2026-07-13T18:31:41 | INFO     | lib.s6_teacher_benchmarking.eval_sampler | Prepared 2 eval samples for cluster cluster_000.
2026-07-13T18:31:41 | WARNING  | lib.s6_teacher_benchmarking.eval_sampler | Cluster cluster_001 has only 2 eval samples, which is below min_eval_samples=10.
2026-07-13T18:31:41 | INFO     | lib.s6_teacher_benchmarking.eval_sampler | Prepared 2 eval samples for cluster cluster_001.
2026-07-13T18:31:41 | INFO     | lib.utils.config | [AUTO] CPU Mode workers resolved: 1 (CPU Cores: 14, RAM: 1.3 GB)
2026-07-13T18:31:41 | INFO     | lib.utils.config | [AUTO] max_tasks_per_child resolved to 3 based on system RAM and workers
2026-07-13T18:31:41 | INFO     | lib.utils.config | [AUTO] docling_num_threads resolved to 14 (CPU Cores: 14, Total Workers: 1)
2026-07-13T18:31:41 | INFO     | lib.utils.config | [AUTO] CPU Mode workers resolved: 1 (CPU Cores: 14, RAM: 1.3 GB)
2026-07-13T18:31:41 | INFO     | lib.utils.config | [AUTO] max_tasks_per_child resolved to 3 based on system RAM and workers
2026-07-13T18:31:41 | INFO     | lib.utils.config | [AUTO] docling_num_threads resolved to 14 (CPU Cores: 14, Total Workers: 1)
2026-07-13T18:31:41 | WARNING  | lib.s6_teacher_benchmarking.reasoning_judge | Judge parse failed on first attempt for sample doc_1. Retrying...
2026-07-13T18:31:41 | INFO     | lib.utils.config | [AUTO] CPU Mode workers resolved: 1 (CPU Cores: 14, RAM: 1.3 GB)
2026-07-13T18:31:41 | INFO     | lib.utils.config | [AUTO] max_tasks_per_child resolved to 3 based on system RAM and workers
2026-07-13T18:31:41 | INFO     | lib.utils.config | [AUTO] docling_num_threads resolved to 14 (CPU Cores: 14, Total Workers: 1)
2026-07-13T18:31:41 | INFO     | lib.utils.config | [AUTO] CPU Mode workers resolved: 1 (CPU Cores: 14, RAM: 1.3 GB)
2026-07-13T18:31:41 | INFO     | lib.utils.config | [AUTO] max_tasks_per_child resolved to 3 based on system RAM and workers
2026-07-13T18:31:41 | INFO     | lib.utils.config | [AUTO] docling_num_threads resolved to 14 (CPU Cores: 14, Total Workers: 1)
2026-07-13T18:31:41 | INFO     | lib.s6_teacher_benchmarking.hallucination_detector | Loaded 86 terms for invented terminology vocabulary check.
2026-07-13T18:31:41 | INFO     | lib.s6_teacher_benchmarking.hallucination_detector | Loading NLI cross-encoder model: mock-nli
2026-07-13T18:31:41 | INFO     | lib.utils.config | [AUTO] CPU Mode workers resolved: 1 (CPU Cores: 14, RAM: 1.3 GB)
2026-07-13T18:31:41 | INFO     | lib.utils.config | [AUTO] max_tasks_per_child resolved to 3 based on system RAM and workers
2026-07-13T18:31:41 | INFO     | lib.utils.config | [AUTO] docling_num_threads resolved to 14 (CPU Cores: 14, Total Workers: 1)
2026-07-13T18:31:41 | INFO     | lib.s6_teacher_benchmarking.hallucination_detector | Loaded 86 terms for invented terminology vocabulary check.
2026-07-13T18:31:41 | INFO     | lib.utils.config | [AUTO] CPU Mode workers resolved: 1 (CPU Cores: 14, RAM: 1.3 GB)
2026-07-13T18:31:41 | INFO     | lib.utils.config | [AUTO] max_tasks_per_child resolved to 3 based on system RAM and workers
2026-07-13T18:31:41 | INFO     | lib.utils.config | [AUTO] docling_num_threads resolved to 14 (CPU Cores: 14, Total Workers: 1)
2026-07-13T18:31:41 | INFO     | lib.s6_teacher_benchmarking.hallucination_detector | Loaded 86 terms for invented terminology vocabulary check.
2026-07-13T18:31:41 | INFO     | lib.s6_teacher_benchmarking.hallucination_detector | Loading NLI cross-encoder model: mock-nli
2026-07-13T18:31:41 | INFO     | lib.utils.config | [AUTO] CPU Mode workers resolved: 1 (CPU Cores: 14, RAM: 1.3 GB)
2026-07-13T18:31:41 | INFO     | lib.utils.config | [AUTO] max_tasks_per_child resolved to 3 based on system RAM and workers
2026-07-13T18:31:41 | INFO     | lib.utils.config | [AUTO] docling_num_threads resolved to 14 (CPU Cores: 14, Total Workers: 1)
2026-07-13T18:31:41 | INFO     | lib.s6_teacher_benchmarking.eval_sampler | Loading clustering splits from C:\Users\rajav\AppData\Local\Temp\tmplcu840rm\splits.json...
2026-07-13T18:31:41 | INFO     | lib.s6_teacher_benchmarking.eval_sampler | Loading traces from C:\Users\rajav\AppData\Local\Temp\tmplcu840rm\traces\grounded_traces.jsonl for evaluation sampler...
2026-07-13T18:31:41 | INFO     | lib.s6_teacher_benchmarking.eval_sampler | Loading traces from C:\Users\rajav\AppData\Local\Temp\tmplcu840rm\traces\no_retrieval_traces.jsonl for evaluation sampler...
2026-07-13T18:31:41 | INFO     | lib.s6_teacher_benchmarking.eval_sampler | Prepared 2 eval samples for cluster cluster_000.
2026-07-13T18:31:41 | INFO     | lib.s6_teacher_benchmarking.eval_sampler | Prepared 2 eval samples for cluster cluster_001.
2026-07-13T18:31:41 | INFO     | lib.s6_teacher_benchmarking.benchmark_runner | Initializing scorers...
2026-07-13T18:31:41 | INFO     | lib.s6_teacher_benchmarking.hallucination_detector | Loaded 86 terms for invented terminology vocabulary check.
2026-07-13T18:31:41 | INFO     | lib.s6_teacher_benchmarking.benchmark_runner | Loading student tokenizer 'HuggingFaceTB/SmolLM2-135M' for token counting...
2026-07-13T18:31:41 | INFO     | lib.s6_teacher_benchmarking.benchmark_runner | Starting benchmarking for teacher model: Qwen/Qwen3-1.7B
2026-07-13T18:31:41 | INFO     | lib.s6_teacher_benchmarking.benchmark_runner | Evaluating teacher Qwen/Qwen3-1.7B on cluster cluster_000 with 2 samples...
2026-07-13T18:31:41 | INFO     | lib.s6_teacher_benchmarking.hallucination_detector | Loading NLI cross-encoder model: mock-nli
2026-07-13T18:31:41 | INFO     | lib.s6_teacher_benchmarking.benchmark_runner | Evaluating teacher Qwen/Qwen3-1.7B on cluster cluster_001 with 2 samples...
2026-07-13T18:31:41 | INFO     | lib.utils.config | [AUTO] CPU Mode workers resolved: 1 (CPU Cores: 14, RAM: 1.3 GB)
2026-07-13T18:31:41 | INFO     | lib.utils.config | [AUTO] max_tasks_per_child resolved to 3 based on system RAM and workers
2026-07-13T18:31:41 | INFO     | lib.utils.config | [AUTO] docling_num_threads resolved to 14 (CPU Cores: 14, Total Workers: 1)
2026-07-13T18:31:41 | INFO     | lib.s6_teacher_benchmarking.benchmark_reporter | Initializing benchmark reporter...
2026-07-13T18:31:41 | INFO     | lib.s6_teacher_benchmarking.benchmark_reporter | Writing per-teacher × cluster scores to C:\Users\rajav\AppData\Local\Temp\tmp51w_gxpg\benchmarking\scores.jsonl...
2026-07-13T18:31:41 | INFO     | lib.s6_teacher_benchmarking.benchmark_reporter | Writing benchmark manifest to C:\Users\rajav\AppData\Local\Temp\tmp51w_gxpg\benchmarking\benchmark_manifest.json...
2026-07-13T18:31:41 | INFO     | lib.utils.config | [AUTO] CPU Mode workers resolved: 1 (CPU Cores: 14, RAM: 1.3 GB)
2026-07-13T18:31:41 | INFO     | lib.utils.config | [AUTO] max_tasks_per_child resolved to 3 based on system RAM and workers
2026-07-13T18:31:41 | INFO     | lib.utils.config | [AUTO] docling_num_threads resolved to 14 (CPU Cores: 14, Total Workers: 1)
2026-07-13T18:31:41 | INFO     | lib.s6_teacher_benchmarking.benchmark_reporter | Initializing benchmark reporter...
2026-07-13T18:31:41 | INFO     | lib.s6_teacher_benchmarking.benchmark_reporter | Writing per-teacher × cluster scores to C:\Users\rajav\AppData\Local\Temp\tmpdxrrd_98\benchmarking\scores.jsonl...
2026-07-13T18:31:41 | INFO     | lib.s6_teacher_benchmarking.benchmark_reporter | Writing benchmark manifest to C:\Users\rajav\AppData\Local\Temp\tmpdxrrd_98\benchmarking\benchmark_manifest.json...
2026-07-13T18:31:41 | INFO     | lib.utils.config | [AUTO] CPU Mode workers resolved: 1 (CPU Cores: 14, RAM: 1.3 GB)
2026-07-13T18:31:41 | INFO     | lib.utils.config | [AUTO] max_tasks_per_child resolved to 3 based on system RAM and workers
2026-07-13T18:31:41 | INFO     | lib.utils.config | [AUTO] docling_num_threads resolved to 14 (CPU Cores: 14, Total Workers: 1)
2026-07-13T18:31:41 | INFO     | lib.s6_teacher_benchmarking.teacher_benchmarking | Starting Phase 2, Step 2.1 — Teacher Benchmarking...
2026-07-13T18:31:41 | INFO     | lib.s6_teacher_benchmarking.eval_sampler | Loading clustering splits from C:\Users\rajav\AppData\Local\Temp\tmpsq4m0sfd\splits.json...
2026-07-13T18:31:41 | INFO     | lib.s6_teacher_benchmarking.eval_sampler | Loading traces from C:\Users\rajav\AppData\Local\Temp\tmpsq4m0sfd\traces\grounded_traces.jsonl for evaluation sampler...
2026-07-13T18:31:41 | INFO     | lib.s6_teacher_benchmarking.eval_sampler | Loading traces from C:\Users\rajav\AppData\Local\Temp\tmpsq4m0sfd\traces\no_retrieval_traces.jsonl for evaluation sampler...
2026-07-13T18:31:41 | INFO     | lib.s6_teacher_benchmarking.eval_sampler | Prepared 2 eval samples for cluster cluster_000.
2026-07-13T18:31:41 | INFO     | lib.s6_teacher_benchmarking.eval_sampler | Prepared 2 eval samples for cluster cluster_001.
2026-07-13T18:31:41 | INFO     | lib.s6_teacher_benchmarking.benchmark_runner | Initializing scorers...
2026-07-13T18:31:41 | INFO     | lib.s6_teacher_benchmarking.hallucination_detector | Loaded 86 terms for invented terminology vocabulary check.
2026-07-13T18:31:41 | INFO     | lib.s6_teacher_benchmarking.benchmark_runner | Loading student tokenizer 'HuggingFaceTB/SmolLM2-135M' for token counting...
2026-07-13T18:31:41 | INFO     | lib.s6_teacher_benchmarking.benchmark_runner | Starting benchmarking for teacher model: Qwen/Qwen3-1.7B
2026-07-13T18:31:41 | INFO     | lib.s6_teacher_benchmarking.benchmark_runner | Evaluating teacher Qwen/Qwen3-1.7B on cluster cluster_000 with 2 samples...
2026-07-13T18:31:41 | INFO     | lib.s6_teacher_benchmarking.hallucination_detector | Loading NLI cross-encoder model: mock-nli
2026-07-13T18:31:41 | INFO     | lib.s6_teacher_benchmarking.benchmark_runner | Evaluating teacher Qwen/Qwen3-1.7B on cluster cluster_001 with 2 samples...
2026-07-13T18:31:41 | INFO     | lib.s6_teacher_benchmarking.benchmark_reporter | Initializing benchmark reporter...
2026-07-13T18:31:41 | INFO     | lib.s6_teacher_benchmarking.benchmark_reporter | Writing per-teacher × cluster scores to C:\Users\rajav\AppData\Local\Temp\tmpsq4m0sfd\benchmarking\scores.jsonl...
2026-07-13T18:31:41 | INFO     | lib.s6_teacher_benchmarking.benchmark_reporter | Writing benchmark manifest to C:\Users\rajav\AppData\Local\Temp\tmpsq4m0sfd\benchmarking\benchmark_manifest.json...
2026-07-13T18:31:41 | INFO     | lib.s6_teacher_benchmarking.teacher_benchmarking | Teacher Benchmarking pipeline step completed successfully.
2026-07-13T18:42:56 | INFO     | lib.s2_pretokenize.pretokenize.run_pretokenization | Starting pre-tokenization of data\dapt\domain_dapt_corpus.jsonl
2026-07-13T18:42:56 | INFO     | lib.s2_pretokenize.pretokenize.run_pretokenization | Base model tokenizer: HuggingFaceTB/SmolLM2-135M
2026-07-13T18:42:56 | INFO     | lib.s2_pretokenize.pretokenize.run_pretokenization | Output bin path: data\dapt\train_tokens.npy
2026-07-13T18:42:56 | INFO     | lib.s2_pretokenize.pretokenize.run_pretokenization | Validation ppl corpus path: data\dapt\ppl_validation_tokens.npy
2026-07-13T18:42:56 | INFO     | lib.s2_pretokenize.pretokenize.run_pretokenization | Corpus split: 1004 training docs, 251 validation docs.
2026-07-13T18:42:58 | INFO     | lib.s2_pretokenize.pretokenize.run_pretokenization | Successfully tokenized and wrote 251 validation documents (241,796 tokens) to data\dapt\ppl_validation_tokens.npy
2026-07-13T18:42:59 | INFO     | lib.s2_pretokenize.pretokenize.run_pretokenization | Tokenized 100/1004 training documents...
2026-07-13T18:43:00 | INFO     | lib.s2_pretokenize.pretokenize.run_pretokenization | Tokenized 200/1004 training documents...
2026-07-13T18:43:01 | INFO     | lib.s2_pretokenize.pretokenize.run_pretokenization | Tokenized 300/1004 training documents...
2026-07-13T18:43:02 | INFO     | lib.s2_pretokenize.pretokenize.run_pretokenization | Tokenized 400/1004 training documents...
2026-07-13T18:43:03 | INFO     | lib.s2_pretokenize.pretokenize.run_pretokenization | Tokenized 500/1004 training documents...
2026-07-13T18:43:04 | INFO     | lib.s2_pretokenize.pretokenize.run_pretokenization | Tokenized 600/1004 training documents...
2026-07-13T18:43:05 | INFO     | lib.s2_pretokenize.pretokenize.run_pretokenization | Tokenized 700/1004 training documents...
2026-07-13T18:43:05 | INFO     | lib.s2_pretokenize.pretokenize.run_pretokenization | Tokenized 800/1004 training documents...
2026-07-13T18:43:05 | INFO     | lib.s2_pretokenize.pretokenize.run_pretokenization | Tokenized 900/1004 training documents...
2026-07-13T18:43:05 | INFO     | lib.s2_pretokenize.pretokenize.run_pretokenization | Tokenized 1000/1004 training documents...
2026-07-13T18:43:05 | INFO     | lib.s2_pretokenize.pretokenize.run_pretokenization | Successfully saved 4,333,553 training tokens to data\dapt\train_tokens.npy
2026-07-13T18:44:03 | INFO     | lib.s2_pretokenize.pretokenize.run_pretokenization | Starting pre-tokenization of data\dapt\domain_dapt_corpus.jsonl
2026-07-13T18:44:03 | INFO     | lib.s2_pretokenize.pretokenize.run_pretokenization | Base model tokenizer: HuggingFaceTB/SmolLM2-135M
2026-07-13T18:44:03 | INFO     | lib.s2_pretokenize.pretokenize.run_pretokenization | Output bin path: data\dapt\train_tokens.npy
2026-07-13T18:44:03 | INFO     | lib.s2_pretokenize.pretokenize.run_pretokenization | Validation ppl corpus path: data\dapt\ppl_validation_tokens.npy
2026-07-13T18:44:03 | INFO     | lib.s2_pretokenize.pretokenize.run_pretokenization | Corpus split: 1004 training docs, 251 validation docs.
2026-07-13T18:44:04 | INFO     | lib.s2_pretokenize.pretokenize.run_pretokenization | Successfully tokenized and wrote 251 validation documents (241,796 tokens) to data\dapt\ppl_validation_tokens.npy
2026-07-13T18:44:05 | INFO     | lib.s2_pretokenize.pretokenize.run_pretokenization | Tokenized 100/1004 training documents...
2026-07-13T18:44:06 | INFO     | lib.s2_pretokenize.pretokenize.run_pretokenization | Tokenized 200/1004 training documents...
2026-07-13T18:44:07 | INFO     | lib.s2_pretokenize.pretokenize.run_pretokenization | Tokenized 300/1004 training documents...
2026-07-13T18:44:08 | INFO     | lib.s2_pretokenize.pretokenize.run_pretokenization | Tokenized 400/1004 training documents...
2026-07-13T18:44:09 | INFO     | lib.s2_pretokenize.pretokenize.run_pretokenization | Tokenized 500/1004 training documents...
2026-07-13T18:44:10 | INFO     | lib.s2_pretokenize.pretokenize.run_pretokenization | Tokenized 600/1004 training documents...
2026-07-13T18:44:10 | INFO     | lib.s2_pretokenize.pretokenize.run_pretokenization | Tokenized 700/1004 training documents...
2026-07-13T18:44:10 | INFO     | lib.s2_pretokenize.pretokenize.run_pretokenization | Tokenized 800/1004 training documents...
2026-07-13T18:44:10 | INFO     | lib.s2_pretokenize.pretokenize.run_pretokenization | Tokenized 900/1004 training documents...
2026-07-13T18:44:11 | INFO     | lib.s2_pretokenize.pretokenize.run_pretokenization | Tokenized 1000/1004 training documents...
2026-07-13T18:44:11 | INFO     | lib.s2_pretokenize.pretokenize.run_pretokenization | Successfully saved 4,333,553 training tokens to data\dapt\train_tokens.npy
2026-07-13T18:49:34 | INFO     | lib.s1_build_corpus.build_corpus.run_corpus_builder | [AUTO] CPU Mode workers resolved: 1 (CPU Cores: 14, RAM: 1.8 GB)
2026-07-13T18:49:34 | INFO     | lib.s1_build_corpus.build_corpus.run_corpus_builder | [AUTO] max_tasks_per_child resolved to 3 based on system RAM and workers
2026-07-13T18:49:34 | INFO     | lib.s1_build_corpus.build_corpus.run_corpus_builder | [AUTO] docling_num_threads resolved to 14 (CPU Cores: 14, Total Workers: 1)
2026-07-13T18:49:34 | INFO     | lib.s1_build_corpus.build_corpus.run_corpus_builder | [START] Docling pipeline | 1 workers | GPUs [-1]
2026-07-13T18:49:34 | INFO     | lib.s1_build_corpus.build_corpus.run_corpus_builder | [PLAN] Queued PDF Clinical Neuroscience.pdf (479 pages) in 54 chunks asynchronously...
2026-07-13T18:49:34 | INFO     | lib.s1_build_corpus.build_corpus.run_corpus_builder | [PLAN] Queued PDF Brain Architecture Understanding the Basic Plan.pdf (348 pages) in 39 chunks asynchronously...
2026-07-13T18:49:42 | INFO     | lib.s1_build_corpus.worker.worker_init | [WORKER INIT] Docling ready on cpu (GPU -1 requested)
2026-07-13T18:50:06 | INFO     | lib.s1_build_corpus.worker.worker_init | [WORKER INIT] Docling ready on cpu (GPU -1 requested)
2026-07-13T18:52:28 | INFO     | lib.s1_build_corpus.worker.worker_init | [WORKER INIT] Docling ready on cpu (GPU 0 requested)
2026-07-13T18:52:28 | INFO     | lib.s1_build_corpus.worker.worker_init | [WORKER INIT] Docling ready on cpu (GPU 0 requested)
2026-07-13T18:52:28 | INFO     | lib.utils.config | [AUTO] max_tasks_per_child resolved to 3 based on system RAM and workers
2026-07-13T18:52:28 | INFO     | lib.utils.config | [AUTO] docling_num_threads resolved to 14 (CPU Cores: 14, Total Workers: 1)
2026-07-13T18:52:28 | INFO     | lib.s1_build_corpus.build_corpus | [START] Docling pipeline | 1 workers | GPUs [0]
2026-07-13T18:52:28 | INFO     | lib.s1_build_corpus.build_corpus | [PLAN] Queued PDF paper.pdf (5 pages) in 2 chunks asynchronously...
2026-07-13T18:52:28 | INFO     | lib.s1_build_corpus.build_corpus | [OK] #0 paper.pdf (chunk 0) | 50 tokens | cumulative 50
2026-07-13T18:52:28 | INFO     | lib.s1_build_corpus.build_corpus | [OK] #1 paper.pdf (chunk 0) | 50 tokens | cumulative 100
2026-07-13T18:52:28 | INFO     | lib.s1_build_corpus.build_corpus | [DONE] Docling - 2 chunks from documents, 100 tokens -> C:\Users\rajav\AppData\Local\Temp\tmpu9gwg1bt\output.jsonl
2026-07-13T18:52:28 | INFO     | lib.s1_build_corpus.worker.worker_init | [WORKER INIT] Docling ready on cpu (GPU 0 requested)
2026-07-13T18:52:28 | INFO     | lib.s1_build_corpus.worker.worker_init | [WORKER INIT] Docling ready on cpu (GPU 0 requested)
2026-07-13T18:52:28 | INFO     | lib.utils.config | [AUTO] Detected GPUs: [0]
2026-07-13T18:52:28 | INFO     | lib.utils.config | [AUTO] GPU workers per device resolved: 4 (Min VRAM: 16.0 GB)
2026-07-13T18:52:28 | INFO     | lib.utils.config | [AUTO] Chunk size resolved to 10 pages for 4 workers
2026-07-13T18:52:28 | INFO     | lib.utils.config | [AUTO] max_tasks_per_child resolved to 8 based on system RAM and workers
2026-07-13T18:52:28 | INFO     | lib.utils.config | [AUTO] docling_num_threads resolved to 2 (CPU Cores: 8, Total Workers: 4)
2026-07-13T18:52:28 | INFO     | lib.utils.config | [AUTO] No GPUs detected. Falling back to CPU mode.
2026-07-13T18:52:28 | INFO     | lib.utils.config | [AUTO] CPU Mode workers resolved: 4 (CPU Cores: 8, RAM: 32.0 GB)
2026-07-13T18:52:28 | INFO     | lib.utils.config | [AUTO] Chunk size resolved to 10 pages for 4 workers
2026-07-13T18:52:28 | INFO     | lib.utils.config | [AUTO] max_tasks_per_child resolved to 8 based on system RAM and workers
2026-07-13T18:52:28 | INFO     | lib.utils.config | [AUTO] docling_num_threads resolved to 2 (CPU Cores: 8, Total Workers: 4)
2026-07-13T18:52:28 | INFO     | lib.utils.config | [AUTO] CPU Mode workers resolved: 1 (CPU Cores: 14, RAM: 2.7 GB)
2026-07-13T18:52:28 | INFO     | lib.utils.config | [AUTO] max_tasks_per_child resolved to 3 based on system RAM and workers
2026-07-13T18:52:28 | INFO     | lib.utils.config | [AUTO] docling_num_threads resolved to 14 (CPU Cores: 14, Total Workers: 1)
2026-07-13T18:52:28 | INFO     | lib.s3_dapt.dapt._run_dapt_pipeline_impl | 
============================================================
  DAPT Step 0.3 Configuration
============================================================
  Model           : dummy-model
  Corpus tokens   : 4000.0K
  Max passes      : 1
  Hard stop       : 4000.0K tokens
  Eval interval   : 4000K tokens
  Slow eval int   : 4000K tokens
  Probe 1 - Perplexity gate: < 2.0% for 2 consecutive evals (Enabled: True)
  Probe 2 - QA gate        : >= 55% (Enabled: True)
  Probe 3 - Cloze gate     : >= 80% (Enabled: True)
  Probe 4 - Concept gate   : >= 60% (Enabled: True)
  RAD Embedding   : biolinkbert
  RAD Mode        : hybrid
  RAD Top-K       : 7
  RAD Threshold   : 0.65
  Checkpoint dir  : C:\Users\rajav\AppData\Local\Temp\tmpxxmf5rnz\out_model
  Log dir         : logs
============================================================

2026-07-13T18:52:28 | INFO     | lib.s3_dapt.dapt._run_dapt_pipeline_impl | Using device: cpu
2026-07-13T18:52:28 | INFO     | lib.s3_dapt.dapt._run_dapt_pipeline_impl | Loading memory-mapped training tokens from C:\Users\rajav\AppData\Local\Temp\tmpxxmf5rnz\train_tokens.npy
2026-07-13T18:52:28 | INFO     | lib.s3_dapt.dapt._run_dapt_pipeline_impl | Loaded 1 training blocks of size 512.
2026-07-13T18:52:28 | INFO     | dapt.training_helpers | Using Adafactor optimizer for CPU training.
2026-07-13T18:52:28 | INFO     | lib.s3_dapt.dapt._run_dapt_pipeline_impl | Running baseline evaluation on the base model...
2026-07-13T18:52:28 | INFO     | lib.s3_dapt.dapt._run_dapt_pipeline_impl | Starting pretraining loop...
2026-07-13T18:52:28 | INFO     | lib.s3_dapt.dapt._run_dapt_pipeline_impl | 
############################################################
  Corpus pass 1/1
############################################################
2026-07-13T18:52:28 | INFO     | lib.s3_dapt.dapt._run_dapt_pipeline_impl | Completed corpus pass 1. Total tokens: 0.00B
2026-07-13T18:52:28 | WARNING  | lib.s3_dapt.dapt._run_dapt_pipeline_impl | Training loop exhausted without a convergence decision. Running final gate check.
2026-07-13T18:52:28 | INFO     | dapt.eval_runner | 
==============================================================
  Starting Eval #2 | Tokens: 0.5K | Pass: 0.000x | Slow probes=False (SciBERT=False)
  Active probes: PPL=True, QA=True, Cloze=True, Concept=True
==============================================================
2026-07-13T18:52:28 | INFO     | dapt.eval_runner |   Running Probe 1 - Perplexity probe...
2026-07-13T18:52:28 | INFO     | dapt.probe.perplexity | Loading pre-tokenized PPL corpus from: C:\Users\rajav\AppData\Local\Temp\tmpxxmf5rnz\ppl_validation_tokens.npy (max 0.2M tokens)
2026-07-13T18:52:28 | INFO     | dapt.probe.perplexity | PPL corpus ready: 0.00K tokens, 0 sequences
2026-07-13T18:52:28 | INFO     | dapt.probe.perplexity | Probe 1 - Perplexity probe: inf  (NLL: inf nats, tokens: 0)
2026-07-13T18:52:28 | INFO     | dapt.eval_runner |   Running Probe 2 - QA probe...
2026-07-13T18:52:28 | WARNING  | dapt.checkpoint | Failed to save torch checkpoint asynchronously: Can't pickle <class 'unittest.mock.MagicMock'>: it's not the same object as unittest.mock.MagicMock
2026-07-13T18:52:28 | INFO     | dapt.probe.qa | Probe 2 - QA probe: 1.0000 (1/1)
2026-07-13T18:52:28 | INFO     | dapt.eval_runner |   Skipping Probe 3 - Cloze probe (carrying forward last metric)...
2026-07-13T18:52:28 | INFO     | dapt.eval_runner |   Skipping Probe 4 - Concept Probe (carrying forward last metric)...
2026-07-13T18:52:28 | INFO     | dapt.eval_runner | 
  Eval #2 summary:
    PPL=inf  QA=1.000  Cloze=0.000  Concept=0.000  (elapsed: 0s)

2026-07-13T18:52:28 | INFO     | dapt.gates | 
--------------------------------------------------------------
  Gate Status @ Eval #  2
--------------------------------------------------------------
  Tokens processed : 0.00B
  Corpus pass      : 0.000x

  PRIMARY GATES (both required for convergence)
  [PASS] QA Accuracy   : 1.0000  (threshold >= 0.55)
  QA history       : [1.0000]
  [FAIL] PPL Plateau   : improvements = [n/a (need >=2 evals)]  (need <2.0% for 2 consecutive)
  PPL history      : [inf]

  SECONDARY GATES (at least one required)
  [FAIL] Cloze Coverage: 0.0000  (threshold >= 0.8)
  Cloze history    : [0.0000]
  [FAIL] Concept Precision : 0.0000  (threshold >= 0.6)
  Concept history  : [0.0000]

  DECISION -> CONTINUE
--------------------------------------------------------------

2026-07-13T18:52:28 | INFO     | dapt.checkpoint | Best checkpoint selected: eval #1 (QA acc=50.0000) → C:\Users\rajav\AppData\Local\Temp\tmpxxmf5rnz\out_model\dapt_eval_0001.pt
2026-07-13T18:52:28 | INFO     | dapt.training_helpers | Loading best checkpoint for final SciBERT evaluation: C:\Users\rajav\AppData\Local\Temp\tmpxxmf5rnz\out_model\dapt_eval_0001.pt
2026-07-13T18:52:28 | INFO     | dapt.checkpoint | Loading checkpoint: C:\Users\rajav\AppData\Local\Temp\tmpxxmf5rnz\out_model\dapt_eval_0001.pt
2026-07-13T18:52:28 | WARNING  | dapt.checkpoint | Failed to load checkpoint from C:\Users\rajav\AppData\Local\Temp\tmpxxmf5rnz\out_model\dapt_eval_0001.pt (expected if dummy mock file): [Errno 2] No such file or directory: 'C:\\Users\\rajav\\AppData\\Local\\Temp\\tmpxxmf5rnz\\out_model\\dapt_eval_0001.pt'
2026-07-13T18:52:28 | INFO     | dapt.eval_runner | 
==============================================================
  Starting Eval #3 | Tokens: 0.5K | Pass: 0.000x | Slow probes=True (SciBERT=True)
  Active probes: PPL=True, QA=True, Cloze=True, Concept=True
==============================================================
2026-07-13T18:52:28 | INFO     | dapt.eval_runner |   Running Probe 1 - Perplexity probe...
2026-07-13T18:52:28 | INFO     | dapt.probe.perplexity | Probe 1 - Perplexity probe: inf  (NLL: inf nats, tokens: 0)
2026-07-13T18:52:28 | INFO     | dapt.eval_runner |   Running Probe 2 - QA probe...
2026-07-13T18:52:28 | INFO     | dapt.probe.qa | Probe 2 - QA probe: 1.0000 (1/1)
2026-07-13T18:52:28 | INFO     | dapt.eval_runner |   Running Probe 3 - Cloze probe...
2026-07-13T18:52:28 | INFO     | dapt.probe.cloze | Generating completions for 115 cloze questions (greedy, batch_size=256)...
2026-07-13T18:52:28 | INFO     | dapt.probe.cloze | Probe 3 - Cloze probe: 0.0000 (0/115)
  Per-category: {'cognitive_psychology': 0.0}
  Sample missed terms: ['psychology', 'neuroscience', 'Sulcus', 'Gyri', 'Dorsal', 'Ventral', 'Rostral', 'Posterior', 'Lateral', 'Medial']
2026-07-13T18:52:28 | INFO     | dapt.eval_runner |   Running Probe 4 - Concept Probe...
2026-07-13T18:52:28 | INFO     | dapt.probe.concept | Generating 118 retrieval responses (greedy, batch_size=16)...
2026-07-13T18:52:28 | INFO     | dapt.probe.concept | Computing BERTScore with model: allenai/scibert_scivocab_uncased
2026-07-13T18:52:28 | INFO     | dapt.probe.concept | Initializing and caching BERTScorer for allenai/scibert_scivocab_uncased on cpu...
2026-07-13T18:52:30 | INFO     | dapt.probe.concept | Probe 4 - Concept Probe: 1.0000 (min=1.000, max=1.000, n=118, low-scoring=0)
2026-07-13T18:52:30 | INFO     | dapt.eval_runner | 
  Eval #3 summary:
    PPL=inf  QA=1.000  Cloze=0.000  Concept=1.000  (elapsed: 2s)

2026-07-13T18:52:30 | ERROR    | dapt.eval_runner | Failed to write failed evaluations JSON file: Object of type MagicMock is not JSON serializable
2026-07-13T18:52:30 | INFO     | dapt.probe.concept | Clearing cached BERTScorers from memory...
2026-07-13T18:52:30 | WARNING  | dapt.gates | 
!!!!!!!!!!!!!!!!!!!!!!!!!!!!!!!!!!!!!!!!!!!!!!!!!!!!!!!!!!!!
  HARD CAP reached — gates NOT fully met
  Failed gates: ['PPL plateau not reached (insufficient eval history)', 'Neither secondary gate met: cloze_cov=0.0000 (need >=0.8), concept_prec=0.0000 (need >=0.6)']
  Recommended action (Priority 3): PROCEED_WITH_RISK_FLAG
  Rationale: QA accuracy is near threshold (or QA probe is disabled), but perplexity plateau or secondary gates may not be fully cleared. Downstream phases may compensate. Action: proceed but document all metric gaps in the risk report and monitor Phase 1+ validation metrics closely.
  Risk report: logs\dapt_hard_cap_risk_report.json
!!!!!!!!!!!!!!!!!!!!!!!!!!!!!!!!!!!!!!!!!!!!!!!!!!!!!!!!!!!!

2026-07-13T18:52:30 | WARNING  | lib.s3_dapt.dapt._run_dapt_pipeline_impl | DAPT completed without convergence. Non-convergence risk report generated.
2026-07-13T18:52:30 | INFO     | lib.s3_dapt.dapt._run_dapt_pipeline_impl | 
============================================================
  DAPT Probe History Summary
============================================================
  Perplexity probe - inf, inf
  QA probe - 1.0000, 1.0000
  Cloze probe - 0.0000, 0.0000
  Concept probe - 0.0000, 1.0000
============================================================

2026-07-13T18:52:32 | INFO     | lib.utils.config | [AUTO] CPU Mode workers resolved: 1 (CPU Cores: 14, RAM: 2.5 GB)
2026-07-13T18:52:32 | INFO     | lib.utils.config | [AUTO] max_tasks_per_child resolved to 3 based on system RAM and workers
2026-07-13T18:52:32 | INFO     | lib.utils.config | [AUTO] docling_num_threads resolved to 14 (CPU Cores: 14, Total Workers: 1)
2026-07-13T18:52:32 | INFO     | lib.s3_dapt.dapt._run_dapt_pipeline_impl | 
============================================================
  DAPT Step 0.3 Configuration
============================================================
  Model           : dummy-model
  Corpus tokens   : 4000.0K
  Max passes      : 1
  Hard stop       : 4000.0K tokens
  Eval interval   : 4000K tokens
  Slow eval int   : 4000K tokens
  Probe 1 - Perplexity gate: < 2.0% for 2 consecutive evals (Enabled: True)
  Probe 2 - QA gate        : >= 55% (Enabled: True)
  Probe 3 - Cloze gate     : >= 80% (Enabled: True)
  Probe 4 - Concept gate   : >= 60% (Enabled: True)
  RAD Embedding   : biolinkbert
  RAD Mode        : hybrid
  RAD Top-K       : 7
  RAD Threshold   : 0.65
  Checkpoint dir  : C:\Users\rajav\AppData\Local\Temp\tmpq4npyplz\out_model
  Log dir         : logs
============================================================

2026-07-13T18:52:32 | INFO     | lib.s3_dapt.dapt._run_dapt_pipeline_impl | Using device: cpu
2026-07-13T18:52:32 | INFO     | dapt.training_helpers | Initialized Weights & Biases run: 
2026-07-13T18:52:32 | INFO     | lib.s3_dapt.dapt._run_dapt_pipeline_impl | Loading memory-mapped training tokens from C:\Users\rajav\AppData\Local\Temp\tmpq4npyplz\train_tokens.npy
2026-07-13T18:52:32 | INFO     | lib.s3_dapt.dapt._run_dapt_pipeline_impl | Loaded 1 training blocks of size 512.
2026-07-13T18:52:32 | INFO     | dapt.training_helpers | Using Adafactor optimizer for CPU training.
2026-07-13T18:52:32 | INFO     | lib.s3_dapt.dapt._run_dapt_pipeline_impl | Running baseline evaluation on the base model...
2026-07-13T18:52:32 | INFO     | lib.s3_dapt.dapt._run_dapt_pipeline_impl | Starting pretraining loop...
2026-07-13T18:52:32 | INFO     | lib.s3_dapt.dapt._run_dapt_pipeline_impl | 
############################################################
  Corpus pass 1/1
############################################################
2026-07-13T18:52:32 | INFO     | lib.s3_dapt.dapt._run_dapt_pipeline_impl | Completed corpus pass 1. Total tokens: 0.00B
2026-07-13T18:52:32 | WARNING  | lib.s3_dapt.dapt._run_dapt_pipeline_impl | Training loop exhausted without a convergence decision. Running final gate check.
2026-07-13T18:52:32 | WARNING  | dapt.checkpoint | Failed to save torch checkpoint asynchronously: Can't pickle <class 'unittest.mock.MagicMock'>: it's not the same object as unittest.mock.MagicMock
2026-07-13T18:52:32 | INFO     | dapt.eval_runner | 
==============================================================
  Starting Eval #2 | Tokens: 0.5K | Pass: 0.000x | Slow probes=False (SciBERT=False)
  Active probes: PPL=True, QA=True, Cloze=True, Concept=True
==============================================================
2026-07-13T18:52:32 | INFO     | dapt.eval_runner |   Running Probe 1 - Perplexity probe...
2026-07-13T18:52:32 | INFO     | dapt.probe.perplexity | Loading pre-tokenized PPL corpus from: C:\Users\rajav\AppData\Local\Temp\tmpq4npyplz\ppl_validation_tokens.npy (max 0.2M tokens)
2026-07-13T18:52:32 | INFO     | dapt.probe.perplexity | PPL corpus ready: 0.00K tokens, 0 sequences
2026-07-13T18:52:32 | INFO     | dapt.probe.perplexity | Probe 1 - Perplexity probe: inf  (NLL: inf nats, tokens: 0)
2026-07-13T18:52:32 | INFO     | dapt.eval_runner |   Running Probe 2 - QA probe...
2026-07-13T18:52:32 | INFO     | dapt.probe.qa | Probe 2 - QA probe: 1.0000 (1/1)
2026-07-13T18:52:32 | INFO     | dapt.eval_runner |   Skipping Probe 3 - Cloze probe (carrying forward last metric)...
2026-07-13T18:52:32 | INFO     | dapt.eval_runner |   Skipping Probe 4 - Concept Probe (carrying forward last metric)...
2026-07-13T18:52:32 | INFO     | dapt.eval_runner | 
  Eval #2 summary:
    PPL=inf  QA=1.000  Cloze=0.000  Concept=0.000  (elapsed: 0s)

2026-07-13T18:52:32 | INFO     | dapt.gates | 
--------------------------------------------------------------
  Gate Status @ Eval #  2
--------------------------------------------------------------
  Tokens processed : 0.00B
  Corpus pass      : 0.000x

  PRIMARY GATES (both required for convergence)
  [PASS] QA Accuracy   : 1.0000  (threshold >= 0.55)
  QA history       : [1.0000]
  [FAIL] PPL Plateau   : improvements = [n/a (need >=2 evals)]  (need <2.0% for 2 consecutive)
  PPL history      : [inf]

  SECONDARY GATES (at least one required)
  [FAIL] Cloze Coverage: 0.0000  (threshold >= 0.8)
  Cloze history    : [0.0000]
  [FAIL] Concept Precision : 0.0000  (threshold >= 0.6)
  Concept history  : [0.0000]

  DECISION -> CONTINUE
--------------------------------------------------------------

2026-07-13T18:52:32 | INFO     | dapt.checkpoint | Best checkpoint selected: eval #1 (QA acc=50.0000) → C:\Users\rajav\AppData\Local\Temp\tmpq4npyplz\out_model\dapt_eval_0001.pt
2026-07-13T18:52:32 | INFO     | dapt.training_helpers | Loading best checkpoint for final SciBERT evaluation: C:\Users\rajav\AppData\Local\Temp\tmpq4npyplz\out_model\dapt_eval_0001.pt
2026-07-13T18:52:32 | INFO     | dapt.checkpoint | Loading checkpoint: C:\Users\rajav\AppData\Local\Temp\tmpq4npyplz\out_model\dapt_eval_0001.pt
2026-07-13T18:52:32 | WARNING  | dapt.checkpoint | Failed to load checkpoint from C:\Users\rajav\AppData\Local\Temp\tmpq4npyplz\out_model\dapt_eval_0001.pt (expected if dummy mock file): [Errno 2] No such file or directory: 'C:\\Users\\rajav\\AppData\\Local\\Temp\\tmpq4npyplz\\out_model\\dapt_eval_0001.pt'
2026-07-13T18:52:32 | INFO     | dapt.eval_runner | 
==============================================================
  Starting Eval #3 | Tokens: 0.5K | Pass: 0.000x | Slow probes=True (SciBERT=True)
  Active probes: PPL=True, QA=True, Cloze=True, Concept=True
==============================================================
2026-07-13T18:52:32 | INFO     | dapt.eval_runner |   Running Probe 1 - Perplexity probe...
2026-07-13T18:52:32 | INFO     | dapt.probe.perplexity | Probe 1 - Perplexity probe: inf  (NLL: inf nats, tokens: 0)
2026-07-13T18:52:32 | INFO     | dapt.eval_runner |   Running Probe 2 - QA probe...
2026-07-13T18:52:32 | INFO     | dapt.probe.qa | Probe 2 - QA probe: 1.0000 (1/1)
2026-07-13T18:52:32 | INFO     | dapt.eval_runner |   Running Probe 3 - Cloze probe...
2026-07-13T18:52:32 | INFO     | dapt.probe.cloze | Generating completions for 115 cloze questions (greedy, batch_size=256)...
2026-07-13T18:52:32 | INFO     | dapt.probe.cloze | Probe 3 - Cloze probe: 0.0000 (0/115)
  Per-category: {'cognitive_psychology': 0.0}
  Sample missed terms: ['psychology', 'neuroscience', 'Sulcus', 'Gyri', 'Dorsal', 'Ventral', 'Rostral', 'Posterior', 'Lateral', 'Medial']
2026-07-13T18:52:32 | INFO     | dapt.eval_runner |   Running Probe 4 - Concept Probe...
2026-07-13T18:52:32 | INFO     | dapt.probe.concept | Generating 118 retrieval responses (greedy, batch_size=16)...
2026-07-13T18:52:32 | INFO     | dapt.probe.concept | Computing BERTScore with model: allenai/scibert_scivocab_uncased
2026-07-13T18:52:32 | INFO     | dapt.probe.concept | Initializing and caching BERTScorer for allenai/scibert_scivocab_uncased on cpu...
2026-07-13T18:52:33 | INFO     | dapt.probe.concept | Probe 4 - Concept Probe: 1.0000 (min=1.000, max=1.000, n=118, low-scoring=0)
2026-07-13T18:52:33 | INFO     | dapt.eval_runner | 
  Eval #3 summary:
    PPL=inf  QA=1.000  Cloze=0.000  Concept=1.000  (elapsed: 1s)

2026-07-13T18:52:33 | ERROR    | dapt.eval_runner | Failed to write failed evaluations JSON file: Object of type MagicMock is not JSON serializable
2026-07-13T18:52:33 | INFO     | dapt.probe.concept | Clearing cached BERTScorers from memory...
2026-07-13T18:52:33 | WARNING  | dapt.gates | 
!!!!!!!!!!!!!!!!!!!!!!!!!!!!!!!!!!!!!!!!!!!!!!!!!!!!!!!!!!!!
  HARD CAP reached — gates NOT fully met
  Failed gates: ['PPL plateau not reached (insufficient eval history)', 'Neither secondary gate met: cloze_cov=0.0000 (need >=0.8), concept_prec=0.0000 (need >=0.6)']
  Recommended action (Priority 3): PROCEED_WITH_RISK_FLAG
  Rationale: QA accuracy is near threshold (or QA probe is disabled), but perplexity plateau or secondary gates may not be fully cleared. Downstream phases may compensate. Action: proceed but document all metric gaps in the risk report and monitor Phase 1+ validation metrics closely.
  Risk report: logs\dapt_hard_cap_risk_report.json
!!!!!!!!!!!!!!!!!!!!!!!!!!!!!!!!!!!!!!!!!!!!!!!!!!!!!!!!!!!!

2026-07-13T18:52:33 | WARNING  | lib.s3_dapt.dapt._run_dapt_pipeline_impl | DAPT completed without convergence. Non-convergence risk report generated.
2026-07-13T18:52:33 | INFO     | lib.s3_dapt.dapt._run_dapt_pipeline_impl | 
============================================================
  DAPT Probe History Summary
============================================================
  Perplexity probe - inf, inf
  QA probe - 1.0000, 1.0000
  Cloze probe - 0.0000, 0.0000
  Concept probe - 0.0000, 1.0000
============================================================

2026-07-13T18:52:33 | INFO     | lib.utils.config | [AUTO] CPU Mode workers resolved: 1 (CPU Cores: 14, RAM: 2.5 GB)
2026-07-13T18:52:33 | INFO     | lib.utils.config | [AUTO] max_tasks_per_child resolved to 3 based on system RAM and workers
2026-07-13T18:52:33 | INFO     | lib.utils.config | [AUTO] docling_num_threads resolved to 14 (CPU Cores: 14, Total Workers: 1)
2026-07-13T18:52:33 | INFO     | lib.s3_dapt.dapt._run_dapt_pipeline_impl | 
============================================================
  DAPT Step 0.3 Configuration
============================================================
  Model           : dummy-model
  Corpus tokens   : 4000.0K
  Max passes      : 1
  Hard stop       : 4000.0K tokens
  Eval interval   : 4000K tokens
  Slow eval int   : 4000K tokens
  Probe 1 - Perplexity gate: < 2.0% for 2 consecutive evals (Enabled: True)
  Probe 2 - QA gate        : >= 55% (Enabled: True)
  Probe 3 - Cloze gate     : >= 80% (Enabled: True)
  Probe 4 - Concept gate   : >= 60% (Enabled: True)
  RAD Embedding   : biolinkbert
  RAD Mode        : hybrid
  RAD Top-K       : 7
  RAD Threshold   : 0.65
  Checkpoint dir  : C:\Users\rajav\AppData\Local\Temp\tmp2gdi72ly\out_model
  Log dir         : logs
============================================================

2026-07-13T18:52:33 | INFO     | lib.s3_dapt.dapt._run_dapt_pipeline_impl | Using device: cpu
2026-07-13T18:52:33 | ERROR    | dapt.training_helpers | Required evaluation files are missing:
Probe 1 - Perplexity probe corpus file not found: C:\Users\rajav\AppData\Local\Temp\tmp2gdi72ly\missing_ppl.txt
2026-07-13T18:52:33 | INFO     | lib.utils.config | [AUTO] CPU Mode workers resolved: 1 (CPU Cores: 14, RAM: 2.5 GB)
2026-07-13T18:52:33 | INFO     | lib.utils.config | [AUTO] max_tasks_per_child resolved to 3 based on system RAM and workers
2026-07-13T18:52:33 | INFO     | lib.utils.config | [AUTO] docling_num_threads resolved to 14 (CPU Cores: 14, Total Workers: 1)
2026-07-13T18:52:33 | INFO     | lib.s2_pretokenize.pretokenize.run_pretokenization | Starting pre-tokenization of C:\Users\rajav\AppData\Local\Temp\tmpj0w4zh47\corpus.jsonl
2026-07-13T18:52:33 | INFO     | lib.s2_pretokenize.pretokenize.run_pretokenization | Base model tokenizer: dummy-model
2026-07-13T18:52:33 | INFO     | lib.s2_pretokenize.pretokenize.run_pretokenization | Output bin path: C:\Users\rajav\AppData\Local\Temp\tmpj0w4zh47\train_tokens.npy
2026-07-13T18:52:33 | INFO     | lib.s2_pretokenize.pretokenize.run_pretokenization | Validation ppl corpus path: C:\Users\rajav\AppData\Local\Temp\tmpj0w4zh47\ppl_validation_tokens.npy
2026-07-13T18:52:33 | INFO     | lib.s2_pretokenize.pretokenize.run_pretokenization | Corpus split: 1 training docs, 2 validation docs.
2026-07-13T18:52:33 | INFO     | lib.s2_pretokenize.pretokenize.run_pretokenization | Successfully tokenized and wrote 2 validation documents (4 tokens) to C:\Users\rajav\AppData\Local\Temp\tmpj0w4zh47\ppl_validation_tokens.npy
2026-07-13T18:52:33 | INFO     | lib.s2_pretokenize.pretokenize.run_pretokenization | Successfully saved 2 training tokens to C:\Users\rajav\AppData\Local\Temp\tmpj0w4zh47\train_tokens.npy
2026-07-13T18:52:33 | INFO     | dapt.probe.qa | Probe 2 - QA probe: 1.0000 (1/1)
2026-07-13T18:52:33 | INFO     | dapt.probe.cloze | Generating completions for 2 cloze questions (greedy, batch_size=16)...
2026-07-13T18:52:33 | INFO     | dapt.probe.cloze | Probe 3 - Cloze probe: 0.0000 (0/2)
  Per-category: {'cat1': 0.0, 'cat2': 0.0}
  Sample missed terms: ['Dopamine', 'blank']
2026-07-13T18:52:33 | INFO     | dapt.probe.concept | Generating 2 retrieval responses (greedy, batch_size=16)...
2026-07-13T18:52:33 | INFO     | dapt.probe.concept | Computing fast lexical F1 overlap scores...
2026-07-13T18:52:33 | INFO     | dapt.probe.concept | Probe 4 - Concept Probe: 0.0000 (min=0.000, max=0.000, n=2, low-scoring=2)
2026-07-13T18:52:33 | INFO     | lib.utils.config | [AUTO] CPU Mode workers resolved: 1 (CPU Cores: 14, RAM: 2.5 GB)
2026-07-13T18:52:33 | INFO     | lib.utils.config | [AUTO] max_tasks_per_child resolved to 3 based on system RAM and workers
2026-07-13T18:52:33 | INFO     | lib.utils.config | [AUTO] docling_num_threads resolved to 14 (CPU Cores: 14, Total Workers: 1)
2026-07-13T18:52:33 | INFO     | lib.s3_dapt.dapt._run_dapt_pipeline_impl | 
============================================================
  DAPT Step 0.3 Configuration
============================================================
  Model           : dummy-model
  Corpus tokens   : 4000.0K
  Max passes      : 1
  Hard stop       : 4000.0K tokens
  Eval interval   : 4000K tokens
  Slow eval int   : 4000K tokens
  Probe 1 - Perplexity gate: < 2.0% for 2 consecutive evals (Enabled: False)
  Probe 2 - QA gate        : >= 55% (Enabled: True)
  Probe 3 - Cloze gate     : >= 80% (Enabled: False)
  Probe 4 - Concept gate   : >= 60% (Enabled: False)
  RAD Embedding   : biolinkbert
  RAD Mode        : hybrid
  RAD Top-K       : 7
  RAD Threshold   : 0.65
  Checkpoint dir  : C:\Users\rajav\AppData\Local\Temp\tmptsx1lrkh\out_model
  Log dir         : logs
============================================================

2026-07-13T18:52:33 | INFO     | lib.s3_dapt.dapt._run_dapt_pipeline_impl | Using device: cpu
2026-07-13T18:52:33 | INFO     | lib.s3_dapt.dapt._run_dapt_pipeline_impl | Loading memory-mapped training tokens from C:\Users\rajav\AppData\Local\Temp\tmptsx1lrkh\train_tokens.npy
2026-07-13T18:52:33 | INFO     | lib.s3_dapt.dapt._run_dapt_pipeline_impl | Loaded 1 training blocks of size 512.
2026-07-13T18:52:33 | INFO     | dapt.training_helpers | Using Adafactor optimizer for CPU training.
2026-07-13T18:52:33 | INFO     | lib.s3_dapt.dapt._run_dapt_pipeline_impl | Running baseline evaluation on the base model...
2026-07-13T18:52:33 | INFO     | lib.s3_dapt.dapt._run_dapt_pipeline_impl | Starting pretraining loop...
2026-07-13T18:52:33 | INFO     | lib.s3_dapt.dapt._run_dapt_pipeline_impl | 
############################################################
  Corpus pass 1/1
############################################################
2026-07-13T18:52:33 | INFO     | lib.s3_dapt.dapt._run_dapt_pipeline_impl | Completed corpus pass 1. Total tokens: 0.00B
2026-07-13T18:52:33 | WARNING  | lib.s3_dapt.dapt._run_dapt_pipeline_impl | Training loop exhausted without a convergence decision. Running final gate check.
2026-07-13T18:52:33 | WARNING  | dapt.checkpoint | Failed to save torch checkpoint asynchronously: Can't pickle <class 'unittest.mock.MagicMock'>: it's not the same object as unittest.mock.MagicMock
2026-07-13T18:52:33 | INFO     | dapt.eval_runner | 
==============================================================
  Starting Eval #2 | Tokens: 0.5K | Pass: 0.000x | Slow probes=False (SciBERT=False)
  Active probes: PPL=False, QA=True, Cloze=False, Concept=False
==============================================================
2026-07-13T18:52:33 | INFO     | dapt.eval_runner |   Skipping Probe 1 - Perplexity probe (disabled)...
2026-07-13T18:52:33 | INFO     | dapt.eval_runner |   Running Probe 2 - QA probe...
2026-07-13T18:52:33 | INFO     | dapt.probe.qa | Probe 2 - QA probe: 1.0000 (1/1)
2026-07-13T18:52:33 | INFO     | dapt.eval_runner |   Skipping Probe 3 - Cloze probe (disabled)...
2026-07-13T18:52:33 | INFO     | dapt.eval_runner |   Skipping Probe 4 - Concept Probe (disabled)...
2026-07-13T18:52:33 | INFO     | dapt.eval_runner | 
  Eval #2 summary:
    PPL=0.000  QA=1.000  Cloze=0.000  Concept=0.000  (elapsed: 0s)

2026-07-13T18:52:33 | INFO     | dapt.gates | 
--------------------------------------------------------------
  Gate Status @ Eval #  2
--------------------------------------------------------------
  Tokens processed : 0.00B
  Corpus pass      : 0.000x

  PRIMARY GATES (both required for convergence)
  [PASS] QA Accuracy   : 1.0000  (threshold >= 0.55)
  QA history       : [1.0000]
  [PASS] PPL Plateau   : improvements = [n/a (need >=2 evals)]  (need <2.0% for 2 consecutive)
  PPL history      : []

  SECONDARY GATES (at least one required)
  [SKIP] Cloze Coverage: 0.0000  (threshold >= 0.8)
  Cloze history    : [n/a]
  [SKIP] Concept Precision : 0.0000  (threshold >= 0.6)
  Concept history  : [n/a]

  DECISION -> CONVERGED
--------------------------------------------------------------

2026-07-13T18:52:33 | INFO     | dapt.checkpoint | Best checkpoint selected: eval #1 (QA acc=50.0000) → C:\Users\rajav\AppData\Local\Temp\tmptsx1lrkh\out_model\dapt_eval_0001.pt
2026-07-13T18:52:33 | INFO     | dapt.training_helpers | Loading best checkpoint for final SciBERT evaluation: C:\Users\rajav\AppData\Local\Temp\tmptsx1lrkh\out_model\dapt_eval_0001.pt
2026-07-13T18:52:33 | INFO     | dapt.checkpoint | Loading checkpoint: C:\Users\rajav\AppData\Local\Temp\tmptsx1lrkh\out_model\dapt_eval_0001.pt
2026-07-13T18:52:33 | WARNING  | dapt.checkpoint | Failed to load checkpoint from C:\Users\rajav\AppData\Local\Temp\tmptsx1lrkh\out_model\dapt_eval_0001.pt (expected if dummy mock file): [Errno 2] No such file or directory: 'C:\\Users\\rajav\\AppData\\Local\\Temp\\tmptsx1lrkh\\out_model\\dapt_eval_0001.pt'
2026-07-13T18:52:33 | INFO     | dapt.eval_runner | 
==============================================================
  Starting Eval #3 | Tokens: 0.5K | Pass: 0.000x | Slow probes=True (SciBERT=True)
  Active probes: PPL=False, QA=True, Cloze=False, Concept=False
==============================================================
2026-07-13T18:52:33 | INFO     | dapt.eval_runner |   Skipping Probe 1 - Perplexity probe (disabled)...
2026-07-13T18:52:33 | INFO     | dapt.eval_runner |   Running Probe 2 - QA probe...
2026-07-13T18:52:33 | INFO     | dapt.probe.qa | Probe 2 - QA probe: 1.0000 (1/1)
2026-07-13T18:52:33 | INFO     | dapt.eval_runner |   Skipping Probe 3 - Cloze probe (disabled)...
2026-07-13T18:52:33 | INFO     | dapt.eval_runner |   Skipping Probe 4 - Concept Probe (disabled)...
2026-07-13T18:52:33 | INFO     | dapt.eval_runner | 
  Eval #3 summary:
    PPL=0.000  QA=1.000  Cloze=0.000  Concept=0.000  (elapsed: 0s)

2026-07-13T18:52:33 | INFO     | dapt.eval_runner | Failed evaluations automatically saved to logs\failed_evals.json
2026-07-13T18:52:33 | INFO     | lib.s3_dapt.dapt._run_dapt_pipeline_impl | DAPT training finished. Selected best checkpoint: C:\Users\rajav\AppData\Local\Temp\tmptsx1lrkh\out_model\dapt_eval_0001.pt
2026-07-13T18:52:33 | INFO     | lib.s3_dapt.dapt._run_dapt_pipeline_impl | 
============================================================
  DAPT Probe History Summary
============================================================
  Perplexity probe - n/a
  QA probe - 1.0000, 1.0000
  Cloze probe - n/a
  Concept probe - n/a
============================================================

2026-07-13T18:52:33 | INFO     | dapt.checkpoint | Best checkpoint selected: eval #2 (Cloze cov=0.9000) → C:\Users\rajav\AppData\Local\Temp\tmpggtbg9up\dapt_eval_0002.pt
2026-07-13T18:52:33 | INFO     | lib.utils.config | [AUTO] CPU Mode workers resolved: 1 (CPU Cores: 14, RAM: 2.5 GB)
2026-07-13T18:52:33 | INFO     | lib.utils.config | [AUTO] max_tasks_per_child resolved to 3 based on system RAM and workers
2026-07-13T18:52:33 | INFO     | lib.utils.config | [AUTO] docling_num_threads resolved to 14 (CPU Cores: 14, Total Workers: 1)
2026-07-13T18:52:33 | INFO     | dapt.eval_runner | Loading final model from C:\Users\rajav\AppData\Local\Temp\tmpoaahr8a8\checkpoint for final inference and failure logging...
2026-07-13T18:52:33 | INFO     | dapt.eval_runner | Running QA probe to collect failed samples...
2026-07-13T18:52:33 | INFO     | dapt.eval_runner | QA Probe: 1 failures found.
2026-07-13T18:52:33 | WARNING  | dapt.eval_runner | QA Failure #1 [Cluster: cat2]:
  Question: Q2
  Expected: B (index 1)
  Predicted: A (index 0)
2026-07-13T18:52:33 | INFO     | dapt.eval_runner | Running Cloze probe to collect failed samples...
2026-07-13T18:52:33 | INFO     | dapt.eval_runner | Cloze Probe: 1 failures found.
2026-07-13T18:52:33 | WARNING  | dapt.eval_runner | Cloze Failure #1 [Category: cat1]:
  Prompt: ___ is cool.
  Target Term: Term1
  Completions: ['completions']
2026-07-13T18:52:33 | INFO     | dapt.eval_runner | Running Concept probe to collect failed samples...
2026-07-13T18:52:33 | INFO     | dapt.eval_runner | Concept Probe: 1 failures found.
2026-07-13T18:52:33 | WARNING  | dapt.eval_runner | Concept Failure #1 [F1 Score: 0.3500]:
  Prompt: Prompt1
  Reference: Ref1
  Generated: Gen1
2026-07-13T18:52:33 | INFO     | dapt.eval_runner | Detailed failed evaluations saved to C:\Users\rajav\AppData\Local\Temp\tmpoaahr8a8\logs\failed_evals.json
2026-07-13T18:52:33 | INFO     | dapt.probe.concept | Generating 1 retrieval responses (greedy, batch_size=16)...
2026-07-13T18:52:33 | INFO     | dapt.probe.concept | Computing fast lexical F1 overlap scores...
2026-07-13T18:52:33 | INFO     | dapt.probe.concept | Probe 4 - Concept Probe: 0.0000 (min=0.000, max=0.000, n=1, low-scoring=1)
2026-07-13T18:52:33 | INFO     | dapt.probe.concept | Monkeypatching build_inputs_with_special_tokens onto DummyTokenizerWithoutSpecialTokens
2026-07-13T18:52:33 | INFO     | lib.utils.config | [AUTO] CPU Mode workers resolved: 1 (CPU Cores: 14, RAM: 2.5 GB)
2026-07-13T18:52:33 | INFO     | lib.utils.config | [AUTO] max_tasks_per_child resolved to 3 based on system RAM and workers
2026-07-13T18:52:33 | INFO     | lib.utils.config | [AUTO] docling_num_threads resolved to 14 (CPU Cores: 14, Total Workers: 1)
2026-07-13T18:52:33 | INFO     | lib.s4_rad_prep.indexer | Embedding 2 chunks with batch size 2
2026-07-13T18:52:33 | INFO     | lib.s4_rad_prep.indexer | Building FAISS IndexFlatIP with dimension 3
2026-07-13T18:52:33 | INFO     | lib.s4_rad_prep.indexer | Saving FAISS index to C:\Users\rajav\AppData\Local\Temp\tmp6nmbpxyz\index\index.faiss
2026-07-13T18:52:33 | INFO     | lib.s4_rad_prep.indexer | Saving chunk metadata to C:\Users\rajav\AppData\Local\Temp\tmp6nmbpxyz\index\chunks_metadata.jsonl
2026-07-13T18:52:33 | INFO     | lib.s4_rad_prep.indexer | Saving manifest to C:\Users\rajav\AppData\Local\Temp\tmp6nmbpxyz\index\index_manifest.json
2026-07-13T18:52:33 | INFO     | lib.s4_rad_prep.indexer | Indexing complete.
2026-07-13T18:52:33 | INFO     | lib.utils.config | [AUTO] CPU Mode workers resolved: 1 (CPU Cores: 14, RAM: 2.5 GB)
2026-07-13T18:52:33 | INFO     | lib.utils.config | [AUTO] max_tasks_per_child resolved to 3 based on system RAM and workers
2026-07-13T18:52:33 | INFO     | lib.utils.config | [AUTO] docling_num_threads resolved to 14 (CPU Cores: 14, Total Workers: 1)
2026-07-13T18:52:33 | INFO     | lib.s4_rad_prep.retriever | Loading chunks from C:\Users\rajav\AppData\Local\Temp\tmpbg_90adc\chunks.jsonl
2026-07-13T18:52:33 | INFO     | lib.s4_rad_prep.retriever | Loading FAISS index from C:\Users\rajav\AppData\Local\Temp\tmpbg_90adc\index\index.faiss
2026-07-13T18:52:33 | INFO     | lib.utils.config | [AUTO] CPU Mode workers resolved: 1 (CPU Cores: 14, RAM: 2.5 GB)
2026-07-13T18:52:33 | INFO     | lib.utils.config | [AUTO] max_tasks_per_child resolved to 3 based on system RAM and workers
2026-07-13T18:52:33 | INFO     | lib.utils.config | [AUTO] docling_num_threads resolved to 14 (CPU Cores: 14, Total Workers: 1)
2026-07-13T18:52:33 | INFO     | lib.s4_rad_prep.retriever | Loading chunks from C:\Users\rajav\AppData\Local\Temp\tmp2p34n_3l\chunks.jsonl
2026-07-13T18:52:33 | INFO     | lib.s4_rad_prep.retriever | Loading FAISS index from C:\Users\rajav\AppData\Local\Temp\tmp2p34n_3l\index\index.faiss
2026-07-13T18:52:33 | INFO     | lib.utils.config | [AUTO] CPU Mode workers resolved: 1 (CPU Cores: 14, RAM: 2.5 GB)
2026-07-13T18:52:33 | INFO     | lib.utils.config | [AUTO] max_tasks_per_child resolved to 3 based on system RAM and workers
2026-07-13T18:52:33 | INFO     | lib.utils.config | [AUTO] docling_num_threads resolved to 14 (CPU Cores: 14, Total Workers: 1)
2026-07-13T18:52:33 | INFO     | lib.utils.config | [AUTO] CPU Mode workers resolved: 1 (CPU Cores: 14, RAM: 2.5 GB)
2026-07-13T18:52:33 | INFO     | lib.utils.config | [AUTO] max_tasks_per_child resolved to 3 based on system RAM and workers
2026-07-13T18:52:33 | INFO     | lib.utils.config | [AUTO] docling_num_threads resolved to 14 (CPU Cores: 14, Total Workers: 1)
2026-07-13T18:52:33 | INFO     | lib.s4_rad_prep.retriever | Loading chunks from C:\Users\rajav\AppData\Local\Temp\tmpsmp9pvcd\chunks.jsonl
2026-07-13T18:52:33 | INFO     | lib.s4_rad_prep.retriever | Loading FAISS index from C:\Users\rajav\AppData\Local\Temp\tmpsmp9pvcd\index\index.faiss
2026-07-13T18:52:33 | INFO     | lib.s4_rad_prep.retriever | Initializing BM25: tokenizing chunks (this may take a few moments for large corpora)
2026-07-13T18:52:33 | INFO     | lib.s4_rad_prep.retriever | Saving tokenized corpus cache to C:\Users\rajav\AppData\Local\Temp\tmpsmp9pvcd\index\bm25_tokenized_corpus.json
2026-07-13T18:52:33 | INFO     | lib.utils.config | [AUTO] CPU Mode workers resolved: 1 (CPU Cores: 14, RAM: 2.5 GB)
2026-07-13T18:52:33 | INFO     | lib.utils.config | [AUTO] max_tasks_per_child resolved to 3 based on system RAM and workers
2026-07-13T18:52:33 | INFO     | lib.utils.config | [AUTO] docling_num_threads resolved to 14 (CPU Cores: 14, Total Workers: 1)
2026-07-13T18:52:33 | INFO     | lib.utils.config | [AUTO] CPU Mode workers resolved: 1 (CPU Cores: 14, RAM: 2.5 GB)
2026-07-13T18:52:33 | INFO     | lib.utils.config | [AUTO] max_tasks_per_child resolved to 3 based on system RAM and workers
2026-07-13T18:52:33 | INFO     | lib.utils.config | [AUTO] docling_num_threads resolved to 14 (CPU Cores: 14, Total Workers: 1)
2026-07-13T18:52:33 | INFO     | lib.utils.config | [AUTO] CPU Mode workers resolved: 1 (CPU Cores: 14, RAM: 2.5 GB)
2026-07-13T18:52:33 | INFO     | lib.utils.config | [AUTO] max_tasks_per_child resolved to 3 based on system RAM and workers
2026-07-13T18:52:33 | INFO     | lib.utils.config | [AUTO] docling_num_threads resolved to 14 (CPU Cores: 14, Total Workers: 1)
2026-07-13T18:52:33 | INFO     | lib.s4_rad_prep.trace_generator | Generating teacher traces for 3 prompts in batches of 2
2026-07-13T18:52:33 | INFO     | lib.s4_rad_prep.trace_generator | Writing and filtering generated traces
2026-07-13T18:52:33 | INFO     | lib.utils.config | [AUTO] CPU Mode workers resolved: 1 (CPU Cores: 14, RAM: 2.5 GB)
2026-07-13T18:52:33 | INFO     | lib.utils.config | [AUTO] max_tasks_per_child resolved to 3 based on system RAM and workers
2026-07-13T18:52:33 | INFO     | lib.utils.config | [AUTO] docling_num_threads resolved to 14 (CPU Cores: 14, Total Workers: 1)
2026-07-13T18:52:33 | INFO     | lib.s4_rad_prep.rad_prep | Starting RAD Prep Pipeline in mode: full
2026-07-13T18:52:33 | INFO     | lib.s4_rad_prep.rad_prep | Chunking and indexing retrieval corpus...
2026-07-13T18:52:33 | INFO     | lib.s4_rad_prep.chunker | Loading tokenizer from model: HuggingFaceTB/SmolLM2-135M
2026-07-13T18:52:33 | INFO     | lib.s4_rad_prep.chunker | Processing corpus from C:\Users\rajav\AppData\Local\Temp\tmpgh3ps9wq\retrieval_corpus.jsonl
2026-07-13T18:52:33 | INFO     | lib.s4_rad_prep.chunker | Successfully chunked corpus: generated 3 chunks and saved to C:\Users\rajav\AppData\Local\Temp\tmpgh3ps9wq\chunks.jsonl
2026-07-13T18:52:33 | INFO     | lib.s4_rad_prep.indexer | Embedding 3 chunks with batch size 2
2026-07-13T18:52:33 | INFO     | lib.s4_rad_prep.indexer | Building FAISS IndexFlatIP with dimension 4
2026-07-13T18:52:33 | INFO     | lib.s4_rad_prep.indexer | Saving FAISS index to C:\Users\rajav\AppData\Local\Temp\tmpgh3ps9wq\index\index.faiss
2026-07-13T18:52:33 | INFO     | lib.s4_rad_prep.indexer | Saving chunk metadata to C:\Users\rajav\AppData\Local\Temp\tmpgh3ps9wq\index\chunks_metadata.jsonl
2026-07-13T18:52:33 | INFO     | lib.s4_rad_prep.indexer | Saving manifest to C:\Users\rajav\AppData\Local\Temp\tmpgh3ps9wq\index\index_manifest.json
2026-07-13T18:52:33 | INFO     | lib.s4_rad_prep.indexer | Indexing complete.
2026-07-13T18:52:33 | INFO     | lib.s4_rad_prep.rad_prep | Generating grounded teacher traces...
2026-07-13T18:52:33 | INFO     | lib.s4_rad_prep.retriever | Loading chunks from C:\Users\rajav\AppData\Local\Temp\tmpgh3ps9wq\chunks.jsonl
2026-07-13T18:52:33 | INFO     | lib.s4_rad_prep.retriever | Loading FAISS index from C:\Users\rajav\AppData\Local\Temp\tmpgh3ps9wq\index\index.faiss
2026-07-13T18:52:33 | INFO     | lib.s4_rad_prep.retriever | Initializing BM25: tokenizing chunks (this may take a few moments for large corpora)
2026-07-13T18:52:33 | INFO     | lib.s4_rad_prep.retriever | Saving tokenized corpus cache to C:\Users\rajav\AppData\Local\Temp\tmpgh3ps9wq\index\bm25_tokenized_corpus.json
2026-07-13T18:52:33 | INFO     | lib.s4_rad_prep.rad_prep | Retrieving context for 2 samples using mode hybrid
2026-07-13T18:52:33 | INFO     | lib.s4_rad_prep.trace_generator | Generating teacher traces for 2 prompts in batches of 2
2026-07-13T18:52:33 | INFO     | lib.s4_rad_prep.trace_generator | Writing and filtering generated traces
2026-07-13T18:52:33 | INFO     | lib.s4_rad_prep.rad_prep | Writing phase manifest to C:\Users\rajav\AppData\Local\Temp\tmpgh3ps9wq\logs\rad_prep\phase_manifest.json
2026-07-13T18:52:33 | INFO     | lib.s4_rad_prep.rad_prep | RAD Prep pipeline completed trace generation. Status: complete
2026-07-13T18:52:33 | INFO     | lib.utils.config | [AUTO] CPU Mode workers resolved: 1 (CPU Cores: 14, RAM: 2.5 GB)
2026-07-13T18:52:33 | INFO     | lib.utils.config | [AUTO] max_tasks_per_child resolved to 3 based on system RAM and workers
2026-07-13T18:52:33 | INFO     | lib.utils.config | [AUTO] docling_num_threads resolved to 14 (CPU Cores: 14, Total Workers: 1)
2026-07-13T18:52:34 | INFO     | lib.s4_rad_prep.trace_generator | Initializing AWS Bedrock Runtime client in region ap-south-1
2026-07-13T18:52:34 | INFO     | lib.s4_rad_prep.trace_generator | Sending 1 concurrent Bedrock requests with 1 workers
2026-07-13T18:52:34 | INFO     | lib.utils.config | [AUTO] CPU Mode workers resolved: 1 (CPU Cores: 14, RAM: 2.5 GB)
2026-07-13T18:52:34 | INFO     | lib.utils.config | [AUTO] max_tasks_per_child resolved to 3 based on system RAM and workers
2026-07-13T18:52:34 | INFO     | lib.utils.config | [AUTO] docling_num_threads resolved to 14 (CPU Cores: 14, Total Workers: 1)
2026-07-13T18:52:34 | INFO     | lib.s6_teacher_benchmarking.eval_sampler | Loading clustering splits from C:\Users\rajav\AppData\Local\Temp\tmp1sp20ol9\splits.json...
2026-07-13T18:52:34 | INFO     | lib.s6_teacher_benchmarking.eval_sampler | Loading traces from C:\Users\rajav\AppData\Local\Temp\tmp1sp20ol9\traces\grounded_traces.jsonl for evaluation sampler...
2026-07-13T18:52:34 | INFO     | lib.s6_teacher_benchmarking.eval_sampler | Loading traces from C:\Users\rajav\AppData\Local\Temp\tmp1sp20ol9\traces\no_retrieval_traces.jsonl for evaluation sampler...
2026-07-13T18:52:34 | INFO     | lib.s6_teacher_benchmarking.eval_sampler | Prepared 2 eval samples for cluster cluster_000.
2026-07-13T18:52:34 | INFO     | lib.s6_teacher_benchmarking.eval_sampler | Prepared 2 eval samples for cluster cluster_001.
2026-07-13T18:52:34 | INFO     | lib.utils.config | [AUTO] CPU Mode workers resolved: 1 (CPU Cores: 14, RAM: 2.4 GB)
2026-07-13T18:52:34 | INFO     | lib.utils.config | [AUTO] max_tasks_per_child resolved to 3 based on system RAM and workers
2026-07-13T18:52:34 | INFO     | lib.utils.config | [AUTO] docling_num_threads resolved to 14 (CPU Cores: 14, Total Workers: 1)
2026-07-13T18:52:34 | INFO     | lib.s6_teacher_benchmarking.eval_sampler | Loading clustering splits from C:\Users\rajav\AppData\Local\Temp\tmp5rpdbzjc\splits.json...
2026-07-13T18:52:34 | INFO     | lib.s6_teacher_benchmarking.eval_sampler | Loading traces from C:\Users\rajav\AppData\Local\Temp\tmp5rpdbzjc\traces\grounded_traces.jsonl for evaluation sampler...
2026-07-13T18:52:34 | WARNING  | lib.s6_teacher_benchmarking.eval_sampler | Trace file not found: C:\Users\rajav\AppData\Local\Temp\tmp5rpdbzjc\traces\no_retrieval_traces.jsonl
2026-07-13T18:52:34 | WARNING  | lib.s6_teacher_benchmarking.eval_sampler | Cluster cluster_000: Missed 1 trace records for validation doc IDs.
2026-07-13T18:52:34 | WARNING  | lib.s6_teacher_benchmarking.eval_sampler | Cluster cluster_000 has only 1 eval samples, which is below min_eval_samples=2.
2026-07-13T18:52:34 | INFO     | lib.s6_teacher_benchmarking.eval_sampler | Prepared 1 eval samples for cluster cluster_000.
2026-07-13T18:52:34 | WARNING  | lib.s6_teacher_benchmarking.eval_sampler | Cluster cluster_001: Missed 2 trace records for validation doc IDs.
2026-07-13T18:52:34 | WARNING  | lib.s6_teacher_benchmarking.eval_sampler | Cluster cluster_001 has only 0 eval samples, which is below min_eval_samples=2.
2026-07-13T18:52:34 | INFO     | lib.s6_teacher_benchmarking.eval_sampler | Prepared 0 eval samples for cluster cluster_001.
2026-07-13T18:52:34 | INFO     | lib.utils.config | [AUTO] CPU Mode workers resolved: 1 (CPU Cores: 14, RAM: 2.4 GB)
2026-07-13T18:52:34 | INFO     | lib.utils.config | [AUTO] max_tasks_per_child resolved to 3 based on system RAM and workers
2026-07-13T18:52:34 | INFO     | lib.utils.config | [AUTO] docling_num_threads resolved to 14 (CPU Cores: 14, Total Workers: 1)
2026-07-13T18:52:34 | INFO     | lib.s6_teacher_benchmarking.eval_sampler | Loading clustering splits from C:\Users\rajav\AppData\Local\Temp\tmpne11c5cf\splits.json...
2026-07-13T18:52:34 | INFO     | lib.s6_teacher_benchmarking.eval_sampler | Loading traces from C:\Users\rajav\AppData\Local\Temp\tmpne11c5cf\traces\grounded_traces.jsonl for evaluation sampler...
2026-07-13T18:52:34 | INFO     | lib.s6_teacher_benchmarking.eval_sampler | Loading traces from C:\Users\rajav\AppData\Local\Temp\tmpne11c5cf\traces\no_retrieval_traces.jsonl for evaluation sampler...
2026-07-13T18:52:34 | WARNING  | lib.s6_teacher_benchmarking.eval_sampler | Cluster cluster_000 has only 2 eval samples, which is below min_eval_samples=10.
2026-07-13T18:52:34 | INFO     | lib.s6_teacher_benchmarking.eval_sampler | Prepared 2 eval samples for cluster cluster_000.
2026-07-13T18:52:34 | WARNING  | lib.s6_teacher_benchmarking.eval_sampler | Cluster cluster_001 has only 2 eval samples, which is below min_eval_samples=10.
2026-07-13T18:52:34 | INFO     | lib.s6_teacher_benchmarking.eval_sampler | Prepared 2 eval samples for cluster cluster_001.
2026-07-13T18:52:34 | INFO     | lib.utils.config | [AUTO] CPU Mode workers resolved: 1 (CPU Cores: 14, RAM: 2.4 GB)
2026-07-13T18:52:34 | INFO     | lib.utils.config | [AUTO] max_tasks_per_child resolved to 3 based on system RAM and workers
2026-07-13T18:52:34 | INFO     | lib.utils.config | [AUTO] docling_num_threads resolved to 14 (CPU Cores: 14, Total Workers: 1)
2026-07-13T18:52:34 | INFO     | lib.utils.config | [AUTO] CPU Mode workers resolved: 1 (CPU Cores: 14, RAM: 2.4 GB)
2026-07-13T18:52:34 | INFO     | lib.utils.config | [AUTO] max_tasks_per_child resolved to 3 based on system RAM and workers
2026-07-13T18:52:34 | INFO     | lib.utils.config | [AUTO] docling_num_threads resolved to 14 (CPU Cores: 14, Total Workers: 1)
2026-07-13T18:52:34 | WARNING  | lib.s6_teacher_benchmarking.reasoning_judge | Judge parse failed on first attempt for sample doc_1. Retrying...
2026-07-13T18:52:34 | INFO     | lib.utils.config | [AUTO] CPU Mode workers resolved: 1 (CPU Cores: 14, RAM: 2.4 GB)
2026-07-13T18:52:34 | INFO     | lib.utils.config | [AUTO] max_tasks_per_child resolved to 3 based on system RAM and workers
2026-07-13T18:52:34 | INFO     | lib.utils.config | [AUTO] docling_num_threads resolved to 14 (CPU Cores: 14, Total Workers: 1)
2026-07-13T18:52:34 | INFO     | lib.utils.config | [AUTO] CPU Mode workers resolved: 1 (CPU Cores: 14, RAM: 2.4 GB)
2026-07-13T18:52:34 | INFO     | lib.utils.config | [AUTO] max_tasks_per_child resolved to 3 based on system RAM and workers
2026-07-13T18:52:34 | INFO     | lib.utils.config | [AUTO] docling_num_threads resolved to 14 (CPU Cores: 14, Total Workers: 1)
2026-07-13T18:52:34 | INFO     | lib.s6_teacher_benchmarking.hallucination_detector | Loaded 86 terms for invented terminology vocabulary check.
2026-07-13T18:52:34 | INFO     | lib.s6_teacher_benchmarking.hallucination_detector | Loading NLI cross-encoder model: mock-nli
2026-07-13T18:52:34 | INFO     | lib.utils.config | [AUTO] CPU Mode workers resolved: 1 (CPU Cores: 14, RAM: 2.4 GB)
2026-07-13T18:52:34 | INFO     | lib.utils.config | [AUTO] max_tasks_per_child resolved to 3 based on system RAM and workers
2026-07-13T18:52:34 | INFO     | lib.utils.config | [AUTO] docling_num_threads resolved to 14 (CPU Cores: 14, Total Workers: 1)
2026-07-13T18:52:34 | INFO     | lib.s6_teacher_benchmarking.hallucination_detector | Loaded 86 terms for invented terminology vocabulary check.
2026-07-13T18:52:34 | INFO     | lib.utils.config | [AUTO] CPU Mode workers resolved: 1 (CPU Cores: 14, RAM: 2.4 GB)
2026-07-13T18:52:34 | INFO     | lib.utils.config | [AUTO] max_tasks_per_child resolved to 3 based on system RAM and workers
2026-07-13T18:52:34 | INFO     | lib.utils.config | [AUTO] docling_num_threads resolved to 14 (CPU Cores: 14, Total Workers: 1)
2026-07-13T18:52:34 | INFO     | lib.s6_teacher_benchmarking.hallucination_detector | Loaded 86 terms for invented terminology vocabulary check.
2026-07-13T18:52:34 | INFO     | lib.s6_teacher_benchmarking.hallucination_detector | Loading NLI cross-encoder model: mock-nli
2026-07-13T18:52:34 | INFO     | lib.utils.config | [AUTO] CPU Mode workers resolved: 1 (CPU Cores: 14, RAM: 2.4 GB)
2026-07-13T18:52:34 | INFO     | lib.utils.config | [AUTO] max_tasks_per_child resolved to 3 based on system RAM and workers
2026-07-13T18:52:34 | INFO     | lib.utils.config | [AUTO] docling_num_threads resolved to 14 (CPU Cores: 14, Total Workers: 1)
2026-07-13T18:52:34 | INFO     | lib.s6_teacher_benchmarking.eval_sampler | Loading clustering splits from C:\Users\rajav\AppData\Local\Temp\tmpeqptd07j\splits.json...
2026-07-13T18:52:34 | INFO     | lib.s6_teacher_benchmarking.eval_sampler | Loading traces from C:\Users\rajav\AppData\Local\Temp\tmpeqptd07j\traces\grounded_traces.jsonl for evaluation sampler...
2026-07-13T18:52:34 | INFO     | lib.s6_teacher_benchmarking.eval_sampler | Loading traces from C:\Users\rajav\AppData\Local\Temp\tmpeqptd07j\traces\no_retrieval_traces.jsonl for evaluation sampler...
2026-07-13T18:52:34 | INFO     | lib.s6_teacher_benchmarking.eval_sampler | Prepared 2 eval samples for cluster cluster_000.
2026-07-13T18:52:34 | INFO     | lib.s6_teacher_benchmarking.eval_sampler | Prepared 2 eval samples for cluster cluster_001.
2026-07-13T18:52:34 | INFO     | lib.s6_teacher_benchmarking.benchmark_runner | Initializing scorers...
2026-07-13T18:52:34 | INFO     | lib.s6_teacher_benchmarking.hallucination_detector | Loaded 86 terms for invented terminology vocabulary check.
2026-07-13T18:52:34 | INFO     | lib.s6_teacher_benchmarking.benchmark_runner | Loading student tokenizer 'HuggingFaceTB/SmolLM2-135M' for token counting...
2026-07-13T18:52:34 | INFO     | lib.s6_teacher_benchmarking.benchmark_runner | Starting benchmarking for teacher model: Qwen/Qwen3-1.7B
2026-07-13T18:52:34 | INFO     | lib.s6_teacher_benchmarking.benchmark_runner | Evaluating teacher Qwen/Qwen3-1.7B on cluster cluster_000 with 2 samples...
2026-07-13T18:52:34 | INFO     | lib.s6_teacher_benchmarking.hallucination_detector | Loading NLI cross-encoder model: mock-nli
2026-07-13T18:52:34 | INFO     | lib.s6_teacher_benchmarking.benchmark_runner | Evaluating teacher Qwen/Qwen3-1.7B on cluster cluster_001 with 2 samples...
2026-07-13T18:52:34 | INFO     | lib.utils.config | [AUTO] CPU Mode workers resolved: 1 (CPU Cores: 14, RAM: 2.4 GB)
2026-07-13T18:52:34 | INFO     | lib.utils.config | [AUTO] max_tasks_per_child resolved to 3 based on system RAM and workers
2026-07-13T18:52:34 | INFO     | lib.utils.config | [AUTO] docling_num_threads resolved to 14 (CPU Cores: 14, Total Workers: 1)
2026-07-13T18:52:34 | INFO     | lib.s6_teacher_benchmarking.benchmark_reporter | Initializing benchmark reporter...
2026-07-13T18:52:34 | INFO     | lib.s6_teacher_benchmarking.benchmark_reporter | Writing per-teacher × cluster scores to C:\Users\rajav\AppData\Local\Temp\tmpysemwmbq\benchmarking\scores.jsonl...
2026-07-13T18:52:34 | INFO     | lib.s6_teacher_benchmarking.benchmark_reporter | Writing benchmark manifest to C:\Users\rajav\AppData\Local\Temp\tmpysemwmbq\benchmarking\benchmark_manifest.json...
2026-07-13T18:52:34 | INFO     | lib.utils.config | [AUTO] CPU Mode workers resolved: 1 (CPU Cores: 14, RAM: 2.4 GB)
2026-07-13T18:52:34 | INFO     | lib.utils.config | [AUTO] max_tasks_per_child resolved to 3 based on system RAM and workers
2026-07-13T18:52:34 | INFO     | lib.utils.config | [AUTO] docling_num_threads resolved to 14 (CPU Cores: 14, Total Workers: 1)
2026-07-13T18:52:34 | INFO     | lib.s6_teacher_benchmarking.benchmark_reporter | Initializing benchmark reporter...
2026-07-13T18:52:34 | INFO     | lib.s6_teacher_benchmarking.benchmark_reporter | Writing per-teacher × cluster scores to C:\Users\rajav\AppData\Local\Temp\tmpfb4o0966\benchmarking\scores.jsonl...
2026-07-13T18:52:34 | INFO     | lib.s6_teacher_benchmarking.benchmark_reporter | Writing benchmark manifest to C:\Users\rajav\AppData\Local\Temp\tmpfb4o0966\benchmarking\benchmark_manifest.json...
2026-07-13T18:52:34 | INFO     | lib.utils.config | [AUTO] CPU Mode workers resolved: 1 (CPU Cores: 14, RAM: 2.4 GB)
2026-07-13T18:52:34 | INFO     | lib.utils.config | [AUTO] max_tasks_per_child resolved to 3 based on system RAM and workers
2026-07-13T18:52:34 | INFO     | lib.utils.config | [AUTO] docling_num_threads resolved to 14 (CPU Cores: 14, Total Workers: 1)
2026-07-13T18:52:34 | INFO     | lib.s6_teacher_benchmarking.teacher_benchmarking | Starting Phase 2, Step 2.1 — Teacher Benchmarking...
2026-07-13T18:52:34 | INFO     | lib.s6_teacher_benchmarking.eval_sampler | Loading clustering splits from C:\Users\rajav\AppData\Local\Temp\tmpu71cxdpz\splits.json...
2026-07-13T18:52:34 | INFO     | lib.s6_teacher_benchmarking.eval_sampler | Loading traces from C:\Users\rajav\AppData\Local\Temp\tmpu71cxdpz\traces\grounded_traces.jsonl for evaluation sampler...
2026-07-13T18:52:34 | INFO     | lib.s6_teacher_benchmarking.eval_sampler | Loading traces from C:\Users\rajav\AppData\Local\Temp\tmpu71cxdpz\traces\no_retrieval_traces.jsonl for evaluation sampler...
2026-07-13T18:52:34 | INFO     | lib.s6_teacher_benchmarking.eval_sampler | Prepared 2 eval samples for cluster cluster_000.
2026-07-13T18:52:34 | INFO     | lib.s6_teacher_benchmarking.eval_sampler | Prepared 2 eval samples for cluster cluster_001.
2026-07-13T18:52:34 | INFO     | lib.s6_teacher_benchmarking.benchmark_runner | Initializing scorers...
2026-07-13T18:52:34 | INFO     | lib.s6_teacher_benchmarking.hallucination_detector | Loaded 86 terms for invented terminology vocabulary check.
2026-07-13T18:52:34 | INFO     | lib.s6_teacher_benchmarking.benchmark_runner | Loading student tokenizer 'HuggingFaceTB/SmolLM2-135M' for token counting...
2026-07-13T18:52:34 | INFO     | lib.s6_teacher_benchmarking.benchmark_runner | Starting benchmarking for teacher model: Qwen/Qwen3-1.7B
2026-07-13T18:52:34 | INFO     | lib.s6_teacher_benchmarking.benchmark_runner | Evaluating teacher Qwen/Qwen3-1.7B on cluster cluster_000 with 2 samples...
2026-07-13T18:52:34 | INFO     | lib.s6_teacher_benchmarking.hallucination_detector | Loading NLI cross-encoder model: mock-nli
2026-07-13T18:52:34 | INFO     | lib.s6_teacher_benchmarking.benchmark_runner | Evaluating teacher Qwen/Qwen3-1.7B on cluster cluster_001 with 2 samples...
2026-07-13T18:52:34 | INFO     | lib.s6_teacher_benchmarking.benchmark_reporter | Initializing benchmark reporter...
2026-07-13T18:52:34 | INFO     | lib.s6_teacher_benchmarking.benchmark_reporter | Writing per-teacher × cluster scores to C:\Users\rajav\AppData\Local\Temp\tmpu71cxdpz\benchmarking\scores.jsonl...
2026-07-13T18:52:34 | INFO     | lib.s6_teacher_benchmarking.benchmark_reporter | Writing benchmark manifest to C:\Users\rajav\AppData\Local\Temp\tmpu71cxdpz\benchmarking\benchmark_manifest.json...
2026-07-13T18:52:34 | INFO     | lib.s6_teacher_benchmarking.teacher_benchmarking | Teacher Benchmarking pipeline step completed successfully.
2026-07-13T18:54:30 | INFO     | lib.s1_build_corpus.build_corpus.run_corpus_builder | [AUTO] CPU Mode workers resolved: 1 (CPU Cores: 14, RAM: 2.7 GB)
2026-07-13T18:54:30 | INFO     | lib.s1_build_corpus.build_corpus.run_corpus_builder | [AUTO] max_tasks_per_child resolved to 3 based on system RAM and workers
2026-07-13T18:54:30 | INFO     | lib.s1_build_corpus.build_corpus.run_corpus_builder | [AUTO] docling_num_threads resolved to 14 (CPU Cores: 14, Total Workers: 1)
2026-07-13T18:54:30 | INFO     | lib.s1_build_corpus.build_corpus.run_corpus_builder | [START] Docling pipeline | 1 workers | GPUs [-1]
2026-07-13T18:54:30 | INFO     | lib.s1_build_corpus.build_corpus.run_corpus_builder | [PLAN] Queued PDF Clinical Neuroscience.pdf (479 pages) in 54 chunks asynchronously...
2026-07-13T18:54:37 | INFO     | lib.s1_build_corpus.worker.worker_init | [WORKER INIT] Docling ready on cpu (GPU -1 requested)
2026-07-13T18:55:08 | INFO     | lib.s1_build_corpus.worker.worker_init | [WORKER INIT] Docling ready on cpu (GPU -1 requested)
2026-07-13T18:55:37 | INFO     | lib.s1_build_corpus.worker.worker_init | [WORKER INIT] Docling ready on cpu (GPU -1 requested)
2026-07-13T18:56:09 | INFO     | lib.s1_build_corpus.worker.worker_init | [WORKER INIT] Docling ready on cpu (GPU -1 requested)
2026-07-13T18:56:39 | INFO     | lib.s1_build_corpus.worker.worker_init | [WORKER INIT] Docling ready on cpu (GPU -1 requested)
2026-07-13T18:57:09 | INFO     | lib.s1_build_corpus.worker.worker_init | [WORKER INIT] Docling ready on cpu (GPU -1 requested)
2026-07-13T18:57:36 | INFO     | lib.s1_build_corpus.worker.worker_init | [WORKER INIT] Docling ready on cpu (GPU -1 requested)
2026-07-13T18:58:03 | INFO     | lib.s1_build_corpus.worker.worker_init | [WORKER INIT] Docling ready on cpu (GPU -1 requested)
2026-07-13T18:58:29 | INFO     | lib.s1_build_corpus.worker.worker_init | [WORKER INIT] Docling ready on cpu (GPU -1 requested)
2026-07-13T18:58:54 | INFO     | lib.s1_build_corpus.worker.worker_init | [WORKER INIT] Docling ready on cpu (GPU -1 requested)
2026-07-13T18:59:21 | INFO     | lib.s1_build_corpus.worker.worker_init | [WORKER INIT] Docling ready on cpu (GPU -1 requested)
2026-07-13T18:59:47 | INFO     | lib.s1_build_corpus.worker.worker_init | [WORKER INIT] Docling ready on cpu (GPU -1 requested)
2026-07-13T19:00:14 | INFO     | lib.s1_build_corpus.worker.worker_init | [WORKER INIT] Docling ready on cpu (GPU -1 requested)
2026-07-13T19:00:41 | INFO     | lib.s1_build_corpus.worker.worker_init | [WORKER INIT] Docling ready on cpu (GPU -1 requested)
2026-07-13T19:01:08 | INFO     | lib.s1_build_corpus.worker.worker_init | [WORKER INIT] Docling ready on cpu (GPU -1 requested)
2026-07-13T19:01:35 | INFO     | lib.s1_build_corpus.worker.worker_init | [WORKER INIT] Docling ready on cpu (GPU -1 requested)
2026-07-13T19:02:02 | INFO     | lib.s1_build_corpus.worker.worker_init | [WORKER INIT] Docling ready on cpu (GPU -1 requested)
2026-07-13T19:02:28 | INFO     | lib.s1_build_corpus.worker.worker_init | [WORKER INIT] Docling ready on cpu (GPU -1 requested)
2026-07-13T19:02:44 | INFO     | lib.s1_build_corpus.build_corpus.run_corpus_builder | [OK] #0 Clinical Neuroscience.pdf (chunk 0) | 5,061 tokens | cumulative 5,061
2026-07-13T19:02:44 | INFO     | lib.s1_build_corpus.build_corpus.run_corpus_builder | [OK] #1 Clinical Neuroscience.pdf (chunk 1) | 8,560 tokens | cumulative 13,621
2026-07-13T19:02:44 | INFO     | lib.s1_build_corpus.build_corpus.run_corpus_builder | [OK] #2 Clinical Neuroscience.pdf (chunk 2) | 4,134 tokens | cumulative 17,755
2026-07-13T19:02:44 | INFO     | lib.s1_build_corpus.build_corpus.run_corpus_builder | [OK] #3 Clinical Neuroscience.pdf (chunk 3) | 6,378 tokens | cumulative 24,133
2026-07-13T19:02:44 | INFO     | lib.s1_build_corpus.build_corpus.run_corpus_builder | [OK] #4 Clinical Neuroscience.pdf (chunk 4) | 6,264 tokens | cumulative 30,397
2026-07-13T19:02:44 | INFO     | lib.s1_build_corpus.build_corpus.run_corpus_builder | [OK] #5 Clinical Neuroscience.pdf (chunk 5) | 8,008 tokens | cumulative 38,405
2026-07-13T19:02:44 | INFO     | lib.s1_build_corpus.build_corpus.run_corpus_builder | [OK] #6 Clinical Neuroscience.pdf (chunk 6) | 7,208 tokens | cumulative 45,613
2026-07-13T19:02:44 | INFO     | lib.s1_build_corpus.build_corpus.run_corpus_builder | [OK] #7 Clinical Neuroscience.pdf (chunk 7) | 5,143 tokens | cumulative 50,756
2026-07-13T19:02:44 | INFO     | lib.s1_build_corpus.build_corpus.run_corpus_builder | [OK] #8 Clinical Neuroscience.pdf (chunk 8) | 6,527 tokens | cumulative 57,283
2026-07-13T19:02:44 | INFO     | lib.s1_build_corpus.build_corpus.run_corpus_builder | [OK] #9 Clinical Neuroscience.pdf (chunk 9) | 7,203 tokens | cumulative 64,486
2026-07-13T19:02:44 | INFO     | lib.s1_build_corpus.build_corpus.run_corpus_builder | [OK] #10 Clinical Neuroscience.pdf (chunk 10) | 6,894 tokens | cumulative 71,380
2026-07-13T19:02:44 | INFO     | lib.s1_build_corpus.build_corpus.run_corpus_builder | [OK] #11 Clinical Neuroscience.pdf (chunk 11) | 6,618 tokens | cumulative 77,998
2026-07-13T19:02:44 | INFO     | lib.s1_build_corpus.build_corpus.run_corpus_builder | [OK] #12 Clinical Neuroscience.pdf (chunk 12) | 6,971 tokens | cumulative 84,969
2026-07-13T19:02:44 | INFO     | lib.s1_build_corpus.build_corpus.run_corpus_builder | [OK] #13 Clinical Neuroscience.pdf (chunk 13) | 7,733 tokens | cumulative 92,702
2026-07-13T19:02:44 | INFO     | lib.s1_build_corpus.build_corpus.run_corpus_builder | [OK] #14 Clinical Neuroscience.pdf (chunk 14) | 6,430 tokens | cumulative 99,132
2026-07-13T19:02:44 | INFO     | lib.s1_build_corpus.build_corpus.run_corpus_builder | [OK] #15 Clinical Neuroscience.pdf (chunk 15) | 7,820 tokens | cumulative 106,952
2026-07-13T19:02:44 | INFO     | lib.s1_build_corpus.build_corpus.run_corpus_builder | [OK] #16 Clinical Neuroscience.pdf (chunk 16) | 7,450 tokens | cumulative 114,402
2026-07-13T19:02:44 | INFO     | lib.s1_build_corpus.build_corpus.run_corpus_builder | [OK] #17 Clinical Neuroscience.pdf (chunk 17) | 5,327 tokens | cumulative 119,729
2026-07-13T19:02:44 | INFO     | lib.s1_build_corpus.build_corpus.run_corpus_builder | [OK] #18 Clinical Neuroscience.pdf (chunk 18) | 6,784 tokens | cumulative 126,513
2026-07-13T19:02:44 | INFO     | lib.s1_build_corpus.build_corpus.run_corpus_builder | [OK] #19 Clinical Neuroscience.pdf (chunk 19) | 7,360 tokens | cumulative 133,873
2026-07-13T19:02:44 | INFO     | lib.s1_build_corpus.build_corpus.run_corpus_builder | [OK] #20 Clinical Neuroscience.pdf (chunk 20) | 7,834 tokens | cumulative 141,707
2026-07-13T19:02:44 | INFO     | lib.s1_build_corpus.build_corpus.run_corpus_builder | [OK] #21 Clinical Neuroscience.pdf (chunk 21) | 7,095 tokens | cumulative 148,802
2026-07-13T19:02:44 | INFO     | lib.s1_build_corpus.build_corpus.run_corpus_builder | [OK] #22 Clinical Neuroscience.pdf (chunk 22) | 7,905 tokens | cumulative 156,707
2026-07-13T19:02:44 | INFO     | lib.s1_build_corpus.build_corpus.run_corpus_builder | [OK] #23 Clinical Neuroscience.pdf (chunk 23) | 7,207 tokens | cumulative 163,914
2026-07-13T19:02:44 | INFO     | lib.s1_build_corpus.build_corpus.run_corpus_builder | [OK] #24 Clinical Neuroscience.pdf (chunk 24) | 7,970 tokens | cumulative 171,884
2026-07-13T19:02:44 | INFO     | lib.s1_build_corpus.build_corpus.run_corpus_builder | [OK] #25 Clinical Neuroscience.pdf (chunk 25) | 6,928 tokens | cumulative 178,812
2026-07-13T19:02:44 | INFO     | lib.s1_build_corpus.build_corpus.run_corpus_builder | [OK] #26 Clinical Neuroscience.pdf (chunk 26) | 8,210 tokens | cumulative 187,022
2026-07-13T19:02:44 | INFO     | lib.s1_build_corpus.build_corpus.run_corpus_builder | [OK] #27 Clinical Neuroscience.pdf (chunk 27) | 8,177 tokens | cumulative 195,199
2026-07-13T19:02:44 | INFO     | lib.s1_build_corpus.build_corpus.run_corpus_builder | [OK] #28 Clinical Neuroscience.pdf (chunk 28) | 8,064 tokens | cumulative 203,263
2026-07-13T19:02:44 | INFO     | lib.s1_build_corpus.build_corpus.run_corpus_builder | [OK] #29 Clinical Neuroscience.pdf (chunk 29) | 7,380 tokens | cumulative 210,643
2026-07-13T19:02:44 | INFO     | lib.s1_build_corpus.build_corpus.run_corpus_builder | [OK] #30 Clinical Neuroscience.pdf (chunk 30) | 7,527 tokens | cumulative 218,170
2026-07-13T19:02:44 | INFO     | lib.s1_build_corpus.build_corpus.run_corpus_builder | [OK] #31 Clinical Neuroscience.pdf (chunk 31) | 6,833 tokens | cumulative 225,003
2026-07-13T19:02:44 | INFO     | lib.s1_build_corpus.build_corpus.run_corpus_builder | [OK] #32 Clinical Neuroscience.pdf (chunk 32) | 7,015 tokens | cumulative 232,018
2026-07-13T19:02:44 | INFO     | lib.s1_build_corpus.build_corpus.run_corpus_builder | [OK] #33 Clinical Neuroscience.pdf (chunk 33) | 8,124 tokens | cumulative 240,142
2026-07-13T19:02:44 | INFO     | lib.s1_build_corpus.build_corpus.run_corpus_builder | [OK] #34 Clinical Neuroscience.pdf (chunk 34) | 7,989 tokens | cumulative 248,131
2026-07-13T19:02:44 | INFO     | lib.s1_build_corpus.build_corpus.run_corpus_builder | [OK] #35 Clinical Neuroscience.pdf (chunk 35) | 8,021 tokens | cumulative 256,152
2026-07-13T19:02:44 | INFO     | lib.s1_build_corpus.build_corpus.run_corpus_builder | [OK] #36 Clinical Neuroscience.pdf (chunk 36) | 12,957 tokens | cumulative 269,109
2026-07-13T19:02:44 | INFO     | lib.s1_build_corpus.build_corpus.run_corpus_builder | [OK] #37 Clinical Neuroscience.pdf (chunk 37) | 12,972 tokens | cumulative 282,081
2026-07-13T19:02:44 | INFO     | lib.s1_build_corpus.build_corpus.run_corpus_builder | [OK] #38 Clinical Neuroscience.pdf (chunk 38) | 12,867 tokens | cumulative 294,948
2026-07-13T19:02:44 | INFO     | lib.s1_build_corpus.build_corpus.run_corpus_builder | [OK] #39 Clinical Neuroscience.pdf (chunk 39) | 13,112 tokens | cumulative 308,060
2026-07-13T19:02:44 | INFO     | lib.s1_build_corpus.build_corpus.run_corpus_builder | [OK] #40 Clinical Neuroscience.pdf (chunk 40) | 12,940 tokens | cumulative 321,000
2026-07-13T19:02:44 | INFO     | lib.s1_build_corpus.build_corpus.run_corpus_builder | [OK] #41 Clinical Neuroscience.pdf (chunk 41) | 13,305 tokens | cumulative 334,305
2026-07-13T19:02:44 | INFO     | lib.s1_build_corpus.build_corpus.run_corpus_builder | [OK] #42 Clinical Neuroscience.pdf (chunk 42) | 13,459 tokens | cumulative 347,764
2026-07-13T19:02:44 | INFO     | lib.s1_build_corpus.build_corpus.run_corpus_builder | [OK] #43 Clinical Neuroscience.pdf (chunk 43) | 13,362 tokens | cumulative 361,126
2026-07-13T19:02:44 | INFO     | lib.s1_build_corpus.build_corpus.run_corpus_builder | [OK] #44 Clinical Neuroscience.pdf (chunk 44) | 13,180 tokens | cumulative 374,306
2026-07-13T19:02:44 | INFO     | lib.s1_build_corpus.build_corpus.run_corpus_builder | [OK] #45 Clinical Neuroscience.pdf (chunk 45) | 13,343 tokens | cumulative 387,649
2026-07-13T19:02:44 | INFO     | lib.s1_build_corpus.build_corpus.run_corpus_builder | [OK] #46 Clinical Neuroscience.pdf (chunk 46) | 12,991 tokens | cumulative 400,640
2026-07-13T19:02:44 | INFO     | lib.s1_build_corpus.build_corpus.run_corpus_builder | [OK] #47 Clinical Neuroscience.pdf (chunk 47) | 13,379 tokens | cumulative 414,019
2026-07-13T19:02:44 | INFO     | lib.s1_build_corpus.build_corpus.run_corpus_builder | [OK] #48 Clinical Neuroscience.pdf (chunk 48) | 13,262 tokens | cumulative 427,281
2026-07-13T19:02:44 | INFO     | lib.s1_build_corpus.build_corpus.run_corpus_builder | [OK] #49 Clinical Neuroscience.pdf (chunk 49) | 12,821 tokens | cumulative 440,102
2026-07-13T19:02:44 | INFO     | lib.s1_build_corpus.build_corpus.run_corpus_builder | [OK] #50 Clinical Neuroscience.pdf (chunk 50) | 13,595 tokens | cumulative 453,697
2026-07-13T19:02:44 | INFO     | lib.s1_build_corpus.build_corpus.run_corpus_builder | [OK] #51 Clinical Neuroscience.pdf (chunk 51) | 12,803 tokens | cumulative 466,500
2026-07-13T19:02:44 | INFO     | lib.s1_build_corpus.build_corpus.run_corpus_builder | [OK] #52 Clinical Neuroscience.pdf (chunk 52) | 9,175 tokens | cumulative 475,675
2026-07-13T19:02:44 | INFO     | lib.s1_build_corpus.build_corpus.run_corpus_builder | [OK] #53 Clinical Neuroscience.pdf (chunk 53) | 614 tokens | cumulative 476,289
2026-07-13T19:02:45 | INFO     | lib.s1_build_corpus.build_corpus.run_corpus_builder | [DONE] Docling - 54 chunks from documents, 476,289 tokens -> data\dapt\in\domain_dapt_corpus_extracted.jsonl
2026-07-13T19:02:45 | INFO     | lib.s1_build_corpus.replay_corpus | =============================================================
2026-07-13T19:02:45 | INFO     | lib.s1_build_corpus.replay_corpus |    REPLAY CORPUS GENERATION: FINEWEB-EDU -> RAW JSONL        
2026-07-13T19:02:45 | INFO     | lib.s1_build_corpus.replay_corpus | =============================================================
2026-07-13T19:02:45 | INFO     | lib.s1_build_corpus.replay_corpus | Target tokens  : 614,400
2026-07-13T19:02:45 | INFO     | lib.s1_build_corpus.replay_corpus | Output file    : data\dapt\in\fineweb_replay.jsonl
2026-07-13T19:02:45 | INFO     | lib.s1_build_corpus.replay_corpus | Base model     : HuggingFaceTB/SmolLM2-135M
2026-07-13T19:02:45 | INFO     | lib.s1_build_corpus.replay_corpus | Loading tokenizer for: HuggingFaceTB/SmolLM2-135M...
2026-07-13T19:02:46 | INFO     | lib.s1_build_corpus.replay_corpus | Streaming dataset from Hugging Face: HuggingFaceFW/fineweb-edu (sample-10BT)...
2026-07-13T19:02:56 | INFO     | lib.s1_build_corpus.replay_corpus |   Processed 50 documents, collected 41,184 tokens...
2026-07-13T19:02:56 | INFO     | lib.s1_build_corpus.replay_corpus |   Processed 100 documents, collected 80,949 tokens...
2026-07-13T19:02:56 | INFO     | lib.s1_build_corpus.replay_corpus |   Processed 150 documents, collected 116,763 tokens...
2026-07-13T19:02:56 | INFO     | lib.s1_build_corpus.replay_corpus |   Processed 200 documents, collected 171,230 tokens...
2026-07-13T19:02:57 | INFO     | lib.s1_build_corpus.replay_corpus |   Processed 250 documents, collected 234,841 tokens...
2026-07-13T19:02:57 | INFO     | lib.s1_build_corpus.replay_corpus |   Processed 300 documents, collected 284,503 tokens...
2026-07-13T19:02:57 | INFO     | lib.s1_build_corpus.replay_corpus |   Processed 350 documents, collected 342,567 tokens...
2026-07-13T19:02:57 | INFO     | lib.s1_build_corpus.replay_corpus |   Processed 400 documents, collected 377,340 tokens...
2026-07-13T19:02:57 | INFO     | lib.s1_build_corpus.replay_corpus |   Processed 450 documents, collected 423,957 tokens...
2026-07-13T19:02:57 | INFO     | lib.s1_build_corpus.replay_corpus |   Processed 500 documents, collected 487,780 tokens...
2026-07-13T19:02:57 | INFO     | lib.s1_build_corpus.replay_corpus |   Processed 550 documents, collected 529,566 tokens...
2026-07-13T19:02:57 | INFO     | lib.s1_build_corpus.replay_corpus |   Processed 600 documents, collected 575,081 tokens...
2026-07-13T19:02:57 | INFO     | lib.s1_build_corpus.replay_corpus | Successfully wrote 644 replay documents (615,273 tokens) to: data\dapt\in\fineweb_replay.jsonl
2026-07-13T19:02:57 | INFO     | lib.s1_build_corpus.merge_corpus | =============================================================
2026-07-13T19:02:57 | INFO     | lib.s1_build_corpus.merge_corpus |    MERGING CORPUS: DAPT/IN/*.JSONL -> UNIFIED CORPUS         
2026-07-13T19:02:57 | INFO     | lib.s1_build_corpus.merge_corpus | =============================================================
2026-07-13T19:02:57 | INFO     | lib.s1_build_corpus.merge_corpus | Input directory : data\dapt\in
2026-07-13T19:02:57 | INFO     | lib.s1_build_corpus.merge_corpus | Output file     : data\dapt\domain_dapt_corpus.jsonl
2026-07-13T19:02:57 | INFO     | lib.s1_build_corpus.merge_corpus | Found 3 files to merge:
2026-07-13T19:02:57 | INFO     | lib.s1_build_corpus.merge_corpus |   - domain_dapt_corpus1.jsonl (16.70 MB)
2026-07-13T19:02:57 | INFO     | lib.s1_build_corpus.merge_corpus |   - domain_dapt_corpus_extracted.jsonl (2.05 MB)
2026-07-13T19:02:57 | INFO     | lib.s1_build_corpus.merge_corpus |   - fineweb_replay.jsonl (2.73 MB)
2026-07-13T19:02:57 | INFO     | lib.s1_build_corpus.merge_corpus | Processing: domain_dapt_corpus1.jsonl...
2026-07-13T19:02:57 | INFO     | lib.s1_build_corpus.merge_corpus |   Merged 611 documents from domain_dapt_corpus1.jsonl
2026-07-13T19:02:57 | INFO     | lib.s1_build_corpus.merge_corpus | Processing: domain_dapt_corpus_extracted.jsonl...
2026-07-13T19:02:57 | INFO     | lib.s1_build_corpus.merge_corpus |   Merged 54 documents from domain_dapt_corpus_extracted.jsonl
2026-07-13T19:02:57 | INFO     | lib.s1_build_corpus.merge_corpus | Processing: fineweb_replay.jsonl...
2026-07-13T19:02:57 | INFO     | lib.s1_build_corpus.merge_corpus |   Merged 644 documents from fineweb_replay.jsonl
2026-07-13T19:02:57 | INFO     | lib.s1_build_corpus.merge_corpus | Merge complete! Wrote 1309 documents (4,926,779 tokens) to data\dapt\domain_dapt_corpus.jsonl
