2026-06-17T08:09:44 | INFO     | dapt.pipeline | 
============================================================
  DAPT Step 0.3 Configuration
============================================================
  Model           : HuggingFaceTB/SmolLM2-135M
  Corpus tokens   : 30.0B
  Max passes      : 3
  Hard stop       : 90.0B tokens
  Eval interval   : 500M tokens
  QA gate         : ≥ 55%
  PPL gate        : < 2.0% for 2 consecutive evals
  Term cov gate   : ≥ 80%
  Ret prec gate   : ≥ 60%
  Checkpoint dir  : models\dapt_model
  Log dir         : logs
============================================================

2026-06-17T08:09:44 | INFO     | dapt.pipeline | Using device: cpu
2026-06-17T08:09:47 | INFO     | dapt.pipeline | Loading pretraining corpus from E:\Projects\CND\Semantics\data\dapt\domain_dapt_corpus.jsonl
2026-06-17T08:09:47 | INFO     | dapt.pipeline | Corpus split: 137 training docs, 34 validation docs.
2026-06-17T08:09:47 | INFO     | dapt.pipeline | Written validation split text to evals\dapt\ppl_held_out.txt for perplexity probe.
2026-06-17T08:09:47 | INFO     | dapt.pipeline | Tokenizing and chunking training documents...
2026-06-17T08:09:48 | INFO     | dapt.pipeline | Created 2070 training blocks of size 512.
2026-06-17T08:09:48 | INFO     | dapt.pipeline | Starting pretraining loop...
2026-06-17T08:09:48 | INFO     | dapt.pipeline | 
############################################################
  Corpus pass 1/3
############################################################
2026-06-17T08:14:38 | INFO     | dapt.pipeline | 
============================================================
  DAPT Step 0.3 Configuration
============================================================
  Model           : dummy-model
  Corpus tokens   : 30.0B
  Max passes      : 1
  Hard stop       : 30.0B tokens
  Eval interval   : 500M tokens
  QA gate         : >= 55%
  PPL gate        : < 2.0% for 2 consecutive evals
  Term cov gate   : >= 80%
  Ret prec gate   : >= 60%
  Checkpoint dir  : C:\Users\rajav\AppData\Local\Temp\tmpmpo5bb7w\out_model
  Log dir         : logs
============================================================

2026-06-17T08:14:38 | INFO     | dapt.pipeline | Using device: cpu
2026-06-17T08:14:38 | INFO     | dapt.pipeline | Loading pretraining corpus from C:\Users\rajav\AppData\Local\Temp\tmpmpo5bb7w\corpus.jsonl
2026-06-17T08:14:38 | INFO     | dapt.pipeline | Corpus split: 1 training docs, 2 validation docs.
2026-06-17T08:14:38 | INFO     | dapt.pipeline | Written validation split text to evals\dapt\ppl_held_out.txt for perplexity probe.
2026-06-17T08:14:38 | INFO     | dapt.pipeline | Tokenizing and chunking training documents...
2026-06-17T08:14:38 | INFO     | dapt.pipeline | Created 1 training blocks of size 512.
2026-06-17T08:14:38 | INFO     | dapt.pipeline | Starting pretraining loop...
2026-06-17T08:14:38 | INFO     | dapt.pipeline | 
############################################################
  Corpus pass 1/1
############################################################
2026-06-17T08:14:38 | INFO     | dapt.pipeline | Completed corpus pass 1. Total tokens: 0.00B
2026-06-17T08:14:38 | WARNING  | dapt.pipeline | Training loop exhausted without a convergence decision. Running final gate check.
2026-06-17T08:14:38 | WARNING  | dapt.checkpoint | Failed to save torch checkpoint (this is expected if using mocks in unit tests): Can't pickle <class 'unittest.mock.MagicMock'>: it's not the same object as unittest.mock.MagicMock
2026-06-17T08:14:38 | INFO     | dapt.eval_runner | 
==============================================================
  Starting Eval #1 | Tokens: 0.00B | Pass: 0.000x
==============================================================
2026-06-17T08:14:38 | INFO     | dapt.eval_runner |   Running Probe B: Perplexity...
2026-06-17T08:14:38 | INFO     | dapt.probe.perplexity | Loading PPL corpus from: evals\dapt\ppl_held_out.txt (max 10.0M tokens)
2026-06-17T08:14:38 | INFO     | dapt.probe.perplexity | PPL corpus ready: 0.00M tokens, 0 sequences
2026-06-17T08:14:38 | INFO     | dapt.probe.perplexity | Probe B — Perplexity: inf  (NLL: inf nats, tokens: 0)
2026-06-17T08:14:38 | INFO     | dapt.eval_runner |   Running Probe A: QA Accuracy...
2026-06-17T08:14:38 | INFO     | dapt.probe.qa | Probe A — QA Accuracy: 1.0000 (1/1)
2026-06-17T08:14:38 | INFO     | dapt.eval_runner |   Running Probe C: Terminology Coverage...
2026-06-17T08:14:38 | INFO     | dapt.probe.terminology | Probe C — Terminology Coverage: 0.0000 (0/20)
  Per-category: {'receptor': 0.0, 'neurotransmitter': 0.0, 'anatomy': 0.0, 'cell_type': 0.0, 'pathway': 0.0, 'oscillation': 0.0, 'disorder': 0.0, 'stub': 0.0}
  Sample missed terms: ['NMDA', 'GABA', 'hippocampus', 'Schwann', 'mesolimbic', 'place', 'endothelial', '10', 'neurofibrillary', 'calcium']
2026-06-17T08:14:38 | INFO     | dapt.eval_runner |   Running Probe D: Retrieval Precision (BERTScore)...
2026-06-17T08:14:38 | INFO     | dapt.probe.retrieval | Generating 5 anatomical responses (greedy)...
2026-06-17T08:14:38 | INFO     | dapt.probe.retrieval | Computing BERTScore with model: allenai/scibert_scivocab_uncased
2026-06-17T08:14:39 | INFO     | dapt.probe.retrieval | Probe D — Retrieval Precision: 1.0000 (min=1.000, max=1.000, n=5, low-scoring=0)
2026-06-17T08:14:39 | INFO     | dapt.eval_runner | 
  Eval #1 summary:
    PPL=inf  QA=1.000  Term=0.000  Ret=1.000  (elapsed: 1s)

2026-06-17T08:14:39 | WARNING  | dapt.gates | 
!!!!!!!!!!!!!!!!!!!!!!!!!!!!!!!!!!!!!!!!!!!!!!!!!!!!!!!!!!!!
  HARD CAP reached — gates NOT fully met
  Failed gates: ['PPL plateau not reached (insufficient eval history)']
  Recommended action (Priority 3): PROCEED_WITH_RISK_FLAG
  Rationale: QA accuracy is near threshold but perplexity plateau or secondary gates may not be fully cleared. Downstream phases may compensate. Action: proceed but document all metric gaps in the risk report and monitor Phase 1+ validation metrics closely.
  Risk report: logs\dapt_hard_cap_risk_report.json
!!!!!!!!!!!!!!!!!!!!!!!!!!!!!!!!!!!!!!!!!!!!!!!!!!!!!!!!!!!!

2026-06-17T08:14:39 | WARNING  | dapt.pipeline | DAPT completed without convergence. Non-convergence risk report generated.
2026-06-17T08:32:54 | INFO     | dapt.pipeline | 
============================================================
  DAPT Step 0.3 Configuration
============================================================
  Model           : dummy-model
  Corpus tokens   : 30.0B
  Max passes      : 1
  Hard stop       : 30.0B tokens
  Eval interval   : 500M tokens
  QA gate         : >= 55%
  PPL gate        : < 2.0% for 2 consecutive evals
  Term cov gate   : >= 80%
  Ret prec gate   : >= 60%
  Checkpoint dir  : C:\Users\rajav\AppData\Local\Temp\tmpp5deehb_\out_model
  Log dir         : logs
============================================================

2026-06-17T08:32:54 | INFO     | dapt.pipeline | Using device: cpu
2026-06-17T08:32:54 | INFO     | dapt.pipeline | Loading pretraining corpus from C:\Users\rajav\AppData\Local\Temp\tmpp5deehb_\corpus.jsonl
2026-06-17T08:32:54 | INFO     | dapt.pipeline | Corpus split: 1 training docs, 2 validation docs.
2026-06-17T08:32:54 | INFO     | dapt.pipeline | Written validation split text to evals\dapt\ppl_held_out.txt for perplexity probe.
2026-06-17T08:32:54 | INFO     | dapt.pipeline | Tokenizing and chunking training documents...
2026-06-17T08:32:54 | INFO     | dapt.pipeline | Created 1 training blocks of size 512.
2026-06-17T08:32:54 | INFO     | dapt.pipeline | Starting pretraining loop...
2026-06-17T08:32:54 | INFO     | dapt.pipeline | 
############################################################
  Corpus pass 1/1
############################################################
2026-06-17T08:32:54 | INFO     | dapt.pipeline | Completed corpus pass 1. Total tokens: 0.00B
2026-06-17T08:32:54 | WARNING  | dapt.pipeline | Training loop exhausted without a convergence decision. Running final gate check.
2026-06-17T08:32:54 | WARNING  | dapt.checkpoint | Failed to save torch checkpoint (this is expected if using mocks in unit tests): Can't pickle <class 'unittest.mock.MagicMock'>: it's not the same object as unittest.mock.MagicMock
2026-06-17T08:32:54 | INFO     | dapt.eval_runner | 
==============================================================
  Starting Eval #1 | Tokens: 0.00B | Pass: 0.000x
==============================================================
2026-06-17T08:32:54 | INFO     | dapt.eval_runner |   Running Probe B: Perplexity...
2026-06-17T08:32:54 | INFO     | dapt.probe.perplexity | Loading PPL corpus from: evals\dapt\ppl_held_out.txt (max 10.0M tokens)
2026-06-17T08:32:54 | INFO     | dapt.probe.perplexity | PPL corpus ready: 0.00M tokens, 0 sequences
2026-06-17T08:32:54 | INFO     | dapt.probe.perplexity | Probe B — Perplexity: inf  (NLL: inf nats, tokens: 0)
2026-06-17T08:32:54 | INFO     | dapt.eval_runner |   Running Probe A: QA Accuracy...
2026-06-17T08:32:54 | INFO     | dapt.probe.qa | Probe A — QA Accuracy: 1.0000 (1/1)
2026-06-17T08:32:54 | INFO     | dapt.eval_runner |   Running Probe C: Terminology Coverage...
2026-06-17T08:32:54 | INFO     | dapt.probe.terminology | Probe C — Terminology Coverage: 0.0000 (0/51)
  Per-category: {'anatomy': 0.0, 'cognitive_psychology': 0.0}
  Sample missed terms: ['hippocampus', 'hippocampus', 'hippocampus', 'amygdala', 'amygdala', 'amygdala', 'striatum', 'striatum', 'striatum', 'prefrontal']
2026-06-17T08:32:54 | INFO     | dapt.eval_runner |   Running Probe D: Retrieval Precision (BERTScore)...
2026-06-17T08:32:54 | INFO     | dapt.probe.retrieval | Generating 5 anatomical responses (greedy)...
2026-06-17T08:32:54 | INFO     | dapt.probe.retrieval | Computing BERTScore with model: allenai/scibert_scivocab_uncased
2026-06-17T08:32:55 | INFO     | dapt.probe.retrieval | Probe D — Retrieval Precision: 1.0000 (min=1.000, max=1.000, n=5, low-scoring=0)
2026-06-17T08:32:55 | INFO     | dapt.eval_runner | 
  Eval #1 summary:
    PPL=inf  QA=1.000  Term=0.000  Ret=1.000  (elapsed: 1s)

2026-06-17T08:32:55 | WARNING  | dapt.gates | 
!!!!!!!!!!!!!!!!!!!!!!!!!!!!!!!!!!!!!!!!!!!!!!!!!!!!!!!!!!!!
  HARD CAP reached — gates NOT fully met
  Failed gates: ['PPL plateau not reached (insufficient eval history)']
  Recommended action (Priority 3): PROCEED_WITH_RISK_FLAG
  Rationale: QA accuracy is near threshold but perplexity plateau or secondary gates may not be fully cleared. Downstream phases may compensate. Action: proceed but document all metric gaps in the risk report and monitor Phase 1+ validation metrics closely.
  Risk report: logs\dapt_hard_cap_risk_report.json
!!!!!!!!!!!!!!!!!!!!!!!!!!!!!!!!!!!!!!!!!!!!!!!!!!!!!!!!!!!!

2026-06-17T08:32:55 | WARNING  | dapt.pipeline | DAPT completed without convergence. Non-convergence risk report generated.
2026-06-17T08:36:43 | INFO     | dapt.pipeline | 
============================================================
  DAPT Step 0.3 Configuration
============================================================
  Model           : dummy-model
  Corpus tokens   : 30.0B
  Max passes      : 1
  Hard stop       : 30.0B tokens
  Eval interval   : 500M tokens
  QA gate         : >= 55%
  PPL gate        : < 2.0% for 2 consecutive evals
  Term cov gate   : >= 80%
  Ret prec gate   : >= 60%
  Checkpoint dir  : C:\Users\rajav\AppData\Local\Temp\tmp2fuexwf3\out_model
  Log dir         : logs
============================================================

2026-06-17T08:36:43 | INFO     | dapt.pipeline | Using device: cpu
2026-06-17T08:36:43 | INFO     | dapt.pipeline | Loading pretraining corpus from C:\Users\rajav\AppData\Local\Temp\tmp2fuexwf3\corpus.jsonl
2026-06-17T08:36:43 | INFO     | dapt.pipeline | Corpus split: 1 training docs, 2 validation docs.
2026-06-17T08:36:43 | INFO     | dapt.pipeline | Written validation split text to evals\dapt\ppl_held_out.txt for perplexity probe.
2026-06-17T08:36:43 | INFO     | dapt.pipeline | Tokenizing and chunking training documents...
2026-06-17T08:36:43 | INFO     | dapt.pipeline | Created 1 training blocks of size 512.
2026-06-17T08:36:43 | INFO     | dapt.pipeline | Starting pretraining loop...
2026-06-17T08:36:43 | INFO     | dapt.pipeline | 
############################################################
  Corpus pass 1/1
############################################################
2026-06-17T08:36:43 | INFO     | dapt.pipeline | Completed corpus pass 1. Total tokens: 0.00B
2026-06-17T08:36:43 | WARNING  | dapt.pipeline | Training loop exhausted without a convergence decision. Running final gate check.
2026-06-17T08:36:43 | WARNING  | dapt.checkpoint | Failed to save torch checkpoint (this is expected if using mocks in unit tests): Can't pickle <class 'unittest.mock.MagicMock'>: it's not the same object as unittest.mock.MagicMock
2026-06-17T08:36:43 | INFO     | dapt.eval_runner | 
==============================================================
  Starting Eval #1 | Tokens: 0.00B | Pass: 0.000x
==============================================================
2026-06-17T08:36:43 | INFO     | dapt.eval_runner |   Running Probe B: Perplexity...
2026-06-17T08:36:43 | INFO     | dapt.probe.perplexity | Loading PPL corpus from: evals\dapt\ppl_held_out.txt (max 10.0M tokens)
2026-06-17T08:36:43 | INFO     | dapt.probe.perplexity | PPL corpus ready: 0.00M tokens, 0 sequences
2026-06-17T08:36:43 | INFO     | dapt.probe.perplexity | Probe B — Perplexity: inf  (NLL: inf nats, tokens: 0)
2026-06-17T08:36:43 | INFO     | dapt.eval_runner |   Running Probe A: QA Accuracy...
2026-06-17T08:36:43 | INFO     | dapt.probe.qa | Probe A — QA Accuracy: 1.0000 (1/1)
2026-06-17T08:36:43 | INFO     | dapt.eval_runner |   Running Probe C: Terminology Coverage...
2026-06-17T08:36:43 | INFO     | dapt.probe.terminology | Probe C — Terminology Coverage: 0.0000 (0/51)
  Per-category: {'anatomy': 0.0, 'cognitive_psychology': 0.0}
  Sample missed terms: ['hippocampus', 'hippocampus', 'hippocampus', 'amygdala', 'amygdala', 'amygdala', 'striatum', 'striatum', 'striatum', 'prefrontal']
2026-06-17T08:36:43 | INFO     | dapt.eval_runner |   Running Probe D: Retrieval Precision (BERTScore)...
2026-06-17T08:36:43 | INFO     | dapt.probe.retrieval | Generating 5 anatomical responses (greedy)...
2026-06-17T08:36:43 | INFO     | dapt.probe.retrieval | Computing BERTScore with model: allenai/scibert_scivocab_uncased
2026-06-17T08:36:44 | INFO     | dapt.probe.retrieval | Probe D — Retrieval Precision: 1.0000 (min=1.000, max=1.000, n=5, low-scoring=0)
2026-06-17T08:36:44 | INFO     | dapt.eval_runner | 
  Eval #1 summary:
    PPL=inf  QA=1.000  Term=0.000  Ret=1.000  (elapsed: 1s)

2026-06-17T08:36:44 | WARNING  | dapt.gates | 
!!!!!!!!!!!!!!!!!!!!!!!!!!!!!!!!!!!!!!!!!!!!!!!!!!!!!!!!!!!!
  HARD CAP reached — gates NOT fully met
  Failed gates: ['PPL plateau not reached (insufficient eval history)']
  Recommended action (Priority 3): PROCEED_WITH_RISK_FLAG
  Rationale: QA accuracy is near threshold but perplexity plateau or secondary gates may not be fully cleared. Downstream phases may compensate. Action: proceed but document all metric gaps in the risk report and monitor Phase 1+ validation metrics closely.
  Risk report: logs\dapt_hard_cap_risk_report.json
!!!!!!!!!!!!!!!!!!!!!!!!!!!!!!!!!!!!!!!!!!!!!!!!!!!!!!!!!!!!

2026-06-17T08:36:44 | WARNING  | dapt.pipeline | DAPT completed without convergence. Non-convergence risk report generated.
2026-06-17T08:37:25 | INFO     | dapt.pipeline | 
============================================================
  DAPT Step 0.3 Configuration
============================================================
  Model           : dummy-model
  Corpus tokens   : 30.0B
  Max passes      : 1
  Hard stop       : 30.0B tokens
  Eval interval   : 500M tokens
  QA gate         : >= 55%
  PPL gate        : < 2.0% for 2 consecutive evals
  Term cov gate   : >= 80%
  Ret prec gate   : >= 60%
  Checkpoint dir  : C:\Users\rajav\AppData\Local\Temp\tmp8le7gvk3\out_model
  Log dir         : logs
============================================================

2026-06-17T08:37:25 | INFO     | dapt.pipeline | Using device: cpu
2026-06-17T08:37:25 | INFO     | dapt.pipeline | Loading pretraining corpus from C:\Users\rajav\AppData\Local\Temp\tmp8le7gvk3\corpus.jsonl
2026-06-17T08:37:25 | INFO     | dapt.pipeline | Corpus split: 1 training docs, 2 validation docs.
2026-06-17T08:37:25 | INFO     | dapt.pipeline | Written validation split text to evals\dapt\ppl_held_out.txt for perplexity probe.
2026-06-17T08:37:25 | INFO     | dapt.pipeline | Tokenizing and chunking training documents...
2026-06-17T08:37:25 | INFO     | dapt.pipeline | Created 1 training blocks of size 512.
2026-06-17T08:37:25 | INFO     | dapt.pipeline | Starting pretraining loop...
2026-06-17T08:37:25 | INFO     | dapt.pipeline | 
############################################################
  Corpus pass 1/1
############################################################
2026-06-17T08:37:25 | INFO     | dapt.pipeline | Completed corpus pass 1. Total tokens: 0.00B
2026-06-17T08:37:25 | WARNING  | dapt.pipeline | Training loop exhausted without a convergence decision. Running final gate check.
2026-06-17T08:37:25 | WARNING  | dapt.checkpoint | Failed to save torch checkpoint (this is expected if using mocks in unit tests): Can't pickle <class 'unittest.mock.MagicMock'>: it's not the same object as unittest.mock.MagicMock
2026-06-17T08:37:25 | INFO     | dapt.eval_runner | 
==============================================================
  Starting Eval #1 | Tokens: 0.00B | Pass: 0.000x
==============================================================
2026-06-17T08:37:25 | INFO     | dapt.eval_runner |   Running Probe B: Perplexity...
2026-06-17T08:37:25 | INFO     | dapt.probe.perplexity | Loading PPL corpus from: evals\dapt\ppl_held_out.txt (max 10.0M tokens)
2026-06-17T08:37:25 | INFO     | dapt.probe.perplexity | PPL corpus ready: 0.00M tokens, 0 sequences
2026-06-17T08:37:25 | INFO     | dapt.probe.perplexity | Probe B — Perplexity: inf  (NLL: inf nats, tokens: 0)
2026-06-17T08:37:25 | INFO     | dapt.eval_runner |   Running Probe A: QA Accuracy...
2026-06-17T08:37:25 | INFO     | dapt.probe.qa | Probe A — QA Accuracy: 1.0000 (1/1)
2026-06-17T08:37:25 | INFO     | dapt.eval_runner |   Running Probe C: Terminology Coverage...
2026-06-17T08:37:25 | INFO     | dapt.probe.terminology | Probe C — Terminology Coverage: 0.0000 (0/51)
  Per-category: {'anatomy': 0.0, 'cognitive_psychology': 0.0}
  Sample missed terms: ['hippocampus', 'hippocampus', 'hippocampus', 'amygdala', 'amygdala', 'amygdala', 'striatum', 'striatum', 'striatum', 'prefrontal']
2026-06-17T08:37:25 | INFO     | dapt.eval_runner |   Running Probe D: Retrieval Precision (BERTScore)...
2026-06-17T08:37:25 | INFO     | dapt.probe.retrieval | Generating 5 anatomical responses (greedy)...
2026-06-17T08:37:25 | INFO     | dapt.probe.retrieval | Computing BERTScore with model: allenai/scibert_scivocab_uncased
2026-06-17T08:37:26 | INFO     | dapt.probe.retrieval | Probe D — Retrieval Precision: 1.0000 (min=1.000, max=1.000, n=5, low-scoring=0)
2026-06-17T08:37:26 | INFO     | dapt.eval_runner | 
  Eval #1 summary:
    PPL=inf  QA=1.000  Term=0.000  Ret=1.000  (elapsed: 1s)

2026-06-17T08:37:26 | WARNING  | dapt.gates | 
!!!!!!!!!!!!!!!!!!!!!!!!!!!!!!!!!!!!!!!!!!!!!!!!!!!!!!!!!!!!
  HARD CAP reached — gates NOT fully met
  Failed gates: ['PPL plateau not reached (insufficient eval history)']
  Recommended action (Priority 3): PROCEED_WITH_RISK_FLAG
  Rationale: QA accuracy is near threshold but perplexity plateau or secondary gates may not be fully cleared. Downstream phases may compensate. Action: proceed but document all metric gaps in the risk report and monitor Phase 1+ validation metrics closely.
  Risk report: logs\dapt_hard_cap_risk_report.json
!!!!!!!!!!!!!!!!!!!!!!!!!!!!!!!!!!!!!!!!!!!!!!!!!!!!!!!!!!!!

2026-06-17T08:37:26 | WARNING  | dapt.pipeline | DAPT completed without convergence. Non-convergence risk report generated.
2026-06-17T08:38:39 | INFO     | dapt.pipeline | 
============================================================
  DAPT Step 0.3 Configuration
============================================================
  Model           : dummy-model
  Corpus tokens   : 30.0B
  Max passes      : 1
  Hard stop       : 30.0B tokens
  Eval interval   : 500M tokens
  QA gate         : >= 55%
  PPL gate        : < 2.0% for 2 consecutive evals
  Term cov gate   : >= 80%
  Ret prec gate   : >= 60%
  Checkpoint dir  : C:\Users\rajav\AppData\Local\Temp\tmptdp2d6zs\out_model
  Log dir         : logs
============================================================

2026-06-17T08:38:39 | INFO     | dapt.pipeline | Using device: cpu
2026-06-17T08:38:39 | INFO     | dapt.pipeline | Loading pretraining corpus from C:\Users\rajav\AppData\Local\Temp\tmptdp2d6zs\corpus.jsonl
2026-06-17T08:38:39 | INFO     | dapt.pipeline | Corpus split: 1 training docs, 2 validation docs.
2026-06-17T08:38:39 | INFO     | dapt.pipeline | Written validation split text to evals\dapt\ppl_held_out.txt for perplexity probe.
2026-06-17T08:38:39 | INFO     | dapt.pipeline | Tokenizing and chunking training documents...
2026-06-17T08:38:39 | INFO     | dapt.pipeline | Created 1 training blocks of size 512.
2026-06-17T08:38:39 | INFO     | dapt.pipeline | Starting pretraining loop...
2026-06-17T08:38:39 | INFO     | dapt.pipeline | 
############################################################
  Corpus pass 1/1
############################################################
2026-06-17T08:38:39 | INFO     | dapt.pipeline | Completed corpus pass 1. Total tokens: 0.00B
2026-06-17T08:38:39 | WARNING  | dapt.pipeline | Training loop exhausted without a convergence decision. Running final gate check.
2026-06-17T08:38:39 | WARNING  | dapt.checkpoint | Failed to save torch checkpoint (this is expected if using mocks in unit tests): Can't pickle <class 'unittest.mock.MagicMock'>: it's not the same object as unittest.mock.MagicMock
2026-06-17T08:38:39 | INFO     | dapt.eval_runner | 
==============================================================
  Starting Eval #1 | Tokens: 0.00B | Pass: 0.000x
==============================================================
2026-06-17T08:38:39 | INFO     | dapt.eval_runner |   Running Probe B: Perplexity...
2026-06-17T08:38:39 | INFO     | dapt.probe.perplexity | Loading PPL corpus from: evals\dapt\ppl_held_out.txt (max 10.0M tokens)
2026-06-17T08:38:39 | INFO     | dapt.probe.perplexity | PPL corpus ready: 0.00M tokens, 0 sequences
2026-06-17T08:38:39 | INFO     | dapt.probe.perplexity | Probe B — Perplexity: inf  (NLL: inf nats, tokens: 0)
2026-06-17T08:38:39 | INFO     | dapt.eval_runner |   Running Probe A: QA Accuracy...
2026-06-17T08:38:39 | INFO     | dapt.probe.qa | Probe A — QA Accuracy: 1.0000 (1/1)
2026-06-17T08:38:39 | INFO     | dapt.eval_runner |   Running Probe C: Terminology Coverage...
2026-06-17T08:38:39 | INFO     | dapt.probe.terminology | Probe C — Terminology Coverage: 0.0000 (0/51)
  Per-category: {'anatomy': 0.0, 'cognitive_psychology': 0.0}
  Sample missed terms: ['hippocampus', 'hippocampus', 'hippocampus', 'amygdala', 'amygdala', 'amygdala', 'striatum', 'striatum', 'striatum', 'prefrontal']
2026-06-17T08:38:39 | INFO     | dapt.eval_runner |   Running Probe D: Retrieval Precision (BERTScore)...
2026-06-17T08:38:39 | INFO     | dapt.probe.retrieval | Generating 5 anatomical responses (greedy)...
2026-06-17T08:38:39 | INFO     | dapt.probe.retrieval | Computing BERTScore with model: allenai/scibert_scivocab_uncased
2026-06-17T08:38:40 | INFO     | dapt.probe.retrieval | Probe D — Retrieval Precision: 1.0000 (min=1.000, max=1.000, n=5, low-scoring=0)
2026-06-17T08:38:40 | INFO     | dapt.eval_runner | 
  Eval #1 summary:
    PPL=inf  QA=1.000  Term=0.000  Ret=1.000  (elapsed: 1s)

2026-06-17T08:38:40 | WARNING  | dapt.gates | 
!!!!!!!!!!!!!!!!!!!!!!!!!!!!!!!!!!!!!!!!!!!!!!!!!!!!!!!!!!!!
  HARD CAP reached — gates NOT fully met
  Failed gates: ['PPL plateau not reached (insufficient eval history)']
  Recommended action (Priority 3): PROCEED_WITH_RISK_FLAG
  Rationale: QA accuracy is near threshold but perplexity plateau or secondary gates may not be fully cleared. Downstream phases may compensate. Action: proceed but document all metric gaps in the risk report and monitor Phase 1+ validation metrics closely.
  Risk report: logs\dapt_hard_cap_risk_report.json
!!!!!!!!!!!!!!!!!!!!!!!!!!!!!!!!!!!!!!!!!!!!!!!!!!!!!!!!!!!!

2026-06-17T08:38:40 | WARNING  | dapt.pipeline | DAPT completed without convergence. Non-convergence risk report generated.
2026-06-17T09:09:36 | INFO     | dapt.pipeline | 
============================================================
  DAPT Step 0.3 Configuration
============================================================
  Model           : dummy-model
  Corpus tokens   : 30.0B
  Max passes      : 1
  Hard stop       : 30.0B tokens
  Eval interval   : 500M tokens
  QA gate         : >= 55%
  PPL gate        : < 2.0% for 2 consecutive evals
  Term cov gate   : >= 80%
  Ret prec gate   : >= 60%
  Checkpoint dir  : C:\Users\rajav\AppData\Local\Temp\tmpuf_ich7v\out_model
  Log dir         : logs
============================================================

2026-06-17T09:09:36 | INFO     | dapt.pipeline | Using device: cpu
2026-06-17T09:09:36 | INFO     | dapt.pipeline | Loading pretraining corpus from C:\Users\rajav\AppData\Local\Temp\tmpuf_ich7v\corpus.jsonl
2026-06-17T09:09:36 | INFO     | dapt.pipeline | Corpus split: 1 training docs, 2 validation docs.
2026-06-17T09:09:36 | INFO     | dapt.pipeline | Written validation split text to evals\dapt\ppl_held_out.txt for perplexity probe.
2026-06-17T09:09:36 | INFO     | dapt.pipeline | Tokenizing and chunking training documents...
2026-06-17T09:09:36 | INFO     | dapt.pipeline | Created 1 training blocks of size 512.
2026-06-17T09:09:36 | INFO     | dapt.pipeline | Starting pretraining loop...
2026-06-17T09:09:36 | INFO     | dapt.pipeline | 
############################################################
  Corpus pass 1/1
############################################################
2026-06-17T09:09:36 | INFO     | dapt.pipeline | Completed corpus pass 1. Total tokens: 0.00B
2026-06-17T09:09:36 | WARNING  | dapt.pipeline | Training loop exhausted without a convergence decision. Running final gate check.
2026-06-17T09:09:36 | WARNING  | dapt.checkpoint | Failed to save torch checkpoint (this is expected if using mocks in unit tests): Can't pickle <class 'unittest.mock.MagicMock'>: it's not the same object as unittest.mock.MagicMock
2026-06-17T09:09:36 | INFO     | dapt.eval_runner | 
==============================================================
  Starting Eval #1 | Tokens: 0.00B | Pass: 0.000x
==============================================================
2026-06-17T09:09:36 | INFO     | dapt.eval_runner |   Running Probe B: Perplexity...
2026-06-17T09:09:36 | INFO     | dapt.probe.perplexity | Loading PPL corpus from: evals\dapt\ppl_held_out.txt (max 10.0M tokens)
2026-06-17T09:09:36 | INFO     | dapt.probe.perplexity | PPL corpus ready: 0.00M tokens, 0 sequences
2026-06-17T09:09:36 | INFO     | dapt.probe.perplexity | Probe B — Perplexity: inf  (NLL: inf nats, tokens: 0)
2026-06-17T09:09:36 | INFO     | dapt.eval_runner |   Running Probe A: QA Accuracy...
2026-06-17T09:09:36 | INFO     | dapt.probe.qa | Probe A — QA Accuracy: 1.0000 (1/1)
2026-06-17T09:09:36 | INFO     | dapt.eval_runner |   Running Probe C: Terminology Coverage...
2026-06-17T09:09:36 | INFO     | dapt.probe.terminology | Probe C — Terminology Coverage: 0.0000 (0/51)
  Per-category: {'anatomy': 0.0, 'cognitive_psychology': 0.0}
  Sample missed terms: ['hippocampus', 'hippocampus', 'hippocampus', 'amygdala', 'amygdala', 'amygdala', 'striatum', 'striatum', 'striatum', 'prefrontal']
2026-06-17T09:09:36 | INFO     | dapt.eval_runner |   Running Probe D: Retrieval Precision (BERTScore)...
2026-06-17T09:09:36 | INFO     | dapt.probe.retrieval | Generating 5 anatomical responses (greedy)...
2026-06-17T09:09:36 | INFO     | dapt.probe.retrieval | Computing BERTScore with model: allenai/scibert_scivocab_uncased
2026-06-17T09:09:38 | INFO     | dapt.probe.retrieval | Probe D — Retrieval Precision: 1.0000 (min=1.000, max=1.000, n=5, low-scoring=0)
2026-06-17T09:09:38 | INFO     | dapt.eval_runner | 
  Eval #1 summary:
    PPL=inf  QA=1.000  Term=0.000  Ret=1.000  (elapsed: 1s)

2026-06-17T09:09:38 | WARNING  | dapt.gates | 
!!!!!!!!!!!!!!!!!!!!!!!!!!!!!!!!!!!!!!!!!!!!!!!!!!!!!!!!!!!!
  HARD CAP reached — gates NOT fully met
  Failed gates: ['PPL plateau not reached (insufficient eval history)']
  Recommended action (Priority 3): PROCEED_WITH_RISK_FLAG
  Rationale: QA accuracy is near threshold but perplexity plateau or secondary gates may not be fully cleared. Downstream phases may compensate. Action: proceed but document all metric gaps in the risk report and monitor Phase 1+ validation metrics closely.
  Risk report: logs\dapt_hard_cap_risk_report.json
!!!!!!!!!!!!!!!!!!!!!!!!!!!!!!!!!!!!!!!!!!!!!!!!!!!!!!!!!!!!

2026-06-17T09:09:38 | WARNING  | dapt.pipeline | DAPT completed without convergence. Non-convergence risk report generated.
2026-06-17T09:11:32 | INFO     | dapt.pipeline | 
============================================================
  DAPT Step 0.3 Configuration
============================================================
  Model           : dummy-model
  Corpus tokens   : 30.0B
  Max passes      : 1
  Hard stop       : 30.0B tokens
  Eval interval   : 500M tokens
  QA gate         : >= 55%
  PPL gate        : < 2.0% for 2 consecutive evals
  Term cov gate   : >= 80%
  Ret prec gate   : >= 60%
  Checkpoint dir  : C:\Users\rajav\AppData\Local\Temp\tmp64vq9r_u\out_model
  Log dir         : logs
============================================================

2026-06-17T09:11:32 | INFO     | dapt.pipeline | Using device: cpu
2026-06-17T09:11:32 | INFO     | dapt.pipeline | Loading pretraining corpus from C:\Users\rajav\AppData\Local\Temp\tmp64vq9r_u\corpus.jsonl
2026-06-17T09:11:32 | INFO     | dapt.pipeline | Corpus split: 1 training docs, 2 validation docs.
2026-06-17T09:11:32 | INFO     | dapt.pipeline | Written validation split text to evals\dapt\ppl_held_out.txt for perplexity probe.
2026-06-17T09:11:32 | INFO     | dapt.pipeline | Tokenizing and chunking training documents...
2026-06-17T09:11:32 | INFO     | dapt.pipeline | Created 1 training blocks of size 512.
2026-06-17T09:11:32 | INFO     | dapt.pipeline | Starting pretraining loop...
2026-06-17T09:11:32 | INFO     | dapt.pipeline | 
############################################################
  Corpus pass 1/1
############################################################
2026-06-17T09:11:32 | INFO     | dapt.pipeline | Completed corpus pass 1. Total tokens: 0.00B
2026-06-17T09:11:32 | WARNING  | dapt.pipeline | Training loop exhausted without a convergence decision. Running final gate check.
2026-06-17T09:11:32 | WARNING  | dapt.checkpoint | Failed to save torch checkpoint (this is expected if using mocks in unit tests): Can't pickle <class 'unittest.mock.MagicMock'>: it's not the same object as unittest.mock.MagicMock
2026-06-17T09:11:32 | INFO     | dapt.eval_runner | 
==============================================================
  Starting Eval #1 | Tokens: 0.00B | Pass: 0.000x
==============================================================
2026-06-17T09:11:32 | INFO     | dapt.eval_runner |   Running Probe B: Perplexity...
2026-06-17T09:11:32 | INFO     | dapt.probe.perplexity | Loading PPL corpus from: evals\dapt\ppl_held_out.txt (max 10.0M tokens)
2026-06-17T09:11:32 | INFO     | dapt.probe.perplexity | PPL corpus ready: 0.00M tokens, 0 sequences
2026-06-17T09:11:32 | INFO     | dapt.probe.perplexity | Probe B — Perplexity: inf  (NLL: inf nats, tokens: 0)
2026-06-17T09:11:32 | INFO     | dapt.eval_runner |   Running Probe A: QA Accuracy...
2026-06-17T09:11:32 | INFO     | dapt.probe.qa | Probe A — QA Accuracy: 1.0000 (1/1)
2026-06-17T09:11:32 | INFO     | dapt.eval_runner |   Running Probe C: Terminology Coverage...
2026-06-17T09:11:32 | INFO     | dapt.probe.terminology | Probe C — Terminology Coverage: 0.0000 (0/51)
  Per-category: {'anatomy': 0.0, 'cognitive_psychology': 0.0}
  Sample missed terms: ['hippocampus', 'hippocampus', 'hippocampus', 'amygdala', 'amygdala', 'amygdala', 'striatum', 'striatum', 'striatum', 'prefrontal']
2026-06-17T09:11:32 | INFO     | dapt.eval_runner |   Running Probe D: Retrieval Precision (BERTScore)...
2026-06-17T09:11:32 | INFO     | dapt.probe.retrieval | Generating 5 anatomical responses (greedy)...
2026-06-17T09:11:32 | INFO     | dapt.probe.retrieval | Computing BERTScore with model: allenai/scibert_scivocab_uncased
2026-06-17T09:11:33 | INFO     | dapt.probe.retrieval | Probe D — Retrieval Precision: 1.0000 (min=1.000, max=1.000, n=5, low-scoring=0)
2026-06-17T09:11:33 | INFO     | dapt.eval_runner | 
  Eval #1 summary:
    PPL=inf  QA=1.000  Term=0.000  Ret=1.000  (elapsed: 1s)

2026-06-17T09:11:33 | WARNING  | dapt.gates | 
!!!!!!!!!!!!!!!!!!!!!!!!!!!!!!!!!!!!!!!!!!!!!!!!!!!!!!!!!!!!
  HARD CAP reached — gates NOT fully met
  Failed gates: ['PPL plateau not reached (insufficient eval history)']
  Recommended action (Priority 3): PROCEED_WITH_RISK_FLAG
  Rationale: QA accuracy is near threshold but perplexity plateau or secondary gates may not be fully cleared. Downstream phases may compensate. Action: proceed but document all metric gaps in the risk report and monitor Phase 1+ validation metrics closely.
  Risk report: logs\dapt_hard_cap_risk_report.json
!!!!!!!!!!!!!!!!!!!!!!!!!!!!!!!!!!!!!!!!!!!!!!!!!!!!!!!!!!!!

2026-06-17T09:11:33 | WARNING  | dapt.pipeline | DAPT completed without convergence. Non-convergence risk report generated.
2026-06-17T09:18:30 | INFO     | dapt.pipeline | 
============================================================
  DAPT Step 0.3 Configuration
============================================================
  Model           : dummy-model
  Corpus tokens   : 30.0B
  Max passes      : 1
  Hard stop       : 30.0B tokens
  Eval interval   : 500M tokens
  QA gate         : >= 55%
  PPL gate        : < 2.0% for 2 consecutive evals
  Term cov gate   : >= 80%
  Ret prec gate   : >= 60%
  Checkpoint dir  : C:\Users\rajav\AppData\Local\Temp\tmp4it_5d18\out_model
  Log dir         : logs
============================================================

2026-06-17T09:18:30 | INFO     | dapt.pipeline | Using device: cpu
2026-06-17T09:18:30 | INFO     | dapt.pipeline | Loading pretraining corpus from C:\Users\rajav\AppData\Local\Temp\tmp4it_5d18\corpus.jsonl
2026-06-17T09:18:30 | INFO     | dapt.pipeline | Corpus split: 1 training docs, 2 validation docs.
2026-06-17T09:18:30 | INFO     | dapt.pipeline | Written validation split text to evals\dapt\ppl_held_out.txt for perplexity probe.
2026-06-17T09:18:30 | INFO     | dapt.pipeline | Tokenizing and chunking training documents...
2026-06-17T09:18:30 | INFO     | dapt.pipeline | Created 1 training blocks of size 512.
2026-06-17T09:18:30 | INFO     | dapt.pipeline | Starting pretraining loop...
2026-06-17T09:18:30 | INFO     | dapt.pipeline | 
############################################################
  Corpus pass 1/1
############################################################
2026-06-17T09:18:30 | INFO     | dapt.pipeline | Completed corpus pass 1. Total tokens: 0.00B
2026-06-17T09:18:30 | WARNING  | dapt.pipeline | Training loop exhausted without a convergence decision. Running final gate check.
2026-06-17T09:18:30 | WARNING  | dapt.checkpoint | Failed to save torch checkpoint (this is expected if using mocks in unit tests): Can't pickle <class 'unittest.mock.MagicMock'>: it's not the same object as unittest.mock.MagicMock
2026-06-17T09:18:30 | INFO     | dapt.eval_runner | 
==============================================================
  Starting Eval #1 | Tokens: 0.00B | Pass: 0.000x
==============================================================
2026-06-17T09:18:30 | INFO     | dapt.eval_runner |   Running Probe B: Perplexity...
2026-06-17T09:18:30 | INFO     | dapt.probe.perplexity | Loading PPL corpus from: evals\dapt\ppl_held_out.txt (max 10.0M tokens)
2026-06-17T09:18:30 | INFO     | dapt.probe.perplexity | PPL corpus ready: 0.00M tokens, 0 sequences
2026-06-17T09:18:30 | INFO     | dapt.probe.perplexity | Probe B — Perplexity: inf  (NLL: inf nats, tokens: 0)
2026-06-17T09:18:30 | INFO     | dapt.eval_runner |   Running Probe A: QA Accuracy...
2026-06-17T09:18:30 | INFO     | dapt.probe.qa | Probe A — QA Accuracy: 1.0000 (1/1)
2026-06-17T09:18:30 | INFO     | dapt.eval_runner |   Running Probe C: Terminology Coverage...
2026-06-17T09:18:30 | INFO     | dapt.probe.terminology | Probe C — Terminology Coverage: 0.0000 (0/51)
  Per-category: {'anatomy': 0.0, 'cognitive_psychology': 0.0}
  Sample missed terms: ['hippocampus', 'hippocampus', 'hippocampus', 'amygdala', 'amygdala', 'amygdala', 'striatum', 'striatum', 'striatum', 'prefrontal']
2026-06-17T09:18:30 | INFO     | dapt.eval_runner |   Running Probe D: Retrieval Precision (BERTScore)...
2026-06-17T09:18:30 | INFO     | dapt.probe.retrieval | Generating 5 anatomical responses (greedy)...
2026-06-17T09:18:30 | INFO     | dapt.probe.retrieval | Computing BERTScore with model: allenai/scibert_scivocab_uncased
2026-06-17T09:18:31 | INFO     | dapt.probe.retrieval | Probe D — Retrieval Precision: 1.0000 (min=1.000, max=1.000, n=5, low-scoring=0)
2026-06-17T09:18:31 | INFO     | dapt.eval_runner | 
  Eval #1 summary:
    PPL=inf  QA=1.000  Term=0.000  Ret=1.000  (elapsed: 1s)

2026-06-17T09:18:31 | WARNING  | dapt.gates | 
!!!!!!!!!!!!!!!!!!!!!!!!!!!!!!!!!!!!!!!!!!!!!!!!!!!!!!!!!!!!
  HARD CAP reached — gates NOT fully met
  Failed gates: ['PPL plateau not reached (insufficient eval history)']
  Recommended action (Priority 3): PROCEED_WITH_RISK_FLAG
  Rationale: QA accuracy is near threshold but perplexity plateau or secondary gates may not be fully cleared. Downstream phases may compensate. Action: proceed but document all metric gaps in the risk report and monitor Phase 1+ validation metrics closely.
  Risk report: logs\dapt_hard_cap_risk_report.json
!!!!!!!!!!!!!!!!!!!!!!!!!!!!!!!!!!!!!!!!!!!!!!!!!!!!!!!!!!!!

2026-06-17T09:18:31 | WARNING  | dapt.pipeline | DAPT completed without convergence. Non-convergence risk report generated.
2026-06-17T10:00:48 | INFO     | dapt.pipeline | 
============================================================
  DAPT Step 0.3 Configuration
============================================================
  Model           : dummy-model
  Corpus tokens   : 30.0B
  Max passes      : 1
  Hard stop       : 30.0B tokens
  Eval interval   : 500M tokens
  QA gate         : >= 55%
  PPL gate        : < 2.0% for 2 consecutive evals
  Term cov gate   : >= 80%
  Ret prec gate   : >= 60%
  Checkpoint dir  : C:\Users\rajav\AppData\Local\Temp\tmple0inn4p\out_model
  Log dir         : logs
============================================================

2026-06-17T10:00:48 | INFO     | dapt.pipeline | Using device: cpu
2026-06-17T10:00:48 | INFO     | dapt.pipeline | Loading pretraining corpus from C:\Users\rajav\AppData\Local\Temp\tmple0inn4p\corpus.jsonl
2026-06-17T10:00:48 | INFO     | dapt.pipeline | Corpus split: 1 training docs, 2 validation docs.
2026-06-17T10:00:48 | INFO     | dapt.pipeline | Written validation split text to evals\dapt\ppl_held_out.txt for perplexity probe.
2026-06-17T10:00:48 | INFO     | dapt.pipeline | Tokenizing and chunking training documents...
2026-06-17T10:00:48 | INFO     | dapt.pipeline | Created 1 training blocks of size 512.
2026-06-17T10:00:48 | INFO     | dapt.pipeline | Starting pretraining loop...
2026-06-17T10:00:48 | INFO     | dapt.pipeline | 
############################################################
  Corpus pass 1/1
############################################################
2026-06-17T10:00:48 | INFO     | dapt.pipeline | Completed corpus pass 1. Total tokens: 0.00B
2026-06-17T10:00:48 | WARNING  | dapt.pipeline | Training loop exhausted without a convergence decision. Running final gate check.
2026-06-17T10:00:48 | WARNING  | dapt.checkpoint | Failed to save torch checkpoint (this is expected if using mocks in unit tests): Can't pickle <class 'unittest.mock.MagicMock'>: it's not the same object as unittest.mock.MagicMock
2026-06-17T10:00:48 | INFO     | dapt.eval_runner | 
==============================================================
  Starting Eval #1 | Tokens: 0.00B | Pass: 0.000x
==============================================================
2026-06-17T10:00:48 | INFO     | dapt.eval_runner |   Running Probe B: Perplexity...
2026-06-17T10:00:48 | INFO     | dapt.probe.perplexity | Loading PPL corpus from: evals\dapt\ppl_held_out.txt (max 10.0M tokens)
2026-06-17T10:00:48 | INFO     | dapt.probe.perplexity | PPL corpus ready: 0.00M tokens, 0 sequences
2026-06-17T10:00:48 | INFO     | dapt.probe.perplexity | Probe B — Perplexity: inf  (NLL: inf nats, tokens: 0)
2026-06-17T10:00:48 | INFO     | dapt.eval_runner |   Running Probe A: QA Accuracy...
2026-06-17T10:00:48 | INFO     | dapt.probe.qa | Probe A — QA Accuracy: 1.0000 (1/1)
2026-06-17T10:00:48 | INFO     | dapt.eval_runner |   Running Probe C: Terminology Coverage...
2026-06-17T10:00:48 | INFO     | dapt.probe.terminology | Probe C — Terminology Coverage: 0.0000 (0/51)
  Per-category: {'anatomy': 0.0, 'cognitive_psychology': 0.0}
  Sample missed terms: ['hippocampus', 'hippocampus', 'hippocampus', 'amygdala', 'amygdala', 'amygdala', 'striatum', 'striatum', 'striatum', 'prefrontal']
2026-06-17T10:00:48 | INFO     | dapt.eval_runner |   Running Probe D: Retrieval Precision (BERTScore)...
2026-06-17T10:00:48 | INFO     | dapt.probe.retrieval | Generating 5 anatomical responses (greedy)...
2026-06-17T10:00:48 | INFO     | dapt.probe.retrieval | Computing BERTScore with model: allenai/scibert_scivocab_uncased
2026-06-17T10:00:50 | INFO     | dapt.probe.retrieval | Probe D — Retrieval Precision: 1.0000 (min=1.000, max=1.000, n=5, low-scoring=0)
2026-06-17T10:00:50 | INFO     | dapt.eval_runner | 
  Eval #1 summary:
    PPL=inf  QA=1.000  Term=0.000  Ret=1.000  (elapsed: 2s)

2026-06-17T10:00:50 | WARNING  | dapt.gates | 
!!!!!!!!!!!!!!!!!!!!!!!!!!!!!!!!!!!!!!!!!!!!!!!!!!!!!!!!!!!!
  HARD CAP reached — gates NOT fully met
  Failed gates: ['PPL plateau not reached (insufficient eval history)']
  Recommended action (Priority 3): PROCEED_WITH_RISK_FLAG
  Rationale: QA accuracy is near threshold but perplexity plateau or secondary gates may not be fully cleared. Downstream phases may compensate. Action: proceed but document all metric gaps in the risk report and monitor Phase 1+ validation metrics closely.
  Risk report: logs\dapt_hard_cap_risk_report.json
!!!!!!!!!!!!!!!!!!!!!!!!!!!!!!!!!!!!!!!!!!!!!!!!!!!!!!!!!!!!

2026-06-17T10:00:50 | WARNING  | dapt.pipeline | DAPT completed without convergence. Non-convergence risk report generated.
2026-06-17T10:01:28 | INFO     | dapt.pipeline | 
============================================================
  DAPT Step 0.3 Configuration
============================================================
  Model           : HuggingFaceTB/SmolLM2-135M
  Corpus tokens   : 30.0B
  Max passes      : 3
  Hard stop       : 90.0B tokens
  Eval interval   : 500M tokens
  QA gate         : >= 55%
  PPL gate        : < 2.0% for 2 consecutive evals
  Term cov gate   : >= 80%
  Ret prec gate   : >= 60%
  Checkpoint dir  : models\dapt_model
  Log dir         : logs
============================================================

2026-06-17T10:01:28 | INFO     | dapt.pipeline | Using device: cpu
2026-06-17T10:01:32 | INFO     | dapt.pipeline | Loading pretraining corpus from E:\Projects\CND\Semantics\data\dapt\domain_dapt_corpus.jsonl
2026-06-17T10:01:32 | INFO     | dapt.pipeline | Corpus split: 137 training docs, 34 validation docs.
2026-06-17T10:01:32 | INFO     | dapt.pipeline | Written validation split text to evals\dapt\ppl_held_out.txt for perplexity probe.
2026-06-17T10:01:32 | INFO     | dapt.pipeline | Tokenizing and chunking training documents...
2026-06-17T11:21:39 | INFO     | dapt.pipeline | 
============================================================
  DAPT Step 0.3 Configuration
============================================================
  Model           : dummy-model
  Corpus tokens   : 30.0B
  Max passes      : 1
  Hard stop       : 30.0B tokens
  Eval interval   : 500M tokens
  QA gate         : >= 55%
  PPL gate        : < 2.0% for 2 consecutive evals
  Term cov gate   : >= 80%
  Ret prec gate   : >= 60%
  Checkpoint dir  : C:\Users\rajav\AppData\Local\Temp\tmpiuhewb3n\out_model
  Log dir         : logs
============================================================

2026-06-17T11:21:39 | INFO     | dapt.pipeline | Using device: cpu
2026-06-17T11:21:39 | INFO     | dapt.pipeline | Loading pretraining corpus from C:\Users\rajav\AppData\Local\Temp\tmpiuhewb3n\corpus.jsonl
2026-06-17T11:21:39 | INFO     | dapt.pipeline | Corpus split: 1 training docs, 2 validation docs.
2026-06-17T11:21:39 | INFO     | dapt.pipeline | Written validation split text to evals\dapt\ppl_held_out.txt for perplexity probe.
2026-06-17T11:21:39 | INFO     | dapt.pipeline | Tokenizing and chunking training documents...
2026-06-17T11:21:39 | INFO     | dapt.pipeline | Created 1 training blocks of size 512.
2026-06-17T11:21:39 | INFO     | dapt.pipeline | Starting pretraining loop...
2026-06-17T11:21:39 | INFO     | dapt.pipeline | 
############################################################
  Corpus pass 1/1
############################################################
2026-06-17T11:21:39 | INFO     | dapt.pipeline | Completed corpus pass 1. Total tokens: 0.00B
2026-06-17T11:21:39 | WARNING  | dapt.pipeline | Training loop exhausted without a convergence decision. Running final gate check.
2026-06-17T11:21:39 | WARNING  | dapt.checkpoint | Failed to save torch checkpoint (this is expected if using mocks in unit tests): Can't pickle <class 'unittest.mock.MagicMock'>: it's not the same object as unittest.mock.MagicMock
2026-06-17T11:21:39 | INFO     | dapt.eval_runner | 
==============================================================
  Starting Eval #1 | Tokens: 0.00B | Pass: 0.000x
==============================================================
2026-06-17T11:21:39 | INFO     | dapt.eval_runner |   Running Probe B: Perplexity...
2026-06-17T11:21:39 | INFO     | dapt.probe.perplexity | Loading PPL corpus from: evals\dapt\ppl_held_out.txt (max 10.0M tokens)
2026-06-17T11:21:39 | INFO     | dapt.probe.perplexity | PPL corpus ready: 0.00M tokens, 0 sequences
2026-06-17T11:21:39 | INFO     | dapt.probe.perplexity | Probe B — Perplexity: inf  (NLL: inf nats, tokens: 0)
2026-06-17T11:21:39 | INFO     | dapt.eval_runner |   Running Probe A: QA Accuracy...
2026-06-17T11:21:39 | INFO     | dapt.probe.qa | Probe A — QA Accuracy: 1.0000 (1/1)
2026-06-17T11:21:39 | INFO     | dapt.eval_runner |   Running Probe C: Terminology Coverage...
2026-06-17T11:21:39 | INFO     | dapt.probe.terminology | Probe C — Terminology Coverage: 0.0000 (0/51)
  Per-category: {'anatomy': 0.0, 'cognitive_psychology': 0.0}
  Sample missed terms: ['hippocampus', 'hippocampus', 'hippocampus', 'amygdala', 'amygdala', 'amygdala', 'striatum', 'striatum', 'striatum', 'prefrontal']
2026-06-17T11:21:39 | INFO     | dapt.eval_runner |   Running Probe D: Retrieval Precision (BERTScore)...
2026-06-17T11:21:39 | INFO     | dapt.probe.retrieval | Generating 5 anatomical responses (greedy)...
2026-06-17T11:21:39 | INFO     | dapt.probe.retrieval | Computing BERTScore with model: allenai/scibert_scivocab_uncased
2026-06-17T11:21:40 | INFO     | dapt.probe.retrieval | Probe D — Retrieval Precision: 1.0000 (min=1.000, max=1.000, n=5, low-scoring=0)
2026-06-17T11:21:40 | INFO     | dapt.eval_runner | 
  Eval #1 summary:
    PPL=inf  QA=1.000  Term=0.000  Ret=1.000  (elapsed: 1s)

2026-06-17T11:21:40 | WARNING  | dapt.gates | 
!!!!!!!!!!!!!!!!!!!!!!!!!!!!!!!!!!!!!!!!!!!!!!!!!!!!!!!!!!!!
  HARD CAP reached — gates NOT fully met
  Failed gates: ['PPL plateau not reached (insufficient eval history)']
  Recommended action (Priority 3): PROCEED_WITH_RISK_FLAG
  Rationale: QA accuracy is near threshold but perplexity plateau or secondary gates may not be fully cleared. Downstream phases may compensate. Action: proceed but document all metric gaps in the risk report and monitor Phase 1+ validation metrics closely.
  Risk report: logs\dapt_hard_cap_risk_report.json
!!!!!!!!!!!!!!!!!!!!!!!!!!!!!!!!!!!!!!!!!!!!!!!!!!!!!!!!!!!!

2026-06-17T11:21:40 | WARNING  | dapt.pipeline | DAPT completed without convergence. Non-convergence risk report generated.
2026-06-17T11:22:01 | INFO     | dapt.pipeline | 
============================================================
  DAPT Step 0.3 Configuration
============================================================
  Model           : dummy-model
  Corpus tokens   : 30.0B
  Max passes      : 1
  Hard stop       : 30.0B tokens
  Eval interval   : 500M tokens
  QA gate         : >= 55%
  PPL gate        : < 2.0% for 2 consecutive evals
  Term cov gate   : >= 80%
  Ret prec gate   : >= 60%
  Checkpoint dir  : C:\Users\rajav\AppData\Local\Temp\tmpx458133n\out_model
  Log dir         : logs
============================================================

2026-06-17T11:22:01 | INFO     | dapt.pipeline | Using device: cpu
2026-06-17T11:22:01 | INFO     | dapt.pipeline | Loading pretraining corpus from C:\Users\rajav\AppData\Local\Temp\tmpx458133n\corpus.jsonl
2026-06-17T11:22:01 | INFO     | dapt.pipeline | Corpus split: 1 training docs, 2 validation docs.
2026-06-17T11:22:01 | INFO     | dapt.pipeline | Written validation split text to evals\dapt\ppl_held_out.txt for perplexity probe.
2026-06-17T11:22:01 | INFO     | dapt.pipeline | Tokenizing and chunking training documents...
2026-06-17T11:22:01 | INFO     | dapt.pipeline | Created 1 training blocks of size 512.
2026-06-17T11:22:01 | INFO     | dapt.pipeline | Starting pretraining loop...
2026-06-17T11:22:01 | INFO     | dapt.pipeline | 
############################################################
  Corpus pass 1/1
############################################################
2026-06-17T11:22:01 | INFO     | dapt.pipeline | Completed corpus pass 1. Total tokens: 0.00B
2026-06-17T11:22:01 | WARNING  | dapt.pipeline | Training loop exhausted without a convergence decision. Running final gate check.
2026-06-17T11:22:01 | WARNING  | dapt.checkpoint | Failed to save torch checkpoint (this is expected if using mocks in unit tests): Can't pickle <class 'unittest.mock.MagicMock'>: it's not the same object as unittest.mock.MagicMock
2026-06-17T11:22:01 | INFO     | dapt.eval_runner | 
==============================================================
  Starting Eval #1 | Tokens: 0.00B | Pass: 0.000x
==============================================================
2026-06-17T11:22:01 | INFO     | dapt.eval_runner |   Running Probe B: Perplexity...
2026-06-17T11:22:01 | INFO     | dapt.probe.perplexity | Loading PPL corpus from: evals\dapt\ppl_held_out.txt (max 10.0M tokens)
2026-06-17T11:22:01 | INFO     | dapt.probe.perplexity | PPL corpus ready: 0.00M tokens, 0 sequences
2026-06-17T11:22:01 | INFO     | dapt.probe.perplexity | Probe B — Perplexity: inf  (NLL: inf nats, tokens: 0)
2026-06-17T11:22:01 | INFO     | dapt.eval_runner |   Running Probe A: QA Accuracy...
2026-06-17T11:22:01 | INFO     | dapt.probe.qa | Probe A — QA Accuracy: 1.0000 (1/1)
2026-06-17T11:22:01 | INFO     | dapt.eval_runner |   Running Probe C: Terminology Coverage...
2026-06-17T11:22:01 | INFO     | dapt.probe.terminology | Probe C — Terminology Coverage: 0.0000 (0/51)
  Per-category: {'anatomy': 0.0, 'cognitive_psychology': 0.0}
  Sample missed terms: ['hippocampus', 'hippocampus', 'hippocampus', 'amygdala', 'amygdala', 'amygdala', 'striatum', 'striatum', 'striatum', 'prefrontal']
2026-06-17T11:22:01 | INFO     | dapt.eval_runner |   Running Probe D: Retrieval Precision (BERTScore)...
2026-06-17T11:22:01 | INFO     | dapt.probe.retrieval | Generating 5 anatomical responses (greedy)...
2026-06-17T11:22:01 | INFO     | dapt.probe.retrieval | Computing BERTScore with model: allenai/scibert_scivocab_uncased
2026-06-17T11:22:02 | INFO     | dapt.probe.retrieval | Probe D — Retrieval Precision: 1.0000 (min=1.000, max=1.000, n=5, low-scoring=0)
2026-06-17T11:22:02 | INFO     | dapt.eval_runner | 
  Eval #1 summary:
    PPL=inf  QA=1.000  Term=0.000  Ret=1.000  (elapsed: 1s)

2026-06-17T11:22:02 | WARNING  | dapt.gates | 
!!!!!!!!!!!!!!!!!!!!!!!!!!!!!!!!!!!!!!!!!!!!!!!!!!!!!!!!!!!!
  HARD CAP reached — gates NOT fully met
  Failed gates: ['PPL plateau not reached (insufficient eval history)']
  Recommended action (Priority 3): PROCEED_WITH_RISK_FLAG
  Rationale: QA accuracy is near threshold but perplexity plateau or secondary gates may not be fully cleared. Downstream phases may compensate. Action: proceed but document all metric gaps in the risk report and monitor Phase 1+ validation metrics closely.
  Risk report: logs\dapt_hard_cap_risk_report.json
!!!!!!!!!!!!!!!!!!!!!!!!!!!!!!!!!!!!!!!!!!!!!!!!!!!!!!!!!!!!

2026-06-17T11:22:02 | WARNING  | dapt.pipeline | DAPT completed without convergence. Non-convergence risk report generated.
2026-06-17T11:25:51 | INFO     | dapt.pipeline | 
============================================================
  DAPT Step 0.3 Configuration
============================================================
  Model           : dummy-model
  Corpus tokens   : 30.0B
  Max passes      : 1
  Hard stop       : 30.0B tokens
  Eval interval   : 500M tokens
  QA gate         : >= 55%
  PPL gate        : < 2.0% for 2 consecutive evals
  Term cov gate   : >= 80%
  Ret prec gate   : >= 60%
  Checkpoint dir  : C:\Users\rajav\AppData\Local\Temp\tmpnjvutz_m\out_model
  Log dir         : logs
============================================================

2026-06-17T11:25:51 | INFO     | dapt.pipeline | Using device: cpu
2026-06-17T11:25:51 | INFO     | dapt.pipeline | Loading pretraining corpus from C:\Users\rajav\AppData\Local\Temp\tmpnjvutz_m\corpus.jsonl
2026-06-17T11:25:51 | INFO     | dapt.pipeline | Corpus split: 1 training docs, 2 validation docs.
2026-06-17T11:25:51 | INFO     | dapt.pipeline | Written validation split text to evals\dapt\ppl_held_out.txt for perplexity probe.
2026-06-17T11:25:51 | INFO     | dapt.pipeline | Tokenizing and chunking training documents...
2026-06-17T11:25:51 | INFO     | dapt.pipeline | Created 1 training blocks of size 512.
2026-06-17T11:25:51 | INFO     | dapt.pipeline | Starting pretraining loop...
2026-06-17T11:25:51 | INFO     | dapt.pipeline | 
############################################################
  Corpus pass 1/1
############################################################
2026-06-17T11:25:51 | INFO     | dapt.pipeline | Completed corpus pass 1. Total tokens: 0.00B
2026-06-17T11:25:51 | WARNING  | dapt.pipeline | Training loop exhausted without a convergence decision. Running final gate check.
2026-06-17T11:25:51 | WARNING  | dapt.checkpoint | Failed to save torch checkpoint (this is expected if using mocks in unit tests): Can't pickle <class 'unittest.mock.MagicMock'>: it's not the same object as unittest.mock.MagicMock
2026-06-17T11:25:51 | INFO     | dapt.eval_runner | 
==============================================================
  Starting Eval #1 | Tokens: 0.00B | Pass: 0.000x
==============================================================
2026-06-17T11:25:51 | INFO     | dapt.eval_runner |   Running Probe B: Perplexity...
2026-06-17T11:25:51 | INFO     | dapt.probe.perplexity | Loading PPL corpus from: evals\dapt\ppl_held_out.txt (max 10.0M tokens)
2026-06-17T11:25:51 | INFO     | dapt.probe.perplexity | PPL corpus ready: 0.00M tokens, 0 sequences
2026-06-17T11:25:51 | INFO     | dapt.probe.perplexity | Probe B — Perplexity: inf  (NLL: inf nats, tokens: 0)
2026-06-17T11:25:51 | INFO     | dapt.eval_runner |   Running Probe A: QA Accuracy...
2026-06-17T11:25:51 | INFO     | dapt.probe.qa | Probe A — QA Accuracy: 1.0000 (1/1)
2026-06-17T11:25:51 | INFO     | dapt.eval_runner |   Running Probe C: Terminology Coverage...
2026-06-17T11:25:51 | INFO     | dapt.probe.terminology | Probe C — Terminology Coverage: 0.0000 (0/51)
  Per-category: {'anatomy': 0.0, 'cognitive_psychology': 0.0}
  Sample missed terms: ['hippocampus', 'hippocampus', 'hippocampus', 'amygdala', 'amygdala', 'amygdala', 'striatum', 'striatum', 'striatum', 'prefrontal']
2026-06-17T11:25:51 | INFO     | dapt.eval_runner |   Running Probe D: Retrieval Precision (BERTScore)...
2026-06-17T11:25:51 | INFO     | dapt.probe.retrieval | Generating 5 anatomical responses (greedy)...
2026-06-17T11:25:51 | INFO     | dapt.probe.retrieval | Computing BERTScore with model: allenai/scibert_scivocab_uncased
2026-06-17T11:25:53 | INFO     | dapt.probe.retrieval | Probe D — Retrieval Precision: 1.0000 (min=1.000, max=1.000, n=5, low-scoring=0)
2026-06-17T11:25:53 | INFO     | dapt.eval_runner | 
  Eval #1 summary:
    PPL=inf  QA=1.000  Term=0.000  Ret=1.000  (elapsed: 1s)

2026-06-17T11:25:53 | WARNING  | dapt.gates | 
!!!!!!!!!!!!!!!!!!!!!!!!!!!!!!!!!!!!!!!!!!!!!!!!!!!!!!!!!!!!
  HARD CAP reached — gates NOT fully met
  Failed gates: ['PPL plateau not reached (insufficient eval history)']
  Recommended action (Priority 3): PROCEED_WITH_RISK_FLAG
  Rationale: QA accuracy is near threshold but perplexity plateau or secondary gates may not be fully cleared. Downstream phases may compensate. Action: proceed but document all metric gaps in the risk report and monitor Phase 1+ validation metrics closely.
  Risk report: logs\dapt_hard_cap_risk_report.json
!!!!!!!!!!!!!!!!!!!!!!!!!!!!!!!!!!!!!!!!!!!!!!!!!!!!!!!!!!!!

2026-06-17T11:25:53 | WARNING  | dapt.pipeline | DAPT completed without convergence. Non-convergence risk report generated.
2026-06-17T11:56:21 | INFO     | dapt.pipeline | 
============================================================
  DAPT Step 0.3 Configuration
============================================================
  Model           : dummy-model
  Corpus tokens   : 30.0B
  Max passes      : 1
  Hard stop       : 30.0B tokens
  Eval interval   : 500M tokens
  QA gate         : >= 55%
  PPL gate        : < 2.0% for 2 consecutive evals
  Term cov gate   : >= 80%
  Ret prec gate   : >= 60%
  Checkpoint dir  : C:\Users\rajav\AppData\Local\Temp\tmpd7vi4xr1\out_model
  Log dir         : logs
============================================================

2026-06-17T11:56:21 | INFO     | dapt.pipeline | Using device: cpu
2026-06-17T11:56:21 | INFO     | dapt.pipeline | Loading pretraining corpus from C:\Users\rajav\AppData\Local\Temp\tmpd7vi4xr1\corpus.jsonl
2026-06-17T11:56:21 | INFO     | dapt.pipeline | Corpus split: 1 training docs, 2 validation docs.
2026-06-17T11:56:21 | INFO     | dapt.pipeline | Written validation split text to evals\dapt\ppl_held_out.txt for perplexity probe.
2026-06-17T11:56:21 | INFO     | dapt.pipeline | Tokenizing and chunking training documents...
2026-06-17T11:56:21 | INFO     | dapt.pipeline | Created 1 training blocks of size 512.
2026-06-17T11:56:21 | INFO     | dapt.pipeline | Starting pretraining loop...
2026-06-17T11:56:21 | INFO     | dapt.pipeline | 
############################################################
  Corpus pass 1/1
############################################################
2026-06-17T11:56:21 | INFO     | dapt.pipeline | Completed corpus pass 1. Total tokens: 0.00B
2026-06-17T11:56:21 | WARNING  | dapt.pipeline | Training loop exhausted without a convergence decision. Running final gate check.
2026-06-17T11:56:21 | WARNING  | dapt.checkpoint | Failed to save torch checkpoint (this is expected if using mocks in unit tests): Can't pickle <class 'unittest.mock.MagicMock'>: it's not the same object as unittest.mock.MagicMock
2026-06-17T11:56:21 | INFO     | dapt.eval_runner | 
==============================================================
  Starting Eval #1 | Tokens: 0.00B | Pass: 0.000x
==============================================================
2026-06-17T11:56:21 | INFO     | dapt.eval_runner |   Running Probe B: Perplexity...
2026-06-17T11:56:21 | INFO     | dapt.probe.perplexity | Loading PPL corpus from: evals\dapt\ppl_held_out.txt (max 10.0M tokens)
2026-06-17T11:56:21 | INFO     | dapt.probe.perplexity | PPL corpus ready: 0.00M tokens, 0 sequences
2026-06-17T11:56:21 | INFO     | dapt.probe.perplexity | Probe B — Perplexity: inf  (NLL: inf nats, tokens: 0)
2026-06-17T11:56:21 | INFO     | dapt.eval_runner |   Running Probe A: QA Accuracy...
2026-06-17T11:56:21 | INFO     | dapt.probe.qa | Probe A — QA Accuracy: 1.0000 (1/1)
2026-06-17T11:56:21 | INFO     | dapt.eval_runner |   Running Probe C: Terminology Coverage...
2026-06-17T11:56:21 | INFO     | dapt.probe.terminology | Probe C — Terminology Coverage: 0.0000 (0/51)
  Per-category: {'anatomy': 0.0, 'cognitive_psychology': 0.0}
  Sample missed terms: ['hippocampus', 'hippocampus', 'hippocampus', 'amygdala', 'amygdala', 'amygdala', 'striatum', 'striatum', 'striatum', 'prefrontal']
2026-06-17T11:56:21 | INFO     | dapt.eval_runner |   Running Probe D: Retrieval Precision (BERTScore)...
2026-06-17T11:56:21 | INFO     | dapt.probe.retrieval | Generating 5 anatomical responses (greedy)...
2026-06-17T11:56:21 | INFO     | dapt.probe.retrieval | Computing BERTScore with model: allenai/scibert_scivocab_uncased
2026-06-17T11:56:23 | INFO     | dapt.probe.retrieval | Probe D — Retrieval Precision: 1.0000 (min=1.000, max=1.000, n=5, low-scoring=0)
2026-06-17T11:56:23 | INFO     | dapt.eval_runner | 
  Eval #1 summary:
    PPL=inf  QA=1.000  Term=0.000  Ret=1.000  (elapsed: 2s)

2026-06-17T11:56:23 | WARNING  | dapt.gates | 
!!!!!!!!!!!!!!!!!!!!!!!!!!!!!!!!!!!!!!!!!!!!!!!!!!!!!!!!!!!!
  HARD CAP reached — gates NOT fully met
  Failed gates: ['PPL plateau not reached (insufficient eval history)']
  Recommended action (Priority 3): PROCEED_WITH_RISK_FLAG
  Rationale: QA accuracy is near threshold but perplexity plateau or secondary gates may not be fully cleared. Downstream phases may compensate. Action: proceed but document all metric gaps in the risk report and monitor Phase 1+ validation metrics closely.
  Risk report: logs\dapt_hard_cap_risk_report.json
!!!!!!!!!!!!!!!!!!!!!!!!!!!!!!!!!!!!!!!!!!!!!!!!!!!!!!!!!!!!

2026-06-17T11:56:23 | WARNING  | dapt.pipeline | DAPT completed without convergence. Non-convergence risk report generated.
2026-06-17T12:27:30 | INFO     | dapt.pipeline | 
============================================================
  DAPT Step 0.3 Configuration
============================================================
  Model           : dummy-model
  Corpus tokens   : 30.0B
  Max passes      : 1
  Hard stop       : 30.0B tokens
  Eval interval   : 500M tokens
  QA gate         : >= 55%
  PPL gate        : < 2.0% for 2 consecutive evals
  Term cov gate   : >= 80%
  Ret prec gate   : >= 60%
  Checkpoint dir  : C:\Users\rajav\AppData\Local\Temp\tmpe567uh1b\out_model
  Log dir         : logs
============================================================

2026-06-17T12:27:30 | INFO     | dapt.pipeline | Using device: cpu
2026-06-17T12:27:30 | INFO     | dapt.pipeline | Loading pretraining corpus from C:\Users\rajav\AppData\Local\Temp\tmpe567uh1b\corpus.jsonl
2026-06-17T12:27:30 | INFO     | dapt.pipeline | Corpus split: 1 training docs, 2 validation docs.
2026-06-17T12:27:30 | INFO     | dapt.pipeline | Written validation split text to evals\dapt\ppl_held_out.txt for perplexity probe.
2026-06-17T12:27:30 | INFO     | dapt.pipeline | Tokenizing and chunking training documents...
2026-06-17T12:27:30 | INFO     | dapt.pipeline | Created 1 training blocks of size 512.
2026-06-17T12:27:30 | INFO     | dapt.pipeline | Starting pretraining loop...
2026-06-17T12:27:30 | INFO     | dapt.pipeline | 
############################################################
  Corpus pass 1/1
############################################################
2026-06-17T12:27:30 | INFO     | dapt.pipeline | Completed corpus pass 1. Total tokens: 0.00B
2026-06-17T12:27:30 | WARNING  | dapt.pipeline | Training loop exhausted without a convergence decision. Running final gate check.
2026-06-17T12:27:30 | WARNING  | dapt.checkpoint | Failed to save torch checkpoint (this is expected if using mocks in unit tests): Can't pickle <class 'unittest.mock.MagicMock'>: it's not the same object as unittest.mock.MagicMock
2026-06-17T12:27:30 | INFO     | dapt.eval_runner | 
==============================================================
  Starting Eval #1 | Tokens: 0.00B | Pass: 0.000x
==============================================================
2026-06-17T12:27:30 | INFO     | dapt.eval_runner |   Running Probe B: Perplexity...
2026-06-17T12:27:30 | INFO     | dapt.probe.perplexity | Loading PPL corpus from: evals\dapt\ppl_held_out.txt (max 10.0M tokens)
2026-06-17T12:27:30 | INFO     | dapt.probe.perplexity | PPL corpus ready: 0.00M tokens, 0 sequences
2026-06-17T12:27:30 | INFO     | dapt.probe.perplexity | Probe B — Perplexity: inf  (NLL: inf nats, tokens: 0)
2026-06-17T12:27:30 | INFO     | dapt.eval_runner |   Running Probe A: QA Accuracy...
2026-06-17T12:27:30 | INFO     | dapt.probe.qa | Probe A — QA Accuracy: 1.0000 (1/1)
2026-06-17T12:27:30 | INFO     | dapt.eval_runner |   Running Probe C: Terminology Coverage...
2026-06-17T12:27:30 | INFO     | dapt.probe.terminology | Probe C — Terminology Coverage: 0.0000 (0/51)
  Per-category: {'anatomy': 0.0, 'cognitive_psychology': 0.0}
  Sample missed terms: ['hippocampus', 'hippocampus', 'hippocampus', 'amygdala', 'amygdala', 'amygdala', 'striatum', 'striatum', 'striatum', 'prefrontal']
2026-06-17T12:27:30 | INFO     | dapt.eval_runner |   Running Probe D: Retrieval Precision (BERTScore)...
2026-06-17T12:27:30 | INFO     | dapt.probe.retrieval | Generating 5 anatomical responses (greedy)...
2026-06-17T12:27:30 | INFO     | dapt.probe.retrieval | Computing BERTScore with model: allenai/scibert_scivocab_uncased
2026-06-17T12:27:31 | INFO     | dapt.probe.retrieval | Probe D — Retrieval Precision: 1.0000 (min=1.000, max=1.000, n=5, low-scoring=0)
2026-06-17T12:27:31 | INFO     | dapt.eval_runner | 
  Eval #1 summary:
    PPL=inf  QA=1.000  Term=0.000  Ret=1.000  (elapsed: 2s)

2026-06-17T12:27:31 | WARNING  | dapt.gates | 
!!!!!!!!!!!!!!!!!!!!!!!!!!!!!!!!!!!!!!!!!!!!!!!!!!!!!!!!!!!!
  HARD CAP reached — gates NOT fully met
  Failed gates: ['PPL plateau not reached (insufficient eval history)']
  Recommended action (Priority 3): PROCEED_WITH_RISK_FLAG
  Rationale: QA accuracy is near threshold but perplexity plateau or secondary gates may not be fully cleared. Downstream phases may compensate. Action: proceed but document all metric gaps in the risk report and monitor Phase 1+ validation metrics closely.
  Risk report: logs\dapt_hard_cap_risk_report.json
!!!!!!!!!!!!!!!!!!!!!!!!!!!!!!!!!!!!!!!!!!!!!!!!!!!!!!!!!!!!

2026-06-17T12:27:31 | WARNING  | dapt.pipeline | DAPT completed without convergence. Non-convergence risk report generated.
2026-06-17T12:55:24 | INFO     | dapt.pipeline | 
============================================================
  DAPT Step 0.3 Configuration
============================================================
  Model           : dummy-model
  Corpus tokens   : 30.0B
  Max passes      : 1
  Hard stop       : 30.0B tokens
  Eval interval   : 500M tokens
  QA gate         : >= 55%
  PPL gate        : < 2.0% for 2 consecutive evals
  Term cov gate   : >= 80%
  Ret prec gate   : >= 60%
  Checkpoint dir  : C:\Users\rajav\AppData\Local\Temp\tmps972zg8k\out_model
  Log dir         : logs
============================================================

2026-06-17T12:55:24 | INFO     | dapt.pipeline | Using device: cpu
2026-06-17T12:55:24 | INFO     | dapt.pipeline | Loading pretraining corpus from C:\Users\rajav\AppData\Local\Temp\tmps972zg8k\corpus.jsonl
2026-06-17T12:55:24 | INFO     | dapt.pipeline | Corpus split: 1 training docs, 2 validation docs.
2026-06-17T12:55:24 | INFO     | dapt.pipeline | Written validation split text to evals\dapt\ppl_held_out.txt for perplexity probe.
2026-06-17T12:55:24 | INFO     | dapt.pipeline | Tokenizing and chunking training documents...
2026-06-17T12:55:24 | INFO     | dapt.pipeline | Created 1 training blocks of size 512.
2026-06-17T12:55:24 | INFO     | dapt.pipeline | Starting pretraining loop...
2026-06-17T12:55:24 | INFO     | dapt.pipeline | 
############################################################
  Corpus pass 1/1
############################################################
2026-06-17T12:55:24 | INFO     | dapt.pipeline | Completed corpus pass 1. Total tokens: 0.00B
2026-06-17T12:55:24 | WARNING  | dapt.pipeline | Training loop exhausted without a convergence decision. Running final gate check.
2026-06-17T12:55:24 | WARNING  | dapt.checkpoint | Failed to save torch checkpoint (this is expected if using mocks in unit tests): Can't pickle <class 'unittest.mock.MagicMock'>: it's not the same object as unittest.mock.MagicMock
2026-06-17T12:55:24 | INFO     | dapt.eval_runner | 
==============================================================
  Starting Eval #1 | Tokens: 0.00B | Pass: 0.000x
==============================================================
2026-06-17T12:55:24 | INFO     | dapt.eval_runner |   Running Probe B: Perplexity...
2026-06-17T12:55:24 | INFO     | dapt.probe.perplexity | Loading PPL corpus from: evals\dapt\ppl_held_out.txt (max 10.0M tokens)
2026-06-17T12:55:24 | INFO     | dapt.probe.perplexity | PPL corpus ready: 0.00M tokens, 0 sequences
2026-06-17T12:55:24 | INFO     | dapt.probe.perplexity | Probe B — Perplexity: inf  (NLL: inf nats, tokens: 0)
2026-06-17T12:55:24 | INFO     | dapt.eval_runner |   Running Probe A: QA Accuracy...
2026-06-17T12:55:24 | INFO     | dapt.probe.qa | Probe A — QA Accuracy: 1.0000 (1/1)
2026-06-17T12:55:24 | INFO     | dapt.eval_runner |   Running Probe C: Terminology Coverage...
2026-06-17T12:55:24 | INFO     | dapt.probe.terminology | Probe C — Terminology Coverage: 0.0000 (0/51)
  Per-category: {'anatomy': 0.0, 'cognitive_psychology': 0.0}
  Sample missed terms: ['hippocampus', 'hippocampus', 'hippocampus', 'amygdala', 'amygdala', 'amygdala', 'striatum', 'striatum', 'striatum', 'prefrontal']
2026-06-17T12:55:24 | INFO     | dapt.eval_runner |   Running Probe D: Retrieval Precision (BERTScore)...
2026-06-17T12:55:24 | INFO     | dapt.probe.retrieval | Generating 5 anatomical responses (greedy)...
2026-06-17T12:55:24 | INFO     | dapt.probe.retrieval | Computing BERTScore with model: allenai/scibert_scivocab_uncased
2026-06-17T12:55:26 | INFO     | dapt.probe.retrieval | Probe D — Retrieval Precision: 1.0000 (min=1.000, max=1.000, n=5, low-scoring=0)
2026-06-17T12:55:26 | INFO     | dapt.eval_runner | 
  Eval #1 summary:
    PPL=inf  QA=1.000  Term=0.000  Ret=1.000  (elapsed: 2s)

2026-06-17T12:55:26 | WARNING  | dapt.gates | 
!!!!!!!!!!!!!!!!!!!!!!!!!!!!!!!!!!!!!!!!!!!!!!!!!!!!!!!!!!!!
  HARD CAP reached — gates NOT fully met
  Failed gates: ['PPL plateau not reached (insufficient eval history)']
  Recommended action (Priority 3): PROCEED_WITH_RISK_FLAG
  Rationale: QA accuracy is near threshold but perplexity plateau or secondary gates may not be fully cleared. Downstream phases may compensate. Action: proceed but document all metric gaps in the risk report and monitor Phase 1+ validation metrics closely.
  Risk report: logs\dapt_hard_cap_risk_report.json
!!!!!!!!!!!!!!!!!!!!!!!!!!!!!!!!!!!!!!!!!!!!!!!!!!!!!!!!!!!!

2026-06-17T12:55:26 | WARNING  | dapt.pipeline | DAPT completed without convergence. Non-convergence risk report generated.
2026-06-17T12:55:27 | INFO     | dapt.pipeline | 
============================================================
  DAPT Step 0.3 Configuration
============================================================
  Model           : dummy-model
  Corpus tokens   : 30.0B
  Max passes      : 1
  Hard stop       : 30.0B tokens
  Eval interval   : 500M tokens
  QA gate         : >= 55%
  PPL gate        : < 2.0% for 2 consecutive evals
  Term cov gate   : >= 80%
  Ret prec gate   : >= 60%
  Checkpoint dir  : C:\Users\rajav\AppData\Local\Temp\tmpmzjpcmul\out_model
  Log dir         : logs
============================================================

2026-06-17T12:55:27 | INFO     | dapt.pipeline | Initialized Weights & Biases run: 
2026-06-17T12:55:27 | INFO     | dapt.pipeline | Using device: cpu
2026-06-17T12:55:27 | INFO     | dapt.pipeline | Loading pretraining corpus from C:\Users\rajav\AppData\Local\Temp\tmpmzjpcmul\corpus.jsonl
2026-06-17T12:55:27 | INFO     | dapt.pipeline | Corpus split: 1 training docs, 2 validation docs.
2026-06-17T12:55:27 | INFO     | dapt.pipeline | Written validation split text to evals\dapt\ppl_held_out.txt for perplexity probe.
2026-06-17T12:55:27 | INFO     | dapt.pipeline | Tokenizing and chunking training documents...
2026-06-17T12:55:27 | INFO     | dapt.pipeline | Created 1 training blocks of size 512.
2026-06-17T12:55:27 | INFO     | dapt.pipeline | Starting pretraining loop...
2026-06-17T12:55:27 | INFO     | dapt.pipeline | 
############################################################
  Corpus pass 1/1
############################################################
2026-06-17T12:55:27 | INFO     | dapt.pipeline | Completed corpus pass 1. Total tokens: 0.00B
2026-06-17T12:55:27 | WARNING  | dapt.pipeline | Training loop exhausted without a convergence decision. Running final gate check.
2026-06-17T12:55:27 | WARNING  | dapt.checkpoint | Failed to save torch checkpoint (this is expected if using mocks in unit tests): Can't pickle <class 'unittest.mock.MagicMock'>: it's not the same object as unittest.mock.MagicMock
2026-06-17T12:55:27 | INFO     | dapt.eval_runner | 
==============================================================
  Starting Eval #1 | Tokens: 0.00B | Pass: 0.000x
==============================================================
2026-06-17T12:55:27 | INFO     | dapt.eval_runner |   Running Probe B: Perplexity...
2026-06-17T12:55:27 | INFO     | dapt.probe.perplexity | Probe B — Perplexity: inf  (NLL: inf nats, tokens: 0)
2026-06-17T12:55:27 | INFO     | dapt.eval_runner |   Running Probe A: QA Accuracy...
2026-06-17T12:55:27 | INFO     | dapt.probe.qa | Probe A — QA Accuracy: 1.0000 (1/1)
2026-06-17T12:55:27 | INFO     | dapt.eval_runner |   Running Probe C: Terminology Coverage...
2026-06-17T12:55:27 | INFO     | dapt.probe.terminology | Probe C — Terminology Coverage: 0.0000 (0/51)
  Per-category: {'anatomy': 0.0, 'cognitive_psychology': 0.0}
  Sample missed terms: ['hippocampus', 'hippocampus', 'hippocampus', 'amygdala', 'amygdala', 'amygdala', 'striatum', 'striatum', 'striatum', 'prefrontal']
2026-06-17T12:55:27 | INFO     | dapt.eval_runner |   Running Probe D: Retrieval Precision (BERTScore)...
2026-06-17T12:55:27 | INFO     | dapt.probe.retrieval | Generating 5 anatomical responses (greedy)...
2026-06-17T12:55:27 | INFO     | dapt.probe.retrieval | Computing BERTScore with model: allenai/scibert_scivocab_uncased
2026-06-17T12:55:28 | INFO     | dapt.probe.retrieval | Probe D — Retrieval Precision: 1.0000 (min=1.000, max=1.000, n=5, low-scoring=0)
2026-06-17T12:55:28 | INFO     | dapt.eval_runner | 
  Eval #1 summary:
    PPL=inf  QA=1.000  Term=0.000  Ret=1.000  (elapsed: 1s)

2026-06-17T12:55:28 | WARNING  | dapt.gates | 
!!!!!!!!!!!!!!!!!!!!!!!!!!!!!!!!!!!!!!!!!!!!!!!!!!!!!!!!!!!!
  HARD CAP reached — gates NOT fully met
  Failed gates: ['PPL plateau not reached (insufficient eval history)']
  Recommended action (Priority 3): PROCEED_WITH_RISK_FLAG
  Rationale: QA accuracy is near threshold but perplexity plateau or secondary gates may not be fully cleared. Downstream phases may compensate. Action: proceed but document all metric gaps in the risk report and monitor Phase 1+ validation metrics closely.
  Risk report: logs\dapt_hard_cap_risk_report.json
!!!!!!!!!!!!!!!!!!!!!!!!!!!!!!!!!!!!!!!!!!!!!!!!!!!!!!!!!!!!

2026-06-17T12:55:28 | WARNING  | dapt.pipeline | DAPT completed without convergence. Non-convergence risk report generated.
2026-06-17T12:55:57 | INFO     | dapt.pipeline | 
============================================================
  DAPT Step 0.3 Configuration
============================================================
  Model           : dummy-model
  Corpus tokens   : 30.0B
  Max passes      : 1
  Hard stop       : 30.0B tokens
  Eval interval   : 500M tokens
  QA gate         : >= 55%
  PPL gate        : < 2.0% for 2 consecutive evals
  Term cov gate   : >= 80%
  Ret prec gate   : >= 60%
  Checkpoint dir  : C:\Users\rajav\AppData\Local\Temp\tmpmqzfbjou\out_model
  Log dir         : logs
============================================================

2026-06-17T12:55:57 | INFO     | dapt.pipeline | Using device: cpu
2026-06-17T12:55:57 | INFO     | dapt.pipeline | Loading pretraining corpus from C:\Users\rajav\AppData\Local\Temp\tmpmqzfbjou\corpus.jsonl
2026-06-17T12:55:57 | INFO     | dapt.pipeline | Corpus split: 1 training docs, 2 validation docs.
2026-06-17T12:55:57 | INFO     | dapt.pipeline | Written validation split text to evals\dapt\ppl_held_out.txt for perplexity probe.
2026-06-17T12:55:57 | INFO     | dapt.pipeline | Tokenizing and chunking training documents...
2026-06-17T12:55:57 | INFO     | dapt.pipeline | Created 1 training blocks of size 512.
2026-06-17T12:55:57 | INFO     | dapt.pipeline | Starting pretraining loop...
2026-06-17T12:55:57 | INFO     | dapt.pipeline | 
############################################################
  Corpus pass 1/1
############################################################
2026-06-17T12:55:57 | INFO     | dapt.pipeline | Completed corpus pass 1. Total tokens: 0.00B
2026-06-17T12:55:57 | WARNING  | dapt.pipeline | Training loop exhausted without a convergence decision. Running final gate check.
2026-06-17T12:55:57 | WARNING  | dapt.checkpoint | Failed to save torch checkpoint (this is expected if using mocks in unit tests): Can't pickle <class 'unittest.mock.MagicMock'>: it's not the same object as unittest.mock.MagicMock
2026-06-17T12:55:57 | INFO     | dapt.eval_runner | 
==============================================================
  Starting Eval #1 | Tokens: 0.00B | Pass: 0.000x
==============================================================
2026-06-17T12:55:57 | INFO     | dapt.eval_runner |   Running Probe B: Perplexity...
2026-06-17T12:55:57 | INFO     | dapt.probe.perplexity | Loading PPL corpus from: evals\dapt\ppl_held_out.txt (max 10.0M tokens)
2026-06-17T12:55:57 | INFO     | dapt.probe.perplexity | PPL corpus ready: 0.00M tokens, 0 sequences
2026-06-17T12:55:57 | INFO     | dapt.probe.perplexity | Probe B — Perplexity: inf  (NLL: inf nats, tokens: 0)
2026-06-17T12:55:57 | INFO     | dapt.eval_runner |   Running Probe A: QA Accuracy...
2026-06-17T12:55:57 | INFO     | dapt.probe.qa | Probe A — QA Accuracy: 1.0000 (1/1)
2026-06-17T12:55:57 | INFO     | dapt.eval_runner |   Running Probe C: Terminology Coverage...
2026-06-17T12:55:57 | INFO     | dapt.probe.terminology | Probe C — Terminology Coverage: 0.0000 (0/51)
  Per-category: {'anatomy': 0.0, 'cognitive_psychology': 0.0}
  Sample missed terms: ['hippocampus', 'hippocampus', 'hippocampus', 'amygdala', 'amygdala', 'amygdala', 'striatum', 'striatum', 'striatum', 'prefrontal']
2026-06-17T12:55:57 | INFO     | dapt.eval_runner |   Running Probe D: Retrieval Precision (BERTScore)...
2026-06-17T12:55:57 | INFO     | dapt.probe.retrieval | Generating 5 anatomical responses (greedy)...
2026-06-17T12:55:57 | INFO     | dapt.probe.retrieval | Computing BERTScore with model: allenai/scibert_scivocab_uncased
2026-06-17T12:55:58 | INFO     | dapt.probe.retrieval | Probe D — Retrieval Precision: 1.0000 (min=1.000, max=1.000, n=5, low-scoring=0)
2026-06-17T12:55:58 | INFO     | dapt.eval_runner | 
  Eval #1 summary:
    PPL=inf  QA=1.000  Term=0.000  Ret=1.000  (elapsed: 1s)

2026-06-17T12:55:58 | WARNING  | dapt.gates | 
!!!!!!!!!!!!!!!!!!!!!!!!!!!!!!!!!!!!!!!!!!!!!!!!!!!!!!!!!!!!
  HARD CAP reached — gates NOT fully met
  Failed gates: ['PPL plateau not reached (insufficient eval history)']
  Recommended action (Priority 3): PROCEED_WITH_RISK_FLAG
  Rationale: QA accuracy is near threshold but perplexity plateau or secondary gates may not be fully cleared. Downstream phases may compensate. Action: proceed but document all metric gaps in the risk report and monitor Phase 1+ validation metrics closely.
  Risk report: logs\dapt_hard_cap_risk_report.json
!!!!!!!!!!!!!!!!!!!!!!!!!!!!!!!!!!!!!!!!!!!!!!!!!!!!!!!!!!!!

2026-06-17T12:55:58 | WARNING  | dapt.pipeline | DAPT completed without convergence. Non-convergence risk report generated.
2026-06-17T12:55:59 | INFO     | dapt.pipeline | 
============================================================
  DAPT Step 0.3 Configuration
============================================================
  Model           : dummy-model
  Corpus tokens   : 30.0B
  Max passes      : 1
  Hard stop       : 30.0B tokens
  Eval interval   : 500M tokens
  QA gate         : >= 55%
  PPL gate        : < 2.0% for 2 consecutive evals
  Term cov gate   : >= 80%
  Ret prec gate   : >= 60%
  Checkpoint dir  : C:\Users\rajav\AppData\Local\Temp\tmptwlvm7ib\out_model
  Log dir         : logs
============================================================

2026-06-17T12:55:59 | INFO     | dapt.pipeline | Initialized Weights & Biases run: 
2026-06-17T12:55:59 | INFO     | dapt.pipeline | Using device: cpu
2026-06-17T12:55:59 | INFO     | dapt.pipeline | Loading pretraining corpus from C:\Users\rajav\AppData\Local\Temp\tmptwlvm7ib\corpus.jsonl
2026-06-17T12:55:59 | INFO     | dapt.pipeline | Corpus split: 1 training docs, 2 validation docs.
2026-06-17T12:55:59 | INFO     | dapt.pipeline | Written validation split text to evals\dapt\ppl_held_out.txt for perplexity probe.
2026-06-17T12:55:59 | INFO     | dapt.pipeline | Tokenizing and chunking training documents...
2026-06-17T12:55:59 | INFO     | dapt.pipeline | Created 1 training blocks of size 512.
2026-06-17T12:55:59 | INFO     | dapt.pipeline | Starting pretraining loop...
2026-06-17T12:55:59 | INFO     | dapt.pipeline | 
############################################################
  Corpus pass 1/1
############################################################
2026-06-17T12:55:59 | INFO     | dapt.pipeline | Completed corpus pass 1. Total tokens: 0.00B
2026-06-17T12:55:59 | WARNING  | dapt.pipeline | Training loop exhausted without a convergence decision. Running final gate check.
2026-06-17T12:55:59 | WARNING  | dapt.checkpoint | Failed to save torch checkpoint (this is expected if using mocks in unit tests): Can't pickle <class 'unittest.mock.MagicMock'>: it's not the same object as unittest.mock.MagicMock
2026-06-17T12:55:59 | INFO     | dapt.eval_runner | 
==============================================================
  Starting Eval #1 | Tokens: 0.00B | Pass: 0.000x
==============================================================
2026-06-17T12:55:59 | INFO     | dapt.eval_runner |   Running Probe B: Perplexity...
2026-06-17T12:55:59 | INFO     | dapt.probe.perplexity | Probe B — Perplexity: inf  (NLL: inf nats, tokens: 0)
2026-06-17T12:55:59 | INFO     | dapt.eval_runner |   Running Probe A: QA Accuracy...
2026-06-17T12:55:59 | INFO     | dapt.probe.qa | Probe A — QA Accuracy: 1.0000 (1/1)
2026-06-17T12:55:59 | INFO     | dapt.eval_runner |   Running Probe C: Terminology Coverage...
2026-06-17T12:55:59 | INFO     | dapt.probe.terminology | Probe C — Terminology Coverage: 0.0000 (0/51)
  Per-category: {'anatomy': 0.0, 'cognitive_psychology': 0.0}
  Sample missed terms: ['hippocampus', 'hippocampus', 'hippocampus', 'amygdala', 'amygdala', 'amygdala', 'striatum', 'striatum', 'striatum', 'prefrontal']
2026-06-17T12:55:59 | INFO     | dapt.eval_runner |   Running Probe D: Retrieval Precision (BERTScore)...
2026-06-17T12:55:59 | INFO     | dapt.probe.retrieval | Generating 5 anatomical responses (greedy)...
2026-06-17T12:55:59 | INFO     | dapt.probe.retrieval | Computing BERTScore with model: allenai/scibert_scivocab_uncased
2026-06-17T12:56:00 | INFO     | dapt.probe.retrieval | Probe D — Retrieval Precision: 1.0000 (min=1.000, max=1.000, n=5, low-scoring=0)
2026-06-17T12:56:00 | INFO     | dapt.eval_runner | 
  Eval #1 summary:
    PPL=inf  QA=1.000  Term=0.000  Ret=1.000  (elapsed: 1s)

2026-06-17T12:56:00 | WARNING  | dapt.gates | 
!!!!!!!!!!!!!!!!!!!!!!!!!!!!!!!!!!!!!!!!!!!!!!!!!!!!!!!!!!!!
  HARD CAP reached — gates NOT fully met
  Failed gates: ['PPL plateau not reached (insufficient eval history)']
  Recommended action (Priority 3): PROCEED_WITH_RISK_FLAG
  Rationale: QA accuracy is near threshold but perplexity plateau or secondary gates may not be fully cleared. Downstream phases may compensate. Action: proceed but document all metric gaps in the risk report and monitor Phase 1+ validation metrics closely.
  Risk report: logs\dapt_hard_cap_risk_report.json
!!!!!!!!!!!!!!!!!!!!!!!!!!!!!!!!!!!!!!!!!!!!!!!!!!!!!!!!!!!!

2026-06-17T12:56:00 | WARNING  | dapt.pipeline | DAPT completed without convergence. Non-convergence risk report generated.
2026-06-17T13:12:50 | INFO     | dapt.pipeline | 
============================================================
  DAPT Step 0.3 Configuration
============================================================
  Model           : HuggingFaceTB/SmolLM2-135M
  Corpus tokens   : 30.0B
  Max passes      : 3
  Hard stop       : 90.0B tokens
  Eval interval   : 500M tokens
  QA gate         : >= 55%
  PPL gate        : < 2.0% for 2 consecutive evals
  Term cov gate   : >= 80%
  Ret prec gate   : >= 60%
  Checkpoint dir  : models\checkpoints
  Log dir         : logs
============================================================

2026-06-17T13:12:50 | WARNING  | dapt.pipeline | WANDB_ENABLED is True, but no valid WANDB_API_KEY was found. Setting W&B to offline mode to prevent interactive prompt blocking.
2026-06-17T13:12:56 | INFO     | dapt.pipeline | Initialized Weights & Biases run: None
2026-06-17T13:12:56 | INFO     | dapt.pipeline | Using device: cpu
2026-06-17T13:12:59 | INFO     | dapt.pipeline | Loading pretraining corpus from E:\Projects\CND\Semantics\data\dapt\domain_dapt_corpus.jsonl
2026-06-17T13:12:59 | WARNING  | dapt.pipeline | Pretraining corpus at 'E:\Projects\CND\Semantics\data\dapt\domain_dapt_corpus.jsonl' is empty or not found. Cannot proceed.
2026-06-17T14:00:06 | INFO     | dapt.pipeline | 
============================================================
  DAPT Step 0.3 Configuration
============================================================
  Model           : HuggingFaceTB/SmolLM2-135M
  Corpus tokens   : 30.0B
  Max passes      : 3
  Hard stop       : 90.0B tokens
  Eval interval   : 500M tokens
  QA gate         : >= 55%
  PPL gate        : < 2.0% for 2 consecutive evals
  Term cov gate   : >= 80%
  Ret prec gate   : >= 60%
  Checkpoint dir  : models\checkpoints
  Log dir         : logs
============================================================

2026-06-17T14:00:06 | INFO     | dapt.pipeline | Using device: cpu
2026-06-17T14:00:12 | INFO     | dapt.pipeline | Loading pretraining corpus from E:\Projects\CND\Semantics\data\dapt\domain_dapt_corpus.jsonl
2026-06-17T14:00:12 | WARNING  | dapt.pipeline | Pretraining corpus at 'E:\Projects\CND\Semantics\data\dapt\domain_dapt_corpus.jsonl' is empty or not found. Cannot proceed.
2026-06-17T15:41:05 | INFO     | dapt.pipeline | 
============================================================
  DAPT Step 0.3 Configuration
============================================================
  Model           : HuggingFaceTB/SmolLM2-135M
  Corpus tokens   : 30.0B
  Max passes      : 3
  Hard stop       : 90.0B tokens
  Eval interval   : 500M tokens
  QA gate         : >= 55%
  PPL gate        : < 2.0% for 2 consecutive evals
  Term cov gate   : >= 80%
  Ret prec gate   : >= 60%
  Checkpoint dir  : models\checkpoints
  Log dir         : logs
============================================================

2026-06-17T15:41:05 | INFO     | dapt.pipeline | Using device: cpu
2026-06-17T15:41:08 | INFO     | dapt.pipeline | Loading pretraining corpus from E:\Projects\CND\Semantics\data\dapt\domain_dapt_corpus.jsonl
2026-06-17T15:41:08 | INFO     | dapt.pipeline | Corpus split: 137 training docs, 34 validation docs.
2026-06-17T15:41:08 | INFO     | dapt.pipeline | Written validation split text to evals\dapt\ppl_held_out.txt for perplexity probe.
2026-06-17T15:41:08 | INFO     | dapt.pipeline | Tokenizing and chunking training documents...
2026-06-17T15:41:09 | INFO     | dapt.pipeline | Created 2070 training blocks of size 512.
2026-06-17T15:41:09 | INFO     | dapt.pipeline | Starting pretraining loop...
2026-06-17T15:41:09 | INFO     | dapt.pipeline | 
############################################################
  Corpus pass 1/3
############################################################
2026-06-17T15:53:55 | INFO     | dapt.pipeline | 
============================================================
  DAPT Step 0.3 Configuration
============================================================
  Model           : dummy-model
  Corpus tokens   : 30.0B
  Max passes      : 1
  Hard stop       : 30.0B tokens
  Eval interval   : 500M tokens
  QA gate         : >= 55%
  PPL gate        : < 2.0% for 2 consecutive evals
  Term cov gate   : >= 80%
  Ret prec gate   : >= 60%
  Checkpoint dir  : C:\Users\rajav\AppData\Local\Temp\tmpu0ckao5w\out_model
  Log dir         : logs
============================================================

2026-06-17T15:53:55 | INFO     | dapt.pipeline | Using device: cpu
2026-06-17T15:53:55 | INFO     | dapt.pipeline | Loading pretraining corpus from C:\Users\rajav\AppData\Local\Temp\tmpu0ckao5w\corpus.jsonl
2026-06-17T15:53:55 | INFO     | dapt.pipeline | Corpus split: 1 training docs, 2 validation docs.
2026-06-17T15:53:55 | INFO     | dapt.pipeline | Written validation split text to evals\dapt\ppl_held_out.txt for perplexity probe.
2026-06-17T15:53:55 | INFO     | dapt.pipeline | Tokenizing and chunking training documents...
2026-06-17T15:53:55 | INFO     | dapt.pipeline | Created 1 training blocks of size 512.
2026-06-17T15:53:55 | INFO     | dapt.pipeline | Starting pretraining loop...
2026-06-17T15:53:55 | INFO     | dapt.pipeline | 
############################################################
  Corpus pass 1/1
############################################################
2026-06-17T15:53:55 | INFO     | dapt.pipeline | Completed corpus pass 1. Total tokens: 0.00B
2026-06-17T15:53:55 | WARNING  | dapt.pipeline | Training loop exhausted without a convergence decision. Running final gate check.
2026-06-17T15:53:55 | WARNING  | dapt.checkpoint | Failed to save torch checkpoint (this is expected if using mocks in unit tests): Can't pickle <class 'unittest.mock.MagicMock'>: it's not the same object as unittest.mock.MagicMock
2026-06-17T15:53:55 | INFO     | dapt.eval_runner | 
==============================================================
  Starting Eval #1 | Tokens: 0.00B | Pass: 0.000x
==============================================================
2026-06-17T15:53:55 | INFO     | dapt.eval_runner |   Running Probe B: Perplexity...
2026-06-17T15:53:55 | INFO     | dapt.probe.perplexity | Loading PPL corpus from: evals\dapt\ppl_held_out.txt (max 10.0M tokens)
2026-06-17T15:53:55 | INFO     | dapt.probe.perplexity | PPL corpus ready: 0.00M tokens, 0 sequences
2026-06-17T15:53:55 | INFO     | dapt.probe.perplexity | Probe B — Perplexity: inf  (NLL: inf nats, tokens: 0)
2026-06-17T15:53:55 | INFO     | dapt.eval_runner |   Running Probe A: QA Accuracy...
2026-06-17T15:53:55 | INFO     | dapt.probe.qa | Probe A — QA Accuracy: 1.0000 (1/1)
2026-06-17T15:53:55 | INFO     | dapt.eval_runner |   Running Probe C: Terminology Coverage...
2026-06-17T15:53:55 | INFO     | dapt.probe.terminology | Probe C — Terminology Coverage: 0.0000 (0/51)
  Per-category: {'anatomy': 0.0, 'cognitive_psychology': 0.0}
  Sample missed terms: ['hippocampus', 'hippocampus', 'hippocampus', 'amygdala', 'amygdala', 'amygdala', 'striatum', 'striatum', 'striatum', 'prefrontal']
2026-06-17T15:53:55 | INFO     | dapt.eval_runner |   Running Probe D: Retrieval Precision (BERTScore)...
2026-06-17T15:53:55 | INFO     | dapt.probe.retrieval | Generating 5 anatomical responses (greedy)...
2026-06-17T15:53:55 | INFO     | dapt.probe.retrieval | Computing BERTScore with model: allenai/scibert_scivocab_uncased
2026-06-17T15:53:57 | INFO     | dapt.probe.retrieval | Probe D — Retrieval Precision: 1.0000 (min=1.000, max=1.000, n=5, low-scoring=0)
2026-06-17T15:53:57 | INFO     | dapt.eval_runner | 
  Eval #1 summary:
    PPL=inf  QA=1.000  Term=0.000  Ret=1.000  (elapsed: 1s)

2026-06-17T15:53:57 | WARNING  | dapt.gates | 
!!!!!!!!!!!!!!!!!!!!!!!!!!!!!!!!!!!!!!!!!!!!!!!!!!!!!!!!!!!!
  HARD CAP reached — gates NOT fully met
  Failed gates: ['PPL plateau not reached (insufficient eval history)']
  Recommended action (Priority 3): PROCEED_WITH_RISK_FLAG
  Rationale: QA accuracy is near threshold but perplexity plateau or secondary gates may not be fully cleared. Downstream phases may compensate. Action: proceed but document all metric gaps in the risk report and monitor Phase 1+ validation metrics closely.
  Risk report: logs\dapt_hard_cap_risk_report.json
!!!!!!!!!!!!!!!!!!!!!!!!!!!!!!!!!!!!!!!!!!!!!!!!!!!!!!!!!!!!

2026-06-17T15:53:57 | WARNING  | dapt.pipeline | DAPT completed without convergence. Non-convergence risk report generated.
2026-06-17T15:53:58 | INFO     | dapt.pipeline | 
============================================================
  DAPT Step 0.3 Configuration
============================================================
  Model           : dummy-model
  Corpus tokens   : 30.0B
  Max passes      : 1
  Hard stop       : 30.0B tokens
  Eval interval   : 500M tokens
  QA gate         : >= 55%
  PPL gate        : < 2.0% for 2 consecutive evals
  Term cov gate   : >= 80%
  Ret prec gate   : >= 60%
  Checkpoint dir  : C:\Users\rajav\AppData\Local\Temp\tmptdkf002s\out_model
  Log dir         : logs
============================================================

2026-06-17T15:53:58 | INFO     | dapt.pipeline | Initialized Weights & Biases run: 
2026-06-17T15:53:58 | INFO     | dapt.pipeline | Using device: cpu
2026-06-17T15:53:58 | INFO     | dapt.pipeline | Loading pretraining corpus from C:\Users\rajav\AppData\Local\Temp\tmptdkf002s\corpus.jsonl
2026-06-17T15:53:58 | INFO     | dapt.pipeline | Corpus split: 1 training docs, 2 validation docs.
2026-06-17T15:53:58 | INFO     | dapt.pipeline | Written validation split text to evals\dapt\ppl_held_out.txt for perplexity probe.
2026-06-17T15:53:58 | INFO     | dapt.pipeline | Tokenizing and chunking training documents...
2026-06-17T15:53:58 | INFO     | dapt.pipeline | Created 1 training blocks of size 512.
2026-06-17T15:53:58 | INFO     | dapt.pipeline | Starting pretraining loop...
2026-06-17T15:53:58 | INFO     | dapt.pipeline | 
############################################################
  Corpus pass 1/1
############################################################
2026-06-17T15:53:58 | INFO     | dapt.pipeline | Completed corpus pass 1. Total tokens: 0.00B
2026-06-17T15:53:58 | WARNING  | dapt.pipeline | Training loop exhausted without a convergence decision. Running final gate check.
2026-06-17T15:53:58 | WARNING  | dapt.checkpoint | Failed to save torch checkpoint (this is expected if using mocks in unit tests): Can't pickle <class 'unittest.mock.MagicMock'>: it's not the same object as unittest.mock.MagicMock
2026-06-17T15:53:58 | INFO     | dapt.eval_runner | 
==============================================================
  Starting Eval #1 | Tokens: 0.00B | Pass: 0.000x
==============================================================
2026-06-17T15:53:58 | INFO     | dapt.eval_runner |   Running Probe B: Perplexity...
2026-06-17T15:53:58 | INFO     | dapt.probe.perplexity | Probe B — Perplexity: inf  (NLL: inf nats, tokens: 0)
2026-06-17T15:53:58 | INFO     | dapt.eval_runner |   Running Probe A: QA Accuracy...
2026-06-17T15:53:58 | INFO     | dapt.probe.qa | Probe A — QA Accuracy: 1.0000 (1/1)
2026-06-17T15:53:58 | INFO     | dapt.eval_runner |   Running Probe C: Terminology Coverage...
2026-06-17T15:53:58 | INFO     | dapt.probe.terminology | Probe C — Terminology Coverage: 0.0000 (0/51)
  Per-category: {'anatomy': 0.0, 'cognitive_psychology': 0.0}
  Sample missed terms: ['hippocampus', 'hippocampus', 'hippocampus', 'amygdala', 'amygdala', 'amygdala', 'striatum', 'striatum', 'striatum', 'prefrontal']
2026-06-17T15:53:58 | INFO     | dapt.eval_runner |   Running Probe D: Retrieval Precision (BERTScore)...
2026-06-17T15:53:58 | INFO     | dapt.probe.retrieval | Generating 5 anatomical responses (greedy)...
2026-06-17T15:53:58 | INFO     | dapt.probe.retrieval | Computing BERTScore with model: allenai/scibert_scivocab_uncased
2026-06-17T15:53:59 | INFO     | dapt.probe.retrieval | Probe D — Retrieval Precision: 1.0000 (min=1.000, max=1.000, n=5, low-scoring=0)
2026-06-17T15:53:59 | INFO     | dapt.eval_runner | 
  Eval #1 summary:
    PPL=inf  QA=1.000  Term=0.000  Ret=1.000  (elapsed: 1s)

2026-06-17T15:53:59 | WARNING  | dapt.gates | 
!!!!!!!!!!!!!!!!!!!!!!!!!!!!!!!!!!!!!!!!!!!!!!!!!!!!!!!!!!!!
  HARD CAP reached — gates NOT fully met
  Failed gates: ['PPL plateau not reached (insufficient eval history)']
  Recommended action (Priority 3): PROCEED_WITH_RISK_FLAG
  Rationale: QA accuracy is near threshold but perplexity plateau or secondary gates may not be fully cleared. Downstream phases may compensate. Action: proceed but document all metric gaps in the risk report and monitor Phase 1+ validation metrics closely.
  Risk report: logs\dapt_hard_cap_risk_report.json
!!!!!!!!!!!!!!!!!!!!!!!!!!!!!!!!!!!!!!!!!!!!!!!!!!!!!!!!!!!!

2026-06-17T15:53:59 | WARNING  | dapt.pipeline | DAPT completed without convergence. Non-convergence risk report generated.
2026-06-17T15:54:49 | INFO     | dapt.pipeline | 
============================================================
  DAPT Step 0.3 Configuration
============================================================
  Model           : dummy-model
  Corpus tokens   : 30.0B
  Max passes      : 1
  Hard stop       : 30.0B tokens
  Eval interval   : 500M tokens
  QA gate         : >= 55%
  PPL gate        : < 2.0% for 2 consecutive evals
  Term cov gate   : >= 80%
  Ret prec gate   : >= 60%
  Checkpoint dir  : C:\Users\rajav\AppData\Local\Temp\tmprdz16yxi\out_model
  Log dir         : logs
============================================================

2026-06-17T15:54:49 | INFO     | dapt.pipeline | Using device: cpu
2026-06-17T15:54:49 | INFO     | dapt.pipeline | Loading pretraining corpus from C:\Users\rajav\AppData\Local\Temp\tmprdz16yxi\corpus.jsonl
2026-06-17T15:54:49 | INFO     | dapt.pipeline | Corpus split: 1 training docs, 2 validation docs.
2026-06-17T15:54:49 | INFO     | dapt.pipeline | Written validation split text to evals\dapt\ppl_held_out.txt for perplexity probe.
2026-06-17T15:54:49 | INFO     | dapt.pipeline | Tokenizing and chunking training documents...
2026-06-17T15:54:49 | INFO     | dapt.pipeline | Created 1 training blocks of size 512.
2026-06-17T15:54:49 | INFO     | dapt.pipeline | Starting pretraining loop...
2026-06-17T15:54:49 | INFO     | dapt.pipeline | 
############################################################
  Corpus pass 1/1
############################################################
2026-06-17T15:54:49 | INFO     | dapt.pipeline | Completed corpus pass 1. Total tokens: 0.00B
2026-06-17T15:54:49 | WARNING  | dapt.pipeline | Training loop exhausted without a convergence decision. Running final gate check.
2026-06-17T15:54:49 | WARNING  | dapt.checkpoint | Failed to save torch checkpoint (this is expected if using mocks in unit tests): Can't pickle <class 'unittest.mock.MagicMock'>: it's not the same object as unittest.mock.MagicMock
2026-06-17T15:54:49 | INFO     | dapt.eval_runner | 
==============================================================
  Starting Eval #1 | Tokens: 0.00B | Pass: 0.000x
==============================================================
2026-06-17T15:54:49 | INFO     | dapt.eval_runner |   Running Probe B: Perplexity...
2026-06-17T15:54:49 | INFO     | dapt.probe.perplexity | Loading PPL corpus from: evals\dapt\ppl_held_out.txt (max 10.0M tokens)
2026-06-17T15:54:49 | INFO     | dapt.probe.perplexity | PPL corpus ready: 0.00M tokens, 0 sequences
2026-06-17T15:54:49 | INFO     | dapt.probe.perplexity | Probe B — Perplexity: inf  (NLL: inf nats, tokens: 0)
2026-06-17T15:54:49 | INFO     | dapt.eval_runner |   Running Probe A: QA Accuracy...
2026-06-17T15:54:49 | INFO     | dapt.probe.qa | Probe A — QA Accuracy: 1.0000 (1/1)
2026-06-17T15:54:49 | INFO     | dapt.eval_runner |   Running Probe C: Terminology Coverage...
2026-06-17T15:54:49 | INFO     | dapt.probe.terminology | Probe C — Terminology Coverage: 0.0000 (0/51)
  Per-category: {'anatomy': 0.0, 'cognitive_psychology': 0.0}
  Sample missed terms: ['hippocampus', 'hippocampus', 'hippocampus', 'amygdala', 'amygdala', 'amygdala', 'striatum', 'striatum', 'striatum', 'prefrontal']
2026-06-17T15:54:49 | INFO     | dapt.eval_runner |   Running Probe D: Retrieval Precision (BERTScore)...
2026-06-17T15:54:49 | INFO     | dapt.probe.retrieval | Generating 5 anatomical responses (greedy)...
2026-06-17T15:54:49 | INFO     | dapt.probe.retrieval | Computing BERTScore with model: allenai/scibert_scivocab_uncased
2026-06-17T15:54:50 | INFO     | dapt.probe.retrieval | Probe D — Retrieval Precision: 1.0000 (min=1.000, max=1.000, n=5, low-scoring=0)
2026-06-17T15:54:50 | INFO     | dapt.eval_runner | 
  Eval #1 summary:
    PPL=inf  QA=1.000  Term=0.000  Ret=1.000  (elapsed: 1s)

2026-06-17T15:54:50 | WARNING  | dapt.gates | 
!!!!!!!!!!!!!!!!!!!!!!!!!!!!!!!!!!!!!!!!!!!!!!!!!!!!!!!!!!!!
  HARD CAP reached — gates NOT fully met
  Failed gates: ['PPL plateau not reached (insufficient eval history)']
  Recommended action (Priority 3): PROCEED_WITH_RISK_FLAG
  Rationale: QA accuracy is near threshold but perplexity plateau or secondary gates may not be fully cleared. Downstream phases may compensate. Action: proceed but document all metric gaps in the risk report and monitor Phase 1+ validation metrics closely.
  Risk report: logs\dapt_hard_cap_risk_report.json
!!!!!!!!!!!!!!!!!!!!!!!!!!!!!!!!!!!!!!!!!!!!!!!!!!!!!!!!!!!!

2026-06-17T15:54:50 | WARNING  | dapt.pipeline | DAPT completed without convergence. Non-convergence risk report generated.
2026-06-17T15:54:51 | INFO     | dapt.pipeline | 
============================================================
  DAPT Step 0.3 Configuration
============================================================
  Model           : dummy-model
  Corpus tokens   : 30.0B
  Max passes      : 1
  Hard stop       : 30.0B tokens
  Eval interval   : 500M tokens
  QA gate         : >= 55%
  PPL gate        : < 2.0% for 2 consecutive evals
  Term cov gate   : >= 80%
  Ret prec gate   : >= 60%
  Checkpoint dir  : C:\Users\rajav\AppData\Local\Temp\tmpvzgkit2z\out_model
  Log dir         : logs
============================================================

2026-06-17T15:54:51 | INFO     | dapt.pipeline | Initialized Weights & Biases run: 
2026-06-17T15:54:51 | INFO     | dapt.pipeline | Using device: cpu
2026-06-17T15:54:51 | INFO     | dapt.pipeline | Loading pretraining corpus from C:\Users\rajav\AppData\Local\Temp\tmpvzgkit2z\corpus.jsonl
2026-06-17T15:54:51 | INFO     | dapt.pipeline | Corpus split: 1 training docs, 2 validation docs.
2026-06-17T15:54:51 | INFO     | dapt.pipeline | Written validation split text to evals\dapt\ppl_held_out.txt for perplexity probe.
2026-06-17T15:54:51 | INFO     | dapt.pipeline | Tokenizing and chunking training documents...
2026-06-17T15:54:51 | INFO     | dapt.pipeline | Created 1 training blocks of size 512.
2026-06-17T15:54:51 | INFO     | dapt.pipeline | Starting pretraining loop...
2026-06-17T15:54:51 | INFO     | dapt.pipeline | 
############################################################
  Corpus pass 1/1
############################################################
2026-06-17T15:54:51 | INFO     | dapt.pipeline | Completed corpus pass 1. Total tokens: 0.00B
2026-06-17T15:54:51 | WARNING  | dapt.pipeline | Training loop exhausted without a convergence decision. Running final gate check.
2026-06-17T15:54:51 | WARNING  | dapt.checkpoint | Failed to save torch checkpoint (this is expected if using mocks in unit tests): Can't pickle <class 'unittest.mock.MagicMock'>: it's not the same object as unittest.mock.MagicMock
2026-06-17T15:54:51 | INFO     | dapt.eval_runner | 
==============================================================
  Starting Eval #1 | Tokens: 0.00B | Pass: 0.000x
==============================================================
2026-06-17T15:54:51 | INFO     | dapt.eval_runner |   Running Probe B: Perplexity...
2026-06-17T15:54:51 | INFO     | dapt.probe.perplexity | Probe B — Perplexity: inf  (NLL: inf nats, tokens: 0)
2026-06-17T15:54:51 | INFO     | dapt.eval_runner |   Running Probe A: QA Accuracy...
2026-06-17T15:54:51 | INFO     | dapt.probe.qa | Probe A — QA Accuracy: 1.0000 (1/1)
2026-06-17T15:54:51 | INFO     | dapt.eval_runner |   Running Probe C: Terminology Coverage...
2026-06-17T15:54:51 | INFO     | dapt.probe.terminology | Probe C — Terminology Coverage: 0.0000 (0/51)
  Per-category: {'anatomy': 0.0, 'cognitive_psychology': 0.0}
  Sample missed terms: ['hippocampus', 'hippocampus', 'hippocampus', 'amygdala', 'amygdala', 'amygdala', 'striatum', 'striatum', 'striatum', 'prefrontal']
2026-06-17T15:54:51 | INFO     | dapt.eval_runner |   Running Probe D: Retrieval Precision (BERTScore)...
2026-06-17T15:54:51 | INFO     | dapt.probe.retrieval | Generating 5 anatomical responses (greedy)...
2026-06-17T15:54:51 | INFO     | dapt.probe.retrieval | Computing BERTScore with model: allenai/scibert_scivocab_uncased
2026-06-17T15:54:52 | INFO     | dapt.probe.retrieval | Probe D — Retrieval Precision: 1.0000 (min=1.000, max=1.000, n=5, low-scoring=0)
2026-06-17T15:54:52 | INFO     | dapt.eval_runner | 
  Eval #1 summary:
    PPL=inf  QA=1.000  Term=0.000  Ret=1.000  (elapsed: 1s)

2026-06-17T15:54:52 | WARNING  | dapt.gates | 
!!!!!!!!!!!!!!!!!!!!!!!!!!!!!!!!!!!!!!!!!!!!!!!!!!!!!!!!!!!!
  HARD CAP reached — gates NOT fully met
  Failed gates: ['PPL plateau not reached (insufficient eval history)']
  Recommended action (Priority 3): PROCEED_WITH_RISK_FLAG
  Rationale: QA accuracy is near threshold but perplexity plateau or secondary gates may not be fully cleared. Downstream phases may compensate. Action: proceed but document all metric gaps in the risk report and monitor Phase 1+ validation metrics closely.
  Risk report: logs\dapt_hard_cap_risk_report.json
!!!!!!!!!!!!!!!!!!!!!!!!!!!!!!!!!!!!!!!!!!!!!!!!!!!!!!!!!!!!

2026-06-17T15:54:52 | WARNING  | dapt.pipeline | DAPT completed without convergence. Non-convergence risk report generated.
2026-06-17T15:59:00 | INFO     | dapt.pipeline | 
============================================================
  DAPT Step 0.3 Configuration
============================================================
  Model           : dummy-model
  Corpus tokens   : 30.0B
  Max passes      : 1
  Hard stop       : 30.0B tokens
  Eval interval   : 500M tokens
  QA gate         : >= 55%
  PPL gate        : < 2.0% for 2 consecutive evals
  Term cov gate   : >= 80%
  Ret prec gate   : >= 60%
  Checkpoint dir  : C:\Users\rajav\AppData\Local\Temp\tmp3n2xs0cf\out_model
  Log dir         : logs
============================================================

2026-06-17T15:59:00 | INFO     | dapt.pipeline | Using device: cpu
2026-06-17T15:59:00 | INFO     | dapt.pipeline | Loading pretraining corpus from C:\Users\rajav\AppData\Local\Temp\tmp3n2xs0cf\corpus.jsonl
2026-06-17T15:59:00 | INFO     | dapt.pipeline | Corpus split: 1 training docs, 2 validation docs.
2026-06-17T15:59:00 | INFO     | dapt.pipeline | Written validation split text to evals\dapt\ppl_held_out.txt for perplexity probe.
2026-06-17T15:59:00 | INFO     | dapt.pipeline | Tokenizing and chunking training documents...
2026-06-17T15:59:00 | INFO     | dapt.pipeline | Created 1 training blocks of size 512.
2026-06-17T15:59:00 | INFO     | dapt.pipeline | Starting pretraining loop...
2026-06-17T15:59:00 | INFO     | dapt.pipeline | 
############################################################
  Corpus pass 1/1
############################################################
2026-06-17T15:59:00 | INFO     | dapt.pipeline | Completed corpus pass 1. Total tokens: 0.00B
2026-06-17T15:59:00 | WARNING  | dapt.pipeline | Training loop exhausted without a convergence decision. Running final gate check.
2026-06-17T15:59:00 | WARNING  | dapt.checkpoint | Failed to save torch checkpoint (this is expected if using mocks in unit tests): Can't pickle <class 'unittest.mock.MagicMock'>: it's not the same object as unittest.mock.MagicMock
2026-06-17T15:59:00 | INFO     | dapt.eval_runner | 
==============================================================
  Starting Eval #1 | Tokens: 0.00B | Pass: 0.000x
==============================================================
2026-06-17T15:59:00 | INFO     | dapt.eval_runner |   Running Probe B: Perplexity...
2026-06-17T15:59:00 | INFO     | dapt.probe.perplexity | Loading PPL corpus from: evals\dapt\ppl_held_out.txt (max 10.0M tokens)
2026-06-17T15:59:00 | INFO     | dapt.probe.perplexity | PPL corpus ready: 0.00M tokens, 0 sequences
2026-06-17T15:59:00 | INFO     | dapt.probe.perplexity | Probe B — Perplexity: inf  (NLL: inf nats, tokens: 0)
2026-06-17T15:59:00 | INFO     | dapt.eval_runner |   Running Probe A: QA Accuracy...
2026-06-17T15:59:00 | INFO     | dapt.probe.qa | Probe A — QA Accuracy: 1.0000 (1/1)
2026-06-17T15:59:00 | INFO     | dapt.eval_runner |   Running Probe C: Terminology Coverage...
2026-06-17T15:59:00 | INFO     | dapt.probe.terminology | Probe C — Terminology Coverage: 0.0000 (0/51)
  Per-category: {'anatomy': 0.0, 'cognitive_psychology': 0.0}
  Sample missed terms: ['hippocampus', 'hippocampus', 'hippocampus', 'amygdala', 'amygdala', 'amygdala', 'striatum', 'striatum', 'striatum', 'prefrontal']
2026-06-17T15:59:00 | INFO     | dapt.eval_runner |   Running Probe D: Retrieval Precision (BERTScore)...
2026-06-17T15:59:00 | INFO     | dapt.probe.retrieval | Generating 5 anatomical responses (greedy)...
2026-06-17T15:59:00 | INFO     | dapt.probe.retrieval | Computing BERTScore with model: allenai/scibert_scivocab_uncased
2026-06-17T15:59:02 | INFO     | dapt.probe.retrieval | Probe D — Retrieval Precision: 1.0000 (min=1.000, max=1.000, n=5, low-scoring=0)
2026-06-17T15:59:02 | INFO     | dapt.eval_runner | 
  Eval #1 summary:
    PPL=inf  QA=1.000  Term=0.000  Ret=1.000  (elapsed: 1s)

2026-06-17T15:59:02 | WARNING  | dapt.gates | 
!!!!!!!!!!!!!!!!!!!!!!!!!!!!!!!!!!!!!!!!!!!!!!!!!!!!!!!!!!!!
  HARD CAP reached — gates NOT fully met
  Failed gates: ['PPL plateau not reached (insufficient eval history)']
  Recommended action (Priority 3): PROCEED_WITH_RISK_FLAG
  Rationale: QA accuracy is near threshold but perplexity plateau or secondary gates may not be fully cleared. Downstream phases may compensate. Action: proceed but document all metric gaps in the risk report and monitor Phase 1+ validation metrics closely.
  Risk report: logs\dapt_hard_cap_risk_report.json
!!!!!!!!!!!!!!!!!!!!!!!!!!!!!!!!!!!!!!!!!!!!!!!!!!!!!!!!!!!!

2026-06-17T15:59:02 | WARNING  | dapt.pipeline | DAPT completed without convergence. Non-convergence risk report generated.
2026-06-17T15:59:02 | INFO     | dapt.pipeline | 
============================================================
  DAPT Step 0.3 Configuration
============================================================
  Model           : dummy-model
  Corpus tokens   : 30.0B
  Max passes      : 1
  Hard stop       : 30.0B tokens
  Eval interval   : 500M tokens
  QA gate         : >= 55%
  PPL gate        : < 2.0% for 2 consecutive evals
  Term cov gate   : >= 80%
  Ret prec gate   : >= 60%
  Checkpoint dir  : C:\Users\rajav\AppData\Local\Temp\tmpa_zq85yi\out_model
  Log dir         : logs
============================================================

2026-06-17T15:59:02 | INFO     | dapt.pipeline | Initialized Weights & Biases run: 
2026-06-17T15:59:02 | INFO     | dapt.pipeline | Using device: cpu
2026-06-17T15:59:02 | INFO     | dapt.pipeline | Loading pretraining corpus from C:\Users\rajav\AppData\Local\Temp\tmpa_zq85yi\corpus.jsonl
2026-06-17T15:59:02 | INFO     | dapt.pipeline | Corpus split: 1 training docs, 2 validation docs.
2026-06-17T15:59:02 | INFO     | dapt.pipeline | Written validation split text to evals\dapt\ppl_held_out.txt for perplexity probe.
2026-06-17T15:59:02 | INFO     | dapt.pipeline | Tokenizing and chunking training documents...
2026-06-17T15:59:02 | INFO     | dapt.pipeline | Created 1 training blocks of size 512.
2026-06-17T15:59:02 | INFO     | dapt.pipeline | Starting pretraining loop...
2026-06-17T15:59:02 | INFO     | dapt.pipeline | 
############################################################
  Corpus pass 1/1
############################################################
2026-06-17T15:59:02 | INFO     | dapt.pipeline | Completed corpus pass 1. Total tokens: 0.00B
2026-06-17T15:59:02 | WARNING  | dapt.pipeline | Training loop exhausted without a convergence decision. Running final gate check.
2026-06-17T15:59:02 | WARNING  | dapt.checkpoint | Failed to save torch checkpoint (this is expected if using mocks in unit tests): Can't pickle <class 'unittest.mock.MagicMock'>: it's not the same object as unittest.mock.MagicMock
2026-06-17T15:59:02 | INFO     | dapt.eval_runner | 
==============================================================
  Starting Eval #1 | Tokens: 0.00B | Pass: 0.000x
==============================================================
2026-06-17T15:59:02 | INFO     | dapt.eval_runner |   Running Probe B: Perplexity...
2026-06-17T15:59:02 | INFO     | dapt.probe.perplexity | Probe B — Perplexity: inf  (NLL: inf nats, tokens: 0)
2026-06-17T15:59:02 | INFO     | dapt.eval_runner |   Running Probe A: QA Accuracy...
2026-06-17T15:59:02 | INFO     | dapt.probe.qa | Probe A — QA Accuracy: 1.0000 (1/1)
2026-06-17T15:59:02 | INFO     | dapt.eval_runner |   Running Probe C: Terminology Coverage...
2026-06-17T15:59:02 | INFO     | dapt.probe.terminology | Probe C — Terminology Coverage: 0.0000 (0/51)
  Per-category: {'anatomy': 0.0, 'cognitive_psychology': 0.0}
  Sample missed terms: ['hippocampus', 'hippocampus', 'hippocampus', 'amygdala', 'amygdala', 'amygdala', 'striatum', 'striatum', 'striatum', 'prefrontal']
2026-06-17T15:59:02 | INFO     | dapt.eval_runner |   Running Probe D: Retrieval Precision (BERTScore)...
2026-06-17T15:59:02 | INFO     | dapt.probe.retrieval | Generating 5 anatomical responses (greedy)...
2026-06-17T15:59:02 | INFO     | dapt.probe.retrieval | Computing BERTScore with model: allenai/scibert_scivocab_uncased
2026-06-17T15:59:03 | INFO     | dapt.probe.retrieval | Probe D — Retrieval Precision: 1.0000 (min=1.000, max=1.000, n=5, low-scoring=0)
2026-06-17T15:59:03 | INFO     | dapt.eval_runner | 
  Eval #1 summary:
    PPL=inf  QA=1.000  Term=0.000  Ret=1.000  (elapsed: 1s)

2026-06-17T15:59:03 | WARNING  | dapt.gates | 
!!!!!!!!!!!!!!!!!!!!!!!!!!!!!!!!!!!!!!!!!!!!!!!!!!!!!!!!!!!!
  HARD CAP reached — gates NOT fully met
  Failed gates: ['PPL plateau not reached (insufficient eval history)']
  Recommended action (Priority 3): PROCEED_WITH_RISK_FLAG
  Rationale: QA accuracy is near threshold but perplexity plateau or secondary gates may not be fully cleared. Downstream phases may compensate. Action: proceed but document all metric gaps in the risk report and monitor Phase 1+ validation metrics closely.
  Risk report: logs\dapt_hard_cap_risk_report.json
!!!!!!!!!!!!!!!!!!!!!!!!!!!!!!!!!!!!!!!!!!!!!!!!!!!!!!!!!!!!

2026-06-17T15:59:03 | WARNING  | dapt.pipeline | DAPT completed without convergence. Non-convergence risk report generated.
2026-06-17T16:07:23 | INFO     | dapt.pipeline | 
============================================================
  DAPT Step 0.3 Configuration
============================================================
  Model           : dummy-model
  Corpus tokens   : 30.0B
  Max passes      : 1
  Hard stop       : 30.0B tokens
  Eval interval   : 500M tokens
  QA gate         : >= 55%
  PPL gate        : < 2.0% for 2 consecutive evals
  Term cov gate   : >= 80%
  Ret prec gate   : >= 60%
  Checkpoint dir  : C:\Users\rajav\AppData\Local\Temp\tmp3pyv30gy\out_model
  Log dir         : logs
============================================================

2026-06-17T16:07:23 | INFO     | dapt.pipeline | Using device: cpu
2026-06-17T16:07:23 | INFO     | dapt.pipeline | Loading pretraining corpus from C:\Users\rajav\AppData\Local\Temp\tmp3pyv30gy\corpus.jsonl
2026-06-17T16:07:23 | INFO     | dapt.pipeline | Corpus split: 1 training docs, 2 validation docs.
2026-06-17T16:07:23 | INFO     | dapt.pipeline | Written validation split text to evals\dapt\ppl_held_out.txt for perplexity probe.
2026-06-17T16:07:23 | INFO     | dapt.pipeline | Tokenizing and chunking training documents...
2026-06-17T16:07:23 | INFO     | dapt.pipeline | Created 1 training blocks of size 512.
2026-06-17T16:07:23 | INFO     | dapt.pipeline | Starting pretraining loop...
2026-06-17T16:07:23 | INFO     | dapt.pipeline | 
############################################################
  Corpus pass 1/1
############################################################
2026-06-17T16:07:23 | INFO     | dapt.pipeline | Completed corpus pass 1. Total tokens: 0.00B
2026-06-17T16:07:23 | WARNING  | dapt.pipeline | Training loop exhausted without a convergence decision. Running final gate check.
2026-06-17T16:07:23 | WARNING  | dapt.checkpoint | Failed to save torch checkpoint (this is expected if using mocks in unit tests): Can't pickle <class 'unittest.mock.MagicMock'>: it's not the same object as unittest.mock.MagicMock
2026-06-17T16:07:23 | INFO     | dapt.eval_runner | 
==============================================================
  Starting Eval #1 | Tokens: 0.00B | Pass: 0.000x
==============================================================
2026-06-17T16:07:23 | INFO     | dapt.eval_runner |   Running Probe B: Perplexity...
2026-06-17T16:07:23 | INFO     | dapt.probe.perplexity | Loading PPL corpus from: evals\dapt\ppl_held_out.txt (max 10.0M tokens)
2026-06-17T16:07:23 | INFO     | dapt.probe.perplexity | PPL corpus ready: 0.00M tokens, 0 sequences
2026-06-17T16:07:23 | INFO     | dapt.probe.perplexity | Probe B — Perplexity: inf  (NLL: inf nats, tokens: 0)
2026-06-17T16:07:23 | INFO     | dapt.eval_runner |   Running Probe A: QA Accuracy...
2026-06-17T16:07:23 | INFO     | dapt.probe.qa | Probe A — QA Accuracy: 1.0000 (1/1)
2026-06-17T16:07:23 | INFO     | dapt.eval_runner |   Running Probe C: Terminology Coverage...
2026-06-17T16:07:23 | INFO     | dapt.probe.terminology | Probe C — Terminology Coverage: 0.0000 (0/51)
  Per-category: {'anatomy': 0.0, 'cognitive_psychology': 0.0}
  Sample missed terms: ['hippocampus', 'hippocampus', 'hippocampus', 'amygdala', 'amygdala', 'amygdala', 'striatum', 'striatum', 'striatum', 'prefrontal']
2026-06-17T16:07:23 | INFO     | dapt.eval_runner |   Running Probe D: Retrieval Precision (BERTScore)...
2026-06-17T16:07:23 | INFO     | dapt.probe.retrieval | Generating 5 anatomical responses (greedy)...
2026-06-17T16:07:23 | INFO     | dapt.probe.retrieval | Computing BERTScore with model: allenai/scibert_scivocab_uncased
2026-06-17T16:07:25 | INFO     | dapt.probe.retrieval | Probe D — Retrieval Precision: 1.0000 (min=1.000, max=1.000, n=5, low-scoring=0)
2026-06-17T16:07:25 | INFO     | dapt.eval_runner | 
  Eval #1 summary:
    PPL=inf  QA=1.000  Term=0.000  Ret=1.000  (elapsed: 1s)

2026-06-17T16:07:25 | WARNING  | dapt.gates | 
!!!!!!!!!!!!!!!!!!!!!!!!!!!!!!!!!!!!!!!!!!!!!!!!!!!!!!!!!!!!
  HARD CAP reached — gates NOT fully met
  Failed gates: ['PPL plateau not reached (insufficient eval history)']
  Recommended action (Priority 3): PROCEED_WITH_RISK_FLAG
  Rationale: QA accuracy is near threshold but perplexity plateau or secondary gates may not be fully cleared. Downstream phases may compensate. Action: proceed but document all metric gaps in the risk report and monitor Phase 1+ validation metrics closely.
  Risk report: logs\dapt_hard_cap_risk_report.json
!!!!!!!!!!!!!!!!!!!!!!!!!!!!!!!!!!!!!!!!!!!!!!!!!!!!!!!!!!!!

2026-06-17T16:07:25 | WARNING  | dapt.pipeline | DAPT completed without convergence. Non-convergence risk report generated.
2026-06-17T16:07:26 | INFO     | dapt.pipeline | 
============================================================
  DAPT Step 0.3 Configuration
============================================================
  Model           : dummy-model
  Corpus tokens   : 30.0B
  Max passes      : 1
  Hard stop       : 30.0B tokens
  Eval interval   : 500M tokens
  QA gate         : >= 55%
  PPL gate        : < 2.0% for 2 consecutive evals
  Term cov gate   : >= 80%
  Ret prec gate   : >= 60%
  Checkpoint dir  : C:\Users\rajav\AppData\Local\Temp\tmptf2xaftc\out_model
  Log dir         : logs
============================================================

2026-06-17T16:07:26 | INFO     | dapt.pipeline | Initialized Weights & Biases run: 
2026-06-17T16:07:26 | INFO     | dapt.pipeline | Using device: cpu
2026-06-17T16:07:26 | INFO     | dapt.pipeline | Loading pretraining corpus from C:\Users\rajav\AppData\Local\Temp\tmptf2xaftc\corpus.jsonl
2026-06-17T16:07:26 | INFO     | dapt.pipeline | Corpus split: 1 training docs, 2 validation docs.
2026-06-17T16:07:26 | INFO     | dapt.pipeline | Written validation split text to evals\dapt\ppl_held_out.txt for perplexity probe.
2026-06-17T16:07:26 | INFO     | dapt.pipeline | Tokenizing and chunking training documents...
2026-06-17T16:07:26 | INFO     | dapt.pipeline | Created 1 training blocks of size 512.
2026-06-17T16:07:26 | INFO     | dapt.pipeline | Starting pretraining loop...
2026-06-17T16:07:26 | INFO     | dapt.pipeline | 
############################################################
  Corpus pass 1/1
############################################################
2026-06-17T16:07:26 | INFO     | dapt.pipeline | Completed corpus pass 1. Total tokens: 0.00B
2026-06-17T16:07:26 | WARNING  | dapt.pipeline | Training loop exhausted without a convergence decision. Running final gate check.
2026-06-17T16:07:26 | WARNING  | dapt.checkpoint | Failed to save torch checkpoint (this is expected if using mocks in unit tests): Can't pickle <class 'unittest.mock.MagicMock'>: it's not the same object as unittest.mock.MagicMock
2026-06-17T16:07:26 | INFO     | dapt.eval_runner | 
==============================================================
  Starting Eval #1 | Tokens: 0.00B | Pass: 0.000x
==============================================================
2026-06-17T16:07:26 | INFO     | dapt.eval_runner |   Running Probe B: Perplexity...
2026-06-17T16:07:26 | INFO     | dapt.probe.perplexity | Probe B — Perplexity: inf  (NLL: inf nats, tokens: 0)
2026-06-17T16:07:26 | INFO     | dapt.eval_runner |   Running Probe A: QA Accuracy...
2026-06-17T16:07:26 | INFO     | dapt.probe.qa | Probe A — QA Accuracy: 1.0000 (1/1)
2026-06-17T16:07:26 | INFO     | dapt.eval_runner |   Running Probe C: Terminology Coverage...
2026-06-17T16:07:26 | INFO     | dapt.probe.terminology | Probe C — Terminology Coverage: 0.0000 (0/51)
  Per-category: {'anatomy': 0.0, 'cognitive_psychology': 0.0}
  Sample missed terms: ['hippocampus', 'hippocampus', 'hippocampus', 'amygdala', 'amygdala', 'amygdala', 'striatum', 'striatum', 'striatum', 'prefrontal']
2026-06-17T16:07:26 | INFO     | dapt.eval_runner |   Running Probe D: Retrieval Precision (BERTScore)...
2026-06-17T16:07:26 | INFO     | dapt.probe.retrieval | Generating 5 anatomical responses (greedy)...
2026-06-17T16:07:26 | INFO     | dapt.probe.retrieval | Computing BERTScore with model: allenai/scibert_scivocab_uncased
2026-06-17T16:07:27 | INFO     | dapt.probe.retrieval | Probe D — Retrieval Precision: 1.0000 (min=1.000, max=1.000, n=5, low-scoring=0)
2026-06-17T16:07:27 | INFO     | dapt.eval_runner | 
  Eval #1 summary:
    PPL=inf  QA=1.000  Term=0.000  Ret=1.000  (elapsed: 1s)

2026-06-17T16:07:27 | WARNING  | dapt.gates | 
!!!!!!!!!!!!!!!!!!!!!!!!!!!!!!!!!!!!!!!!!!!!!!!!!!!!!!!!!!!!
  HARD CAP reached — gates NOT fully met
  Failed gates: ['PPL plateau not reached (insufficient eval history)']
  Recommended action (Priority 3): PROCEED_WITH_RISK_FLAG
  Rationale: QA accuracy is near threshold but perplexity plateau or secondary gates may not be fully cleared. Downstream phases may compensate. Action: proceed but document all metric gaps in the risk report and monitor Phase 1+ validation metrics closely.
  Risk report: logs\dapt_hard_cap_risk_report.json
!!!!!!!!!!!!!!!!!!!!!!!!!!!!!!!!!!!!!!!!!!!!!!!!!!!!!!!!!!!!

2026-06-17T16:07:27 | WARNING  | dapt.pipeline | DAPT completed without convergence. Non-convergence risk report generated.
2026-06-17T17:21:49 | INFO     | dapt.pipeline | 
============================================================
  DAPT Step 0.3 Configuration
============================================================
  Model           : dummy-model
  Corpus tokens   : 0.0B
  Max passes      : 1
  Hard stop       : 0.0B tokens
  Eval interval   : 0M tokens
  QA gate         : >= 55%
  PPL gate        : < 2.0% for 2 consecutive evals
  Term cov gate   : >= 80%
  Ret prec gate   : >= 60%
  Checkpoint dir  : C:\Users\rajav\AppData\Local\Temp\tmpei55cn3k\out_model
  Log dir         : logs
============================================================

2026-06-17T17:21:49 | INFO     | dapt.pipeline | Using device: cpu
2026-06-17T17:21:49 | INFO     | dapt.pipeline | Loading pretraining corpus from C:\Users\rajav\AppData\Local\Temp\tmpei55cn3k\corpus.jsonl
2026-06-17T17:21:49 | INFO     | dapt.pipeline | Corpus split: 1 training docs, 2 validation docs.
2026-06-17T17:21:49 | INFO     | dapt.pipeline | Written validation split text to evals\dapt\ppl_held_out.txt for perplexity probe.
2026-06-17T17:21:49 | INFO     | dapt.pipeline | Tokenizing and chunking training documents...
2026-06-17T17:21:49 | INFO     | dapt.pipeline | Created 1 training blocks of size 512.
2026-06-17T17:21:49 | INFO     | dapt.pipeline | Starting pretraining loop...
2026-06-17T17:21:49 | INFO     | dapt.pipeline | 
############################################################
  Corpus pass 1/1
############################################################
2026-06-17T17:21:49 | INFO     | dapt.pipeline | Completed corpus pass 1. Total tokens: 0.00B
2026-06-17T17:21:49 | WARNING  | dapt.pipeline | Training loop exhausted without a convergence decision. Running final gate check.
2026-06-17T17:21:49 | WARNING  | dapt.checkpoint | Failed to save torch checkpoint (this is expected if using mocks in unit tests): Can't pickle <class 'unittest.mock.MagicMock'>: it's not the same object as unittest.mock.MagicMock
2026-06-17T17:21:49 | INFO     | dapt.eval_runner | 
==============================================================
  Starting Eval #1 | Tokens: 0.00B | Pass: 0.000x
==============================================================
2026-06-17T17:21:49 | INFO     | dapt.eval_runner |   Running Probe B: Perplexity...
2026-06-17T17:21:49 | INFO     | dapt.probe.perplexity | Loading PPL corpus from: evals\dapt\ppl_held_out.txt (max 10.0M tokens)
2026-06-17T17:21:49 | INFO     | dapt.probe.perplexity | PPL corpus ready: 0.00M tokens, 0 sequences
2026-06-17T17:21:49 | INFO     | dapt.probe.perplexity | Probe B — Perplexity: inf  (NLL: inf nats, tokens: 0)
2026-06-17T17:21:49 | INFO     | dapt.eval_runner |   Running Probe A: QA Accuracy...
2026-06-17T17:21:49 | INFO     | dapt.probe.qa | Probe A — QA Accuracy: 1.0000 (1/1)
2026-06-17T17:21:49 | INFO     | dapt.eval_runner |   Running Probe C: Terminology Coverage...
2026-06-17T17:21:49 | INFO     | dapt.probe.terminology | Probe C — Terminology Coverage: 0.0000 (0/51)
  Per-category: {'anatomy': 0.0, 'cognitive_psychology': 0.0}
  Sample missed terms: ['hippocampus', 'hippocampus', 'hippocampus', 'amygdala', 'amygdala', 'amygdala', 'striatum', 'striatum', 'striatum', 'prefrontal']
2026-06-17T17:21:49 | INFO     | dapt.eval_runner |   Running Probe D: Retrieval Precision (BERTScore)...
2026-06-17T17:21:49 | INFO     | dapt.probe.retrieval | Generating 5 anatomical responses (greedy)...
2026-06-17T17:21:49 | INFO     | dapt.probe.retrieval | Computing BERTScore with model: allenai/scibert_scivocab_uncased
2026-06-17T17:21:50 | INFO     | dapt.probe.retrieval | Probe D — Retrieval Precision: 1.0000 (min=1.000, max=1.000, n=5, low-scoring=0)
2026-06-17T17:21:50 | INFO     | dapt.eval_runner | 
  Eval #1 summary:
    PPL=inf  QA=1.000  Term=0.000  Ret=1.000  (elapsed: 1s)

2026-06-17T17:21:50 | WARNING  | dapt.gates | 
!!!!!!!!!!!!!!!!!!!!!!!!!!!!!!!!!!!!!!!!!!!!!!!!!!!!!!!!!!!!
  HARD CAP reached — gates NOT fully met
  Failed gates: ['PPL plateau not reached (insufficient eval history)']
  Recommended action (Priority 3): PROCEED_WITH_RISK_FLAG
  Rationale: QA accuracy is near threshold but perplexity plateau or secondary gates may not be fully cleared. Downstream phases may compensate. Action: proceed but document all metric gaps in the risk report and monitor Phase 1+ validation metrics closely.
  Risk report: logs\dapt_hard_cap_risk_report.json
!!!!!!!!!!!!!!!!!!!!!!!!!!!!!!!!!!!!!!!!!!!!!!!!!!!!!!!!!!!!

2026-06-17T17:21:50 | WARNING  | dapt.pipeline | DAPT completed without convergence. Non-convergence risk report generated.
2026-06-17T17:21:51 | INFO     | dapt.pipeline | 
============================================================
  DAPT Step 0.3 Configuration
============================================================
  Model           : dummy-model
  Corpus tokens   : 0.0B
  Max passes      : 1
  Hard stop       : 0.0B tokens
  Eval interval   : 0M tokens
  QA gate         : >= 55%
  PPL gate        : < 2.0% for 2 consecutive evals
  Term cov gate   : >= 80%
  Ret prec gate   : >= 60%
  Checkpoint dir  : C:\Users\rajav\AppData\Local\Temp\tmpj66jn3rz\out_model
  Log dir         : logs
============================================================

2026-06-17T17:21:51 | INFO     | dapt.pipeline | Initialized Weights & Biases run: 
2026-06-17T17:21:51 | INFO     | dapt.pipeline | Using device: cpu
2026-06-17T17:21:51 | INFO     | dapt.pipeline | Loading pretraining corpus from C:\Users\rajav\AppData\Local\Temp\tmpj66jn3rz\corpus.jsonl
2026-06-17T17:21:51 | INFO     | dapt.pipeline | Corpus split: 1 training docs, 2 validation docs.
2026-06-17T17:21:51 | INFO     | dapt.pipeline | Written validation split text to evals\dapt\ppl_held_out.txt for perplexity probe.
2026-06-17T17:21:51 | INFO     | dapt.pipeline | Tokenizing and chunking training documents...
2026-06-17T17:21:51 | INFO     | dapt.pipeline | Created 1 training blocks of size 512.
2026-06-17T17:21:51 | INFO     | dapt.pipeline | Starting pretraining loop...
2026-06-17T17:21:51 | INFO     | dapt.pipeline | 
############################################################
  Corpus pass 1/1
############################################################
2026-06-17T17:21:51 | INFO     | dapt.pipeline | Completed corpus pass 1. Total tokens: 0.00B
2026-06-17T17:21:51 | WARNING  | dapt.pipeline | Training loop exhausted without a convergence decision. Running final gate check.
2026-06-17T17:21:51 | WARNING  | dapt.checkpoint | Failed to save torch checkpoint (this is expected if using mocks in unit tests): Can't pickle <class 'unittest.mock.MagicMock'>: it's not the same object as unittest.mock.MagicMock
2026-06-17T17:21:51 | INFO     | dapt.eval_runner | 
==============================================================
  Starting Eval #1 | Tokens: 0.00B | Pass: 0.000x
==============================================================
2026-06-17T17:21:51 | INFO     | dapt.eval_runner |   Running Probe B: Perplexity...
2026-06-17T17:21:51 | INFO     | dapt.probe.perplexity | Probe B — Perplexity: inf  (NLL: inf nats, tokens: 0)
2026-06-17T17:21:51 | INFO     | dapt.eval_runner |   Running Probe A: QA Accuracy...
2026-06-17T17:21:51 | INFO     | dapt.probe.qa | Probe A — QA Accuracy: 1.0000 (1/1)
2026-06-17T17:21:51 | INFO     | dapt.eval_runner |   Running Probe C: Terminology Coverage...
2026-06-17T17:21:51 | INFO     | dapt.probe.terminology | Probe C — Terminology Coverage: 0.0000 (0/51)
  Per-category: {'anatomy': 0.0, 'cognitive_psychology': 0.0}
  Sample missed terms: ['hippocampus', 'hippocampus', 'hippocampus', 'amygdala', 'amygdala', 'amygdala', 'striatum', 'striatum', 'striatum', 'prefrontal']
2026-06-17T17:21:51 | INFO     | dapt.eval_runner |   Running Probe D: Retrieval Precision (BERTScore)...
2026-06-17T17:21:51 | INFO     | dapt.probe.retrieval | Generating 5 anatomical responses (greedy)...
2026-06-17T17:21:51 | INFO     | dapt.probe.retrieval | Computing BERTScore with model: allenai/scibert_scivocab_uncased
2026-06-17T17:21:52 | INFO     | dapt.probe.retrieval | Probe D — Retrieval Precision: 1.0000 (min=1.000, max=1.000, n=5, low-scoring=0)
2026-06-17T17:21:52 | INFO     | dapt.eval_runner | 
  Eval #1 summary:
    PPL=inf  QA=1.000  Term=0.000  Ret=1.000  (elapsed: 1s)

2026-06-17T17:21:52 | WARNING  | dapt.gates | 
!!!!!!!!!!!!!!!!!!!!!!!!!!!!!!!!!!!!!!!!!!!!!!!!!!!!!!!!!!!!
  HARD CAP reached — gates NOT fully met
  Failed gates: ['PPL plateau not reached (insufficient eval history)']
  Recommended action (Priority 3): PROCEED_WITH_RISK_FLAG
  Rationale: QA accuracy is near threshold but perplexity plateau or secondary gates may not be fully cleared. Downstream phases may compensate. Action: proceed but document all metric gaps in the risk report and monitor Phase 1+ validation metrics closely.
  Risk report: logs\dapt_hard_cap_risk_report.json
!!!!!!!!!!!!!!!!!!!!!!!!!!!!!!!!!!!!!!!!!!!!!!!!!!!!!!!!!!!!

2026-06-17T17:21:52 | WARNING  | dapt.pipeline | DAPT completed without convergence. Non-convergence risk report generated.
2026-06-17T17:52:21 | INFO     | dapt.pipeline | 
============================================================
  DAPT Step 0.3 Configuration
============================================================
  Model           : dummy-model
  Corpus tokens   : 0.0B
  Max passes      : 1
  Hard stop       : 0.0B tokens
  Eval interval   : 0M tokens
  QA gate         : >= 55%
  PPL gate        : < 2.0% for 2 consecutive evals
  Term cov gate   : >= 80%
  Ret prec gate   : >= 60%
  Checkpoint dir  : C:\Users\rajav\AppData\Local\Temp\tmppq4l007c\out_model
  Log dir         : logs
============================================================

2026-06-17T17:52:21 | INFO     | dapt.pipeline | Using device: cpu
2026-06-17T17:52:21 | INFO     | dapt.pipeline | Loading pretraining corpus from C:\Users\rajav\AppData\Local\Temp\tmppq4l007c\corpus.jsonl
2026-06-17T17:52:21 | INFO     | dapt.pipeline | Corpus split: 1 training docs, 2 validation docs.
2026-06-17T17:52:21 | INFO     | dapt.pipeline | Written validation split text to evals\dapt\ppl_held_out.txt for perplexity probe.
2026-06-17T17:52:21 | INFO     | dapt.pipeline | Tokenizing and chunking training documents...
2026-06-17T17:52:21 | INFO     | dapt.pipeline | Created 1 training blocks of size 512.
2026-06-17T17:52:21 | INFO     | dapt.pipeline | Running baseline evaluation on the base model...
2026-06-17T17:52:21 | INFO     | dapt.eval_runner | 
==============================================================
  Starting Eval #1 | Tokens: 0.00B | Pass: 0.000x
==============================================================
2026-06-17T17:52:21 | INFO     | dapt.eval_runner |   Running Probe B: Perplexity...
2026-06-17T17:52:21 | INFO     | dapt.probe.perplexity | Loading PPL corpus from: evals\dapt\ppl_held_out.txt (max 10.0M tokens)
2026-06-17T17:52:21 | INFO     | dapt.probe.perplexity | PPL corpus ready: 0.00M tokens, 0 sequences
2026-06-17T17:52:21 | INFO     | dapt.probe.perplexity | Probe B — Perplexity: inf  (NLL: inf nats, tokens: 0)
2026-06-17T17:52:21 | INFO     | dapt.eval_runner |   Running Probe A: QA Accuracy...
2026-06-17T17:52:21 | INFO     | dapt.probe.qa | Probe A — QA Accuracy: 1.0000 (1/1)
2026-06-17T17:52:21 | INFO     | dapt.eval_runner |   Running Probe C: Terminology Coverage...
2026-06-17T17:52:21 | INFO     | dapt.probe.terminology | Probe C — Terminology Coverage: 0.0000 (0/51)
  Per-category: {'anatomy': 0.0, 'cognitive_psychology': 0.0}
  Sample missed terms: ['hippocampus', 'hippocampus', 'hippocampus', 'amygdala', 'amygdala', 'amygdala', 'striatum', 'striatum', 'striatum', 'prefrontal']
2026-06-17T17:52:21 | INFO     | dapt.eval_runner |   Running Probe D: Retrieval Precision (BERTScore)...
2026-06-17T17:52:21 | INFO     | dapt.probe.retrieval | Generating 5 anatomical responses (greedy)...
2026-06-17T17:52:21 | INFO     | dapt.probe.retrieval | Computing BERTScore with model: allenai/scibert_scivocab_uncased
2026-06-17T17:52:22 | INFO     | dapt.probe.retrieval | Probe D — Retrieval Precision: 1.0000 (min=1.000, max=1.000, n=5, low-scoring=0)
2026-06-17T17:52:22 | INFO     | dapt.eval_runner | 
  Eval #1 summary:
    PPL=inf  QA=1.000  Term=0.000  Ret=1.000  (elapsed: 1s)

2026-06-17T17:52:22 | INFO     | dapt.pipeline | Starting pretraining loop...
2026-06-17T17:52:22 | INFO     | dapt.pipeline | 
############################################################
  Corpus pass 1/1
############################################################
2026-06-17T17:52:22 | INFO     | dapt.pipeline | Completed corpus pass 1. Total tokens: 0.00B
2026-06-17T17:52:22 | WARNING  | dapt.pipeline | Training loop exhausted without a convergence decision. Running final gate check.
2026-06-17T17:52:22 | WARNING  | dapt.checkpoint | Failed to save torch checkpoint (this is expected if using mocks in unit tests): Can't pickle <class 'unittest.mock.MagicMock'>: it's not the same object as unittest.mock.MagicMock
2026-06-17T17:52:22 | INFO     | dapt.eval_runner | 
==============================================================
  Starting Eval #2 | Tokens: 0.00B | Pass: 0.000x
==============================================================
2026-06-17T17:52:22 | INFO     | dapt.eval_runner |   Running Probe B: Perplexity...
2026-06-17T17:52:22 | INFO     | dapt.probe.perplexity | Probe B — Perplexity: inf  (NLL: inf nats, tokens: 0)
2026-06-17T17:52:22 | INFO     | dapt.eval_runner |   Running Probe A: QA Accuracy...
2026-06-17T17:52:22 | INFO     | dapt.probe.qa | Probe A — QA Accuracy: 1.0000 (1/1)
2026-06-17T17:52:22 | INFO     | dapt.eval_runner |   Running Probe C: Terminology Coverage...
2026-06-17T17:52:22 | INFO     | dapt.probe.terminology | Probe C — Terminology Coverage: 0.0000 (0/51)
  Per-category: {'anatomy': 0.0, 'cognitive_psychology': 0.0}
  Sample missed terms: ['hippocampus', 'hippocampus', 'hippocampus', 'amygdala', 'amygdala', 'amygdala', 'striatum', 'striatum', 'striatum', 'prefrontal']
2026-06-17T17:52:22 | INFO     | dapt.eval_runner |   Running Probe D: Retrieval Precision (BERTScore)...
2026-06-17T17:52:22 | INFO     | dapt.probe.retrieval | Generating 5 anatomical responses (greedy)...
2026-06-17T17:52:22 | INFO     | dapt.probe.retrieval | Computing BERTScore with model: allenai/scibert_scivocab_uncased
2026-06-17T17:52:23 | INFO     | dapt.probe.retrieval | Probe D — Retrieval Precision: 1.0000 (min=1.000, max=1.000, n=5, low-scoring=0)
2026-06-17T17:52:23 | INFO     | dapt.eval_runner | 
  Eval #2 summary:
    PPL=inf  QA=1.000  Term=0.000  Ret=1.000  (elapsed: 1s)

2026-06-17T17:52:23 | WARNING  | dapt.gates | 
!!!!!!!!!!!!!!!!!!!!!!!!!!!!!!!!!!!!!!!!!!!!!!!!!!!!!!!!!!!!
  HARD CAP reached — gates NOT fully met
  Failed gates: ['PPL plateau not reached (insufficient eval history)']
  Recommended action (Priority 3): PROCEED_WITH_RISK_FLAG
  Rationale: QA accuracy is near threshold but perplexity plateau or secondary gates may not be fully cleared. Downstream phases may compensate. Action: proceed but document all metric gaps in the risk report and monitor Phase 1+ validation metrics closely.
  Risk report: logs\dapt_hard_cap_risk_report.json
!!!!!!!!!!!!!!!!!!!!!!!!!!!!!!!!!!!!!!!!!!!!!!!!!!!!!!!!!!!!

2026-06-17T17:52:23 | WARNING  | dapt.pipeline | DAPT completed without convergence. Non-convergence risk report generated.
2026-06-17T17:52:24 | INFO     | dapt.pipeline | 
============================================================
  DAPT Step 0.3 Configuration
============================================================
  Model           : dummy-model
  Corpus tokens   : 0.0B
  Max passes      : 1
  Hard stop       : 0.0B tokens
  Eval interval   : 0M tokens
  QA gate         : >= 55%
  PPL gate        : < 2.0% for 2 consecutive evals
  Term cov gate   : >= 80%
  Ret prec gate   : >= 60%
  Checkpoint dir  : C:\Users\rajav\AppData\Local\Temp\tmp4x3aomqo\out_model
  Log dir         : logs
============================================================

2026-06-17T17:52:24 | INFO     | dapt.pipeline | Initialized Weights & Biases run: 
2026-06-17T17:52:24 | INFO     | dapt.pipeline | Using device: cpu
2026-06-17T17:52:24 | INFO     | dapt.pipeline | Loading pretraining corpus from C:\Users\rajav\AppData\Local\Temp\tmp4x3aomqo\corpus.jsonl
2026-06-17T17:52:24 | INFO     | dapt.pipeline | Corpus split: 1 training docs, 2 validation docs.
2026-06-17T17:52:24 | INFO     | dapt.pipeline | Written validation split text to evals\dapt\ppl_held_out.txt for perplexity probe.
2026-06-17T17:52:24 | INFO     | dapt.pipeline | Tokenizing and chunking training documents...
2026-06-17T17:52:24 | INFO     | dapt.pipeline | Created 1 training blocks of size 512.
2026-06-17T17:52:24 | INFO     | dapt.pipeline | Running baseline evaluation on the base model...
2026-06-17T17:52:24 | INFO     | dapt.eval_runner | 
==============================================================
  Starting Eval #1 | Tokens: 0.00B | Pass: 0.000x
==============================================================
2026-06-17T17:52:24 | INFO     | dapt.eval_runner |   Running Probe B: Perplexity...
2026-06-17T17:52:24 | INFO     | dapt.probe.perplexity | Probe B — Perplexity: inf  (NLL: inf nats, tokens: 0)
2026-06-17T17:52:24 | INFO     | dapt.eval_runner |   Running Probe A: QA Accuracy...
2026-06-17T17:52:24 | INFO     | dapt.probe.qa | Probe A — QA Accuracy: 1.0000 (1/1)
2026-06-17T17:52:24 | INFO     | dapt.eval_runner |   Running Probe C: Terminology Coverage...
2026-06-17T17:52:24 | INFO     | dapt.probe.terminology | Probe C — Terminology Coverage: 0.0000 (0/51)
  Per-category: {'anatomy': 0.0, 'cognitive_psychology': 0.0}
  Sample missed terms: ['hippocampus', 'hippocampus', 'hippocampus', 'amygdala', 'amygdala', 'amygdala', 'striatum', 'striatum', 'striatum', 'prefrontal']
2026-06-17T17:52:24 | INFO     | dapt.eval_runner |   Running Probe D: Retrieval Precision (BERTScore)...
2026-06-17T17:52:24 | INFO     | dapt.probe.retrieval | Generating 5 anatomical responses (greedy)...
2026-06-17T17:52:24 | INFO     | dapt.probe.retrieval | Computing BERTScore with model: allenai/scibert_scivocab_uncased
2026-06-17T17:52:25 | INFO     | dapt.probe.retrieval | Probe D — Retrieval Precision: 1.0000 (min=1.000, max=1.000, n=5, low-scoring=0)
2026-06-17T17:52:25 | INFO     | dapt.eval_runner | 
  Eval #1 summary:
    PPL=inf  QA=1.000  Term=0.000  Ret=1.000  (elapsed: 1s)

2026-06-17T17:52:25 | INFO     | dapt.pipeline | Starting pretraining loop...
2026-06-17T17:52:25 | INFO     | dapt.pipeline | 
############################################################
  Corpus pass 1/1
############################################################
2026-06-17T17:52:25 | INFO     | dapt.pipeline | Completed corpus pass 1. Total tokens: 0.00B
2026-06-17T17:52:25 | WARNING  | dapt.pipeline | Training loop exhausted without a convergence decision. Running final gate check.
2026-06-17T17:52:25 | WARNING  | dapt.checkpoint | Failed to save torch checkpoint (this is expected if using mocks in unit tests): Can't pickle <class 'unittest.mock.MagicMock'>: it's not the same object as unittest.mock.MagicMock
2026-06-17T17:52:25 | INFO     | dapt.eval_runner | 
==============================================================
  Starting Eval #2 | Tokens: 0.00B | Pass: 0.000x
==============================================================
2026-06-17T17:52:25 | INFO     | dapt.eval_runner |   Running Probe B: Perplexity...
2026-06-17T17:52:25 | INFO     | dapt.probe.perplexity | Probe B — Perplexity: inf  (NLL: inf nats, tokens: 0)
2026-06-17T17:52:25 | INFO     | dapt.eval_runner |   Running Probe A: QA Accuracy...
2026-06-17T17:52:25 | INFO     | dapt.probe.qa | Probe A — QA Accuracy: 1.0000 (1/1)
2026-06-17T17:52:25 | INFO     | dapt.eval_runner |   Running Probe C: Terminology Coverage...
2026-06-17T17:52:25 | INFO     | dapt.probe.terminology | Probe C — Terminology Coverage: 0.0000 (0/51)
  Per-category: {'anatomy': 0.0, 'cognitive_psychology': 0.0}
  Sample missed terms: ['hippocampus', 'hippocampus', 'hippocampus', 'amygdala', 'amygdala', 'amygdala', 'striatum', 'striatum', 'striatum', 'prefrontal']
2026-06-17T17:52:25 | INFO     | dapt.eval_runner |   Running Probe D: Retrieval Precision (BERTScore)...
2026-06-17T17:52:25 | INFO     | dapt.probe.retrieval | Generating 5 anatomical responses (greedy)...
2026-06-17T17:52:25 | INFO     | dapt.probe.retrieval | Computing BERTScore with model: allenai/scibert_scivocab_uncased
2026-06-17T17:52:26 | INFO     | dapt.probe.retrieval | Probe D — Retrieval Precision: 1.0000 (min=1.000, max=1.000, n=5, low-scoring=0)
2026-06-17T17:52:26 | INFO     | dapt.eval_runner | 
  Eval #2 summary:
    PPL=inf  QA=1.000  Term=0.000  Ret=1.000  (elapsed: 1s)

2026-06-17T17:52:26 | WARNING  | dapt.gates | 
!!!!!!!!!!!!!!!!!!!!!!!!!!!!!!!!!!!!!!!!!!!!!!!!!!!!!!!!!!!!
  HARD CAP reached — gates NOT fully met
  Failed gates: ['PPL plateau not reached (insufficient eval history)']
  Recommended action (Priority 3): PROCEED_WITH_RISK_FLAG
  Rationale: QA accuracy is near threshold but perplexity plateau or secondary gates may not be fully cleared. Downstream phases may compensate. Action: proceed but document all metric gaps in the risk report and monitor Phase 1+ validation metrics closely.
  Risk report: logs\dapt_hard_cap_risk_report.json
!!!!!!!!!!!!!!!!!!!!!!!!!!!!!!!!!!!!!!!!!!!!!!!!!!!!!!!!!!!!

2026-06-17T17:52:26 | WARNING  | dapt.pipeline | DAPT completed without convergence. Non-convergence risk report generated.
2026-06-17T17:52:50 | INFO     | dapt.pipeline | 
============================================================
  DAPT Step 0.3 Configuration
============================================================
  Model           : dummy-model
  Corpus tokens   : 0.0B
  Max passes      : 1
  Hard stop       : 0.0B tokens
  Eval interval   : 0M tokens
  QA gate         : >= 55%
  PPL gate        : < 2.0% for 2 consecutive evals
  Term cov gate   : >= 80%
  Ret prec gate   : >= 60%
  Checkpoint dir  : C:\Users\rajav\AppData\Local\Temp\tmp9fomaotl\out_model
  Log dir         : logs
============================================================

2026-06-17T17:52:50 | INFO     | dapt.pipeline | Using device: cpu
2026-06-17T17:52:50 | INFO     | dapt.pipeline | Loading pretraining corpus from C:\Users\rajav\AppData\Local\Temp\tmp9fomaotl\corpus.jsonl
2026-06-17T17:52:50 | INFO     | dapt.pipeline | Corpus split: 1 training docs, 2 validation docs.
2026-06-17T17:52:50 | INFO     | dapt.pipeline | Written validation split text to evals\dapt\ppl_held_out.txt for perplexity probe.
2026-06-17T17:52:50 | INFO     | dapt.pipeline | Tokenizing and chunking training documents...
2026-06-17T17:52:50 | INFO     | dapt.pipeline | Created 1 training blocks of size 512.
2026-06-17T17:52:50 | INFO     | dapt.pipeline | Running baseline evaluation on the base model...
2026-06-17T17:52:50 | INFO     | dapt.pipeline | Starting pretraining loop...
2026-06-17T17:52:50 | INFO     | dapt.pipeline | 
############################################################
  Corpus pass 1/1
############################################################
2026-06-17T17:52:50 | INFO     | dapt.pipeline | Completed corpus pass 1. Total tokens: 0.00B
2026-06-17T17:52:50 | WARNING  | dapt.pipeline | Training loop exhausted without a convergence decision. Running final gate check.
2026-06-17T17:52:50 | WARNING  | dapt.checkpoint | Failed to save torch checkpoint (this is expected if using mocks in unit tests): Can't pickle <class 'unittest.mock.MagicMock'>: it's not the same object as unittest.mock.MagicMock
2026-06-17T17:52:50 | WARNING  | dapt.gates | 
!!!!!!!!!!!!!!!!!!!!!!!!!!!!!!!!!!!!!!!!!!!!!!!!!!!!!!!!!!!!
  HARD CAP reached — gates NOT fully met
  Failed gates: ['QA accuracy 0.0000 < threshold 0.55 (gap: 0.5500)', 'PPL plateau not reached (insufficient eval history)', 'Neither secondary gate met: term_cov=0.0000 (need >=0.8), ret_prec=0.0000 (need >=0.6)']
  Recommended action (Priority 1): CORPUS_QUALITY_AUDIT
  Rationale: QA accuracy is very low (0.0000 < 0.4) after 0.0 corpus passes. This strongly suggests insufficient high-signal content. Actions: (a) remove low-density boilerplate from corpus, (b) add more review articles and textbooks, (c) prefer PubMed Central full-text over abstracts-only.
  Risk report: logs\dapt_hard_cap_risk_report.json
!!!!!!!!!!!!!!!!!!!!!!!!!!!!!!!!!!!!!!!!!!!!!!!!!!!!!!!!!!!!

2026-06-17T17:52:50 | WARNING  | dapt.pipeline | DAPT completed without convergence. Non-convergence risk report generated.
2026-06-17T17:52:51 | INFO     | dapt.pipeline | 
============================================================
  DAPT Step 0.3 Configuration
============================================================
  Model           : dummy-model
  Corpus tokens   : 0.0B
  Max passes      : 1
  Hard stop       : 0.0B tokens
  Eval interval   : 0M tokens
  QA gate         : >= 55%
  PPL gate        : < 2.0% for 2 consecutive evals
  Term cov gate   : >= 80%
  Ret prec gate   : >= 60%
  Checkpoint dir  : C:\Users\rajav\AppData\Local\Temp\tmplz3sc9_1\out_model
  Log dir         : logs
============================================================

2026-06-17T17:52:51 | INFO     | dapt.pipeline | Initialized Weights & Biases run: 
2026-06-17T17:52:51 | INFO     | dapt.pipeline | Using device: cpu
2026-06-17T17:52:51 | INFO     | dapt.pipeline | Loading pretraining corpus from C:\Users\rajav\AppData\Local\Temp\tmplz3sc9_1\corpus.jsonl
2026-06-17T17:52:51 | INFO     | dapt.pipeline | Corpus split: 1 training docs, 2 validation docs.
2026-06-17T17:52:51 | INFO     | dapt.pipeline | Written validation split text to evals\dapt\ppl_held_out.txt for perplexity probe.
2026-06-17T17:52:51 | INFO     | dapt.pipeline | Tokenizing and chunking training documents...
2026-06-17T17:52:51 | INFO     | dapt.pipeline | Created 1 training blocks of size 512.
2026-06-17T17:52:51 | INFO     | dapt.pipeline | Running baseline evaluation on the base model...
2026-06-17T17:52:51 | INFO     | dapt.pipeline | Starting pretraining loop...
2026-06-17T17:52:51 | INFO     | dapt.pipeline | 
############################################################
  Corpus pass 1/1
############################################################
2026-06-17T17:52:51 | INFO     | dapt.pipeline | Completed corpus pass 1. Total tokens: 0.00B
2026-06-17T17:52:51 | WARNING  | dapt.pipeline | Training loop exhausted without a convergence decision. Running final gate check.
2026-06-17T17:52:51 | WARNING  | dapt.checkpoint | Failed to save torch checkpoint (this is expected if using mocks in unit tests): Can't pickle <class 'unittest.mock.MagicMock'>: it's not the same object as unittest.mock.MagicMock
2026-06-17T17:52:51 | WARNING  | dapt.gates | 
!!!!!!!!!!!!!!!!!!!!!!!!!!!!!!!!!!!!!!!!!!!!!!!!!!!!!!!!!!!!
  HARD CAP reached — gates NOT fully met
  Failed gates: ['QA accuracy 0.0000 < threshold 0.55 (gap: 0.5500)', 'PPL plateau not reached (insufficient eval history)', 'Neither secondary gate met: term_cov=0.0000 (need >=0.8), ret_prec=0.0000 (need >=0.6)']
  Recommended action (Priority 1): CORPUS_QUALITY_AUDIT
  Rationale: QA accuracy is very low (0.0000 < 0.4) after 0.0 corpus passes. This strongly suggests insufficient high-signal content. Actions: (a) remove low-density boilerplate from corpus, (b) add more review articles and textbooks, (c) prefer PubMed Central full-text over abstracts-only.
  Risk report: logs\dapt_hard_cap_risk_report.json
!!!!!!!!!!!!!!!!!!!!!!!!!!!!!!!!!!!!!!!!!!!!!!!!!!!!!!!!!!!!

2026-06-17T17:52:51 | WARNING  | dapt.pipeline | DAPT completed without convergence. Non-convergence risk report generated.
2026-06-17T17:53:18 | INFO     | dapt.pipeline | 
============================================================
  DAPT Step 0.3 Configuration
============================================================
  Model           : dummy-model
  Corpus tokens   : 0.0B
  Max passes      : 1
  Hard stop       : 0.0B tokens
  Eval interval   : 0M tokens
  QA gate         : >= 55%
  PPL gate        : < 2.0% for 2 consecutive evals
  Term cov gate   : >= 80%
  Ret prec gate   : >= 60%
  Checkpoint dir  : C:\Users\rajav\AppData\Local\Temp\tmpkqwol5xy\out_model
  Log dir         : logs
============================================================

2026-06-17T17:53:18 | INFO     | dapt.pipeline | Using device: cpu
2026-06-17T17:53:18 | INFO     | dapt.pipeline | Loading pretraining corpus from C:\Users\rajav\AppData\Local\Temp\tmpkqwol5xy\corpus.jsonl
2026-06-17T17:53:18 | INFO     | dapt.pipeline | Corpus split: 1 training docs, 2 validation docs.
2026-06-17T17:53:18 | INFO     | dapt.pipeline | Written validation split text to evals\dapt\ppl_held_out.txt for perplexity probe.
2026-06-17T17:53:18 | INFO     | dapt.pipeline | Tokenizing and chunking training documents...
2026-06-17T17:53:18 | INFO     | dapt.pipeline | Created 1 training blocks of size 512.
2026-06-17T17:53:18 | INFO     | dapt.pipeline | Running baseline evaluation on the base model...
2026-06-17T17:53:18 | INFO     | dapt.pipeline | Starting pretraining loop...
2026-06-17T17:53:18 | INFO     | dapt.pipeline | 
############################################################
  Corpus pass 1/1
############################################################
2026-06-17T17:53:18 | INFO     | dapt.pipeline | Completed corpus pass 1. Total tokens: 0.00B
2026-06-17T17:53:18 | WARNING  | dapt.pipeline | Training loop exhausted without a convergence decision. Running final gate check.
2026-06-17T17:53:18 | WARNING  | dapt.checkpoint | Failed to save torch checkpoint (this is expected if using mocks in unit tests): Can't pickle <class 'unittest.mock.MagicMock'>: it's not the same object as unittest.mock.MagicMock
2026-06-17T17:53:18 | WARNING  | dapt.gates | 
!!!!!!!!!!!!!!!!!!!!!!!!!!!!!!!!!!!!!!!!!!!!!!!!!!!!!!!!!!!!
  HARD CAP reached — gates NOT fully met
  Failed gates: ['QA accuracy 0.0000 < threshold 0.55 (gap: 0.5500)', 'PPL plateau not reached (insufficient eval history)', 'Neither secondary gate met: term_cov=0.0000 (need >=0.8), ret_prec=0.0000 (need >=0.6)']
  Recommended action (Priority 1): CORPUS_QUALITY_AUDIT
  Rationale: QA accuracy is very low (0.0000 < 0.4) after 0.0 corpus passes. This strongly suggests insufficient high-signal content. Actions: (a) remove low-density boilerplate from corpus, (b) add more review articles and textbooks, (c) prefer PubMed Central full-text over abstracts-only.
  Risk report: logs\dapt_hard_cap_risk_report.json
!!!!!!!!!!!!!!!!!!!!!!!!!!!!!!!!!!!!!!!!!!!!!!!!!!!!!!!!!!!!

2026-06-17T17:53:18 | WARNING  | dapt.pipeline | DAPT completed without convergence. Non-convergence risk report generated.
2026-06-17T17:53:19 | INFO     | dapt.pipeline | 
============================================================
  DAPT Step 0.3 Configuration
============================================================
  Model           : dummy-model
  Corpus tokens   : 0.0B
  Max passes      : 1
  Hard stop       : 0.0B tokens
  Eval interval   : 0M tokens
  QA gate         : >= 55%
  PPL gate        : < 2.0% for 2 consecutive evals
  Term cov gate   : >= 80%
  Ret prec gate   : >= 60%
  Checkpoint dir  : C:\Users\rajav\AppData\Local\Temp\tmpgehweaki\out_model
  Log dir         : logs
============================================================

2026-06-17T17:53:19 | INFO     | dapt.pipeline | Initialized Weights & Biases run: 
2026-06-17T17:53:19 | INFO     | dapt.pipeline | Using device: cpu
2026-06-17T17:53:19 | INFO     | dapt.pipeline | Loading pretraining corpus from C:\Users\rajav\AppData\Local\Temp\tmpgehweaki\corpus.jsonl
2026-06-17T17:53:19 | INFO     | dapt.pipeline | Corpus split: 1 training docs, 2 validation docs.
2026-06-17T17:53:19 | INFO     | dapt.pipeline | Written validation split text to evals\dapt\ppl_held_out.txt for perplexity probe.
2026-06-17T17:53:19 | INFO     | dapt.pipeline | Tokenizing and chunking training documents...
2026-06-17T17:53:19 | INFO     | dapt.pipeline | Created 1 training blocks of size 512.
2026-06-17T17:53:19 | INFO     | dapt.pipeline | Running baseline evaluation on the base model...
2026-06-17T17:53:19 | INFO     | dapt.pipeline | Starting pretraining loop...
2026-06-17T17:53:19 | INFO     | dapt.pipeline | 
############################################################
  Corpus pass 1/1
############################################################
2026-06-17T17:53:19 | INFO     | dapt.pipeline | Completed corpus pass 1. Total tokens: 0.00B
2026-06-17T17:53:19 | WARNING  | dapt.pipeline | Training loop exhausted without a convergence decision. Running final gate check.
2026-06-17T17:53:19 | WARNING  | dapt.checkpoint | Failed to save torch checkpoint (this is expected if using mocks in unit tests): Can't pickle <class 'unittest.mock.MagicMock'>: it's not the same object as unittest.mock.MagicMock
2026-06-17T17:53:19 | WARNING  | dapt.gates | 
!!!!!!!!!!!!!!!!!!!!!!!!!!!!!!!!!!!!!!!!!!!!!!!!!!!!!!!!!!!!
  HARD CAP reached — gates NOT fully met
  Failed gates: ['QA accuracy 0.0000 < threshold 0.55 (gap: 0.5500)', 'PPL plateau not reached (insufficient eval history)', 'Neither secondary gate met: term_cov=0.0000 (need >=0.8), ret_prec=0.0000 (need >=0.6)']
  Recommended action (Priority 1): CORPUS_QUALITY_AUDIT
  Rationale: QA accuracy is very low (0.0000 < 0.4) after 0.0 corpus passes. This strongly suggests insufficient high-signal content. Actions: (a) remove low-density boilerplate from corpus, (b) add more review articles and textbooks, (c) prefer PubMed Central full-text over abstracts-only.
  Risk report: logs\dapt_hard_cap_risk_report.json
!!!!!!!!!!!!!!!!!!!!!!!!!!!!!!!!!!!!!!!!!!!!!!!!!!!!!!!!!!!!

2026-06-17T17:53:19 | WARNING  | dapt.pipeline | DAPT completed without convergence. Non-convergence risk report generated.
2026-06-17T17:55:42 | INFO     | dapt.pipeline | 
============================================================
  DAPT Step 0.3 Configuration
============================================================
  Model           : HuggingFaceTB/SmolLM2-135M
  Corpus tokens   : 0.0B
  Max passes      : 3
  Hard stop       : 0.0B tokens
  Eval interval   : 0M tokens
  QA gate         : >= 55%
  PPL gate        : < 2.0% for 2 consecutive evals
  Term cov gate   : >= 80%
  Ret prec gate   : >= 60%
  Checkpoint dir  : models\checkpoints
  Log dir         : logs
============================================================

2026-06-17T17:55:42 | INFO     | dapt.pipeline | Using device: cpu
2026-06-17T17:55:44 | INFO     | dapt.pipeline | Loading pretraining corpus from E:\Projects\CND\Semantics\data\dapt\domain_dapt_corpus.jsonl
2026-06-17T17:55:44 | INFO     | dapt.pipeline | Corpus split: 137 training docs, 34 validation docs.
2026-06-17T17:55:44 | INFO     | dapt.pipeline | Written validation split text to evals\dapt\ppl_held_out.txt for perplexity probe.
2026-06-17T17:55:44 | INFO     | dapt.pipeline | Tokenizing and chunking training documents...
2026-06-17T17:55:45 | INFO     | dapt.pipeline | Created 2070 training blocks of size 512.
2026-06-17T17:55:45 | INFO     | dapt.pipeline | Running baseline evaluation on the base model...
2026-06-17T17:55:45 | INFO     | dapt.eval_runner | 
==============================================================
  Starting Eval #1 | Tokens: 0.00B | Pass: 0.000x
==============================================================
2026-06-17T17:55:45 | INFO     | dapt.eval_runner |   Running Probe B: Perplexity...
2026-06-17T17:55:45 | INFO     | dapt.probe.perplexity | Loading PPL corpus from: evals\dapt\ppl_held_out.txt (max 10.0M tokens)
2026-06-17T17:55:46 | INFO     | dapt.probe.perplexity | PPL corpus ready: 0.17M tokens, 334 sequences
2026-06-17T19:34:57 | INFO     | dapt.pipeline | 
============================================================
  DAPT Step 0.3 Configuration
============================================================
  Model           : dummy-model
  Corpus tokens   : 2000.0K
  Max passes      : 1
  Hard stop       : 2000.0K tokens
  Eval interval   : 50K tokens
  QA gate         : >= 55%
  PPL gate        : < 2.0% for 2 consecutive evals
  Term cov gate   : >= 80%
  Ret prec gate   : >= 60%
  Checkpoint dir  : C:\Users\rajav\AppData\Local\Temp\tmp0a4soqld\out_model
  Log dir         : logs
============================================================

2026-06-17T19:35:05 | INFO     | dapt.pipeline | Initialized Weights & Biases run: None
2026-06-17T19:35:05 | INFO     | dapt.pipeline | Using device: cpu
2026-06-17T19:35:05 | INFO     | dapt.pipeline | Loading pretraining corpus from C:\Users\rajav\AppData\Local\Temp\tmp0a4soqld\corpus.jsonl
2026-06-17T19:35:05 | INFO     | dapt.pipeline | Corpus split: 1 training docs, 2 validation docs.
2026-06-17T19:35:05 | INFO     | dapt.pipeline | Written validation split text to evals\dapt\ppl_held_out.txt for perplexity probe.
2026-06-17T19:35:05 | INFO     | dapt.pipeline | Tokenizing and chunking training documents...
2026-06-17T19:35:05 | INFO     | dapt.pipeline | Created 1 training blocks of size 512.
2026-06-17T19:35:05 | INFO     | dapt.pipeline | Running baseline evaluation on the base model...
2026-06-17T19:35:05 | INFO     | dapt.pipeline | Starting pretraining loop...
2026-06-17T19:35:05 | INFO     | dapt.pipeline | 
############################################################
  Corpus pass 1/1
############################################################
2026-06-17T19:35:05 | INFO     | dapt.pipeline | Completed corpus pass 1. Total tokens: 0.00B
2026-06-17T19:35:05 | WARNING  | dapt.pipeline | Training loop exhausted without a convergence decision. Running final gate check.
2026-06-17T19:35:05 | WARNING  | dapt.checkpoint | Failed to save torch checkpoint (this is expected if using mocks in unit tests): Can't pickle <class 'unittest.mock.MagicMock'>: it's not the same object as unittest.mock.MagicMock
2026-06-17T19:35:05 | WARNING  | dapt.gates | 
!!!!!!!!!!!!!!!!!!!!!!!!!!!!!!!!!!!!!!!!!!!!!!!!!!!!!!!!!!!!
  HARD CAP reached — gates NOT fully met
  Failed gates: ['QA accuracy 0.0000 < threshold 0.55 (gap: 0.5500)', 'PPL plateau not reached (insufficient eval history)', 'Neither secondary gate met: term_cov=0.0000 (need >=0.8), ret_prec=0.0000 (need >=0.6)']
  Recommended action (Priority 1): CORPUS_QUALITY_AUDIT
  Rationale: QA accuracy is very low (0.0000 < 0.4) after 0.0 corpus passes. This strongly suggests insufficient high-signal content. Actions: (a) remove low-density boilerplate from corpus, (b) add more review articles and textbooks, (c) prefer PubMed Central full-text over abstracts-only.
  Risk report: logs\dapt_hard_cap_risk_report.json
!!!!!!!!!!!!!!!!!!!!!!!!!!!!!!!!!!!!!!!!!!!!!!!!!!!!!!!!!!!!

2026-06-17T19:35:05 | WARNING  | dapt.pipeline | DAPT completed without convergence. Non-convergence risk report generated.
2026-06-17T19:35:07 | INFO     | dapt.pipeline | 
============================================================
  DAPT Step 0.3 Configuration
============================================================
  Model           : dummy-model
  Corpus tokens   : 2000.0K
  Max passes      : 1
  Hard stop       : 2000.0K tokens
  Eval interval   : 50K tokens
  QA gate         : >= 55%
  PPL gate        : < 2.0% for 2 consecutive evals
  Term cov gate   : >= 80%
  Ret prec gate   : >= 60%
  Checkpoint dir  : C:\Users\rajav\AppData\Local\Temp\tmpy19wesb3\out_model
  Log dir         : logs
============================================================

2026-06-17T19:35:07 | INFO     | dapt.pipeline | Initialized Weights & Biases run: 
2026-06-17T19:35:07 | INFO     | dapt.pipeline | Using device: cpu
2026-06-17T19:35:07 | INFO     | dapt.pipeline | Loading pretraining corpus from C:\Users\rajav\AppData\Local\Temp\tmpy19wesb3\corpus.jsonl
2026-06-17T19:35:07 | INFO     | dapt.pipeline | Corpus split: 1 training docs, 2 validation docs.
2026-06-17T19:35:07 | INFO     | dapt.pipeline | Written validation split text to evals\dapt\ppl_held_out.txt for perplexity probe.
2026-06-17T19:35:07 | INFO     | dapt.pipeline | Tokenizing and chunking training documents...
2026-06-17T19:35:07 | INFO     | dapt.pipeline | Created 1 training blocks of size 512.
2026-06-17T19:35:07 | INFO     | dapt.pipeline | Running baseline evaluation on the base model...
2026-06-17T19:35:07 | INFO     | dapt.pipeline | Starting pretraining loop...
2026-06-17T19:35:07 | INFO     | dapt.pipeline | 
############################################################
  Corpus pass 1/1
############################################################
2026-06-17T19:35:07 | INFO     | dapt.pipeline | Completed corpus pass 1. Total tokens: 0.00B
2026-06-17T19:35:07 | WARNING  | dapt.pipeline | Training loop exhausted without a convergence decision. Running final gate check.
2026-06-17T19:35:07 | WARNING  | dapt.checkpoint | Failed to save torch checkpoint (this is expected if using mocks in unit tests): Can't pickle <class 'unittest.mock.MagicMock'>: it's not the same object as unittest.mock.MagicMock
2026-06-17T19:35:07 | WARNING  | dapt.gates | 
!!!!!!!!!!!!!!!!!!!!!!!!!!!!!!!!!!!!!!!!!!!!!!!!!!!!!!!!!!!!
  HARD CAP reached — gates NOT fully met
  Failed gates: ['QA accuracy 0.0000 < threshold 0.55 (gap: 0.5500)', 'PPL plateau not reached (insufficient eval history)', 'Neither secondary gate met: term_cov=0.0000 (need >=0.8), ret_prec=0.0000 (need >=0.6)']
  Recommended action (Priority 1): CORPUS_QUALITY_AUDIT
  Rationale: QA accuracy is very low (0.0000 < 0.4) after 0.0 corpus passes. This strongly suggests insufficient high-signal content. Actions: (a) remove low-density boilerplate from corpus, (b) add more review articles and textbooks, (c) prefer PubMed Central full-text over abstracts-only.
  Risk report: logs\dapt_hard_cap_risk_report.json
!!!!!!!!!!!!!!!!!!!!!!!!!!!!!!!!!!!!!!!!!!!!!!!!!!!!!!!!!!!!

2026-06-17T19:35:07 | WARNING  | dapt.pipeline | DAPT completed without convergence. Non-convergence risk report generated.
2026-06-17T19:35:31 | INFO     | dapt.pipeline | 
============================================================
  DAPT Step 0.3 Configuration
============================================================
  Model           : dummy-model
  Corpus tokens   : 2000.0K
  Max passes      : 1
  Hard stop       : 2000.0K tokens
  Eval interval   : 50K tokens
  QA gate         : >= 55%
  PPL gate        : < 2.0% for 2 consecutive evals
  Term cov gate   : >= 80%
  Ret prec gate   : >= 60%
  Checkpoint dir  : C:\Users\rajav\AppData\Local\Temp\tmpg41ol9ih\out_model
  Log dir         : logs
============================================================

2026-06-17T19:35:38 | INFO     | dapt.pipeline | Initialized Weights & Biases run: None
2026-06-17T19:35:38 | INFO     | dapt.pipeline | Using device: cpu
2026-06-17T19:35:38 | INFO     | dapt.pipeline | Loading pretraining corpus from C:\Users\rajav\AppData\Local\Temp\tmpg41ol9ih\corpus.jsonl
2026-06-17T19:35:38 | INFO     | dapt.pipeline | Corpus split: 1 training docs, 2 validation docs.
2026-06-17T19:35:38 | INFO     | dapt.pipeline | Written validation split text to evals\dapt\ppl_held_out.txt for perplexity probe.
2026-06-17T19:35:38 | INFO     | dapt.pipeline | Tokenizing and chunking training documents...
2026-06-17T19:35:38 | INFO     | dapt.pipeline | Created 1 training blocks of size 512.
2026-06-17T19:35:38 | INFO     | dapt.pipeline | Running baseline evaluation on the base model...
2026-06-17T19:35:38 | INFO     | dapt.pipeline | Starting pretraining loop...
2026-06-17T19:35:38 | INFO     | dapt.pipeline | 
############################################################
  Corpus pass 1/1
############################################################
2026-06-17T19:35:38 | INFO     | dapt.pipeline | Completed corpus pass 1. Total tokens: 0.00B
2026-06-17T19:35:38 | WARNING  | dapt.pipeline | Training loop exhausted without a convergence decision. Running final gate check.
2026-06-17T19:35:38 | WARNING  | dapt.checkpoint | Failed to save torch checkpoint (this is expected if using mocks in unit tests): Can't pickle <class 'unittest.mock.MagicMock'>: it's not the same object as unittest.mock.MagicMock
2026-06-17T19:35:38 | WARNING  | dapt.gates | 
!!!!!!!!!!!!!!!!!!!!!!!!!!!!!!!!!!!!!!!!!!!!!!!!!!!!!!!!!!!!
  HARD CAP reached — gates NOT fully met
  Failed gates: ['QA accuracy 0.0000 < threshold 0.55 (gap: 0.5500)', 'PPL plateau not reached (insufficient eval history)', 'Neither secondary gate met: term_cov=0.0000 (need >=0.8), ret_prec=0.0000 (need >=0.6)']
  Recommended action (Priority 1): CORPUS_QUALITY_AUDIT
  Rationale: QA accuracy is very low (0.0000 < 0.4) after 0.0 corpus passes. This strongly suggests insufficient high-signal content. Actions: (a) remove low-density boilerplate from corpus, (b) add more review articles and textbooks, (c) prefer PubMed Central full-text over abstracts-only.
  Risk report: logs\dapt_hard_cap_risk_report.json
!!!!!!!!!!!!!!!!!!!!!!!!!!!!!!!!!!!!!!!!!!!!!!!!!!!!!!!!!!!!

2026-06-17T19:35:38 | WARNING  | dapt.pipeline | DAPT completed without convergence. Non-convergence risk report generated.
2026-06-17T19:35:40 | INFO     | dapt.pipeline | 
============================================================
  DAPT Step 0.3 Configuration
============================================================
  Model           : dummy-model
  Corpus tokens   : 2000.0K
  Max passes      : 1
  Hard stop       : 2000.0K tokens
  Eval interval   : 50K tokens
  QA gate         : >= 55%
  PPL gate        : < 2.0% for 2 consecutive evals
  Term cov gate   : >= 80%
  Ret prec gate   : >= 60%
  Checkpoint dir  : C:\Users\rajav\AppData\Local\Temp\tmpbrtrsbr3\out_model
  Log dir         : logs
============================================================

2026-06-17T19:35:40 | INFO     | dapt.pipeline | Initialized Weights & Biases run: 
2026-06-17T19:35:40 | INFO     | dapt.pipeline | Using device: cpu
2026-06-17T19:35:40 | INFO     | dapt.pipeline | Loading pretraining corpus from C:\Users\rajav\AppData\Local\Temp\tmpbrtrsbr3\corpus.jsonl
2026-06-17T19:35:40 | INFO     | dapt.pipeline | Corpus split: 1 training docs, 2 validation docs.
2026-06-17T19:35:40 | INFO     | dapt.pipeline | Written validation split text to evals\dapt\ppl_held_out.txt for perplexity probe.
2026-06-17T19:35:40 | INFO     | dapt.pipeline | Tokenizing and chunking training documents...
2026-06-17T19:35:40 | INFO     | dapt.pipeline | Created 1 training blocks of size 512.
2026-06-17T19:35:40 | INFO     | dapt.pipeline | Running baseline evaluation on the base model...
2026-06-17T19:35:40 | INFO     | dapt.pipeline | Starting pretraining loop...
2026-06-17T19:35:40 | INFO     | dapt.pipeline | 
############################################################
  Corpus pass 1/1
############################################################
2026-06-17T19:35:40 | INFO     | dapt.pipeline | Completed corpus pass 1. Total tokens: 0.00B
2026-06-17T19:35:40 | WARNING  | dapt.pipeline | Training loop exhausted without a convergence decision. Running final gate check.
2026-06-17T19:35:40 | WARNING  | dapt.checkpoint | Failed to save torch checkpoint (this is expected if using mocks in unit tests): Can't pickle <class 'unittest.mock.MagicMock'>: it's not the same object as unittest.mock.MagicMock
2026-06-17T19:35:40 | WARNING  | dapt.gates | 
!!!!!!!!!!!!!!!!!!!!!!!!!!!!!!!!!!!!!!!!!!!!!!!!!!!!!!!!!!!!
  HARD CAP reached — gates NOT fully met
  Failed gates: ['QA accuracy 0.0000 < threshold 0.55 (gap: 0.5500)', 'PPL plateau not reached (insufficient eval history)', 'Neither secondary gate met: term_cov=0.0000 (need >=0.8), ret_prec=0.0000 (need >=0.6)']
  Recommended action (Priority 1): CORPUS_QUALITY_AUDIT
  Rationale: QA accuracy is very low (0.0000 < 0.4) after 0.0 corpus passes. This strongly suggests insufficient high-signal content. Actions: (a) remove low-density boilerplate from corpus, (b) add more review articles and textbooks, (c) prefer PubMed Central full-text over abstracts-only.
  Risk report: logs\dapt_hard_cap_risk_report.json
!!!!!!!!!!!!!!!!!!!!!!!!!!!!!!!!!!!!!!!!!!!!!!!!!!!!!!!!!!!!

2026-06-17T19:35:40 | WARNING  | dapt.pipeline | DAPT completed without convergence. Non-convergence risk report generated.
2026-06-17T19:36:04 | INFO     | dapt.pipeline | 
============================================================
  DAPT Step 0.3 Configuration
============================================================
  Model           : dummy-model
  Corpus tokens   : 2000.0K
  Max passes      : 1
  Hard stop       : 2000.0K tokens
  Eval interval   : 50K tokens
  QA gate         : >= 55%
  PPL gate        : < 2.0% for 2 consecutive evals
  Term cov gate   : >= 80%
  Ret prec gate   : >= 60%
  Checkpoint dir  : C:\Users\rajav\AppData\Local\Temp\tmpqzpnjcxb\out_model
  Log dir         : logs
============================================================

2026-06-17T19:36:12 | INFO     | dapt.pipeline | Initialized Weights & Biases run: None
2026-06-17T19:36:12 | INFO     | dapt.pipeline | Using device: cpu
2026-06-17T19:36:12 | INFO     | dapt.pipeline | Loading pretraining corpus from C:\Users\rajav\AppData\Local\Temp\tmpqzpnjcxb\corpus.jsonl
2026-06-17T19:36:12 | INFO     | dapt.pipeline | Corpus split: 1 training docs, 2 validation docs.
2026-06-17T19:36:12 | INFO     | dapt.pipeline | Written validation split text to C:\Users\rajav\AppData\Local\Temp\tmpqzpnjcxb\ppl_held_out.txt for perplexity probe.
2026-06-17T19:36:12 | INFO     | dapt.pipeline | Tokenizing and chunking training documents...
2026-06-17T19:36:12 | INFO     | dapt.pipeline | Created 1 training blocks of size 512.
2026-06-17T19:36:12 | INFO     | dapt.pipeline | Running baseline evaluation on the base model...
2026-06-17T19:36:12 | INFO     | dapt.pipeline | Starting pretraining loop...
2026-06-17T19:36:12 | INFO     | dapt.pipeline | 
############################################################
  Corpus pass 1/1
############################################################
2026-06-17T19:36:12 | INFO     | dapt.pipeline | Completed corpus pass 1. Total tokens: 0.00B
2026-06-17T19:36:12 | WARNING  | dapt.pipeline | Training loop exhausted without a convergence decision. Running final gate check.
2026-06-17T19:36:12 | WARNING  | dapt.checkpoint | Failed to save torch checkpoint (this is expected if using mocks in unit tests): Can't pickle <class 'unittest.mock.MagicMock'>: it's not the same object as unittest.mock.MagicMock
2026-06-17T19:36:12 | WARNING  | dapt.gates | 
!!!!!!!!!!!!!!!!!!!!!!!!!!!!!!!!!!!!!!!!!!!!!!!!!!!!!!!!!!!!
  HARD CAP reached — gates NOT fully met
  Failed gates: ['QA accuracy 0.0000 < threshold 0.55 (gap: 0.5500)', 'PPL plateau not reached (insufficient eval history)', 'Neither secondary gate met: term_cov=0.0000 (need >=0.8), ret_prec=0.0000 (need >=0.6)']
  Recommended action (Priority 1): CORPUS_QUALITY_AUDIT
  Rationale: QA accuracy is very low (0.0000 < 0.4) after 0.0 corpus passes. This strongly suggests insufficient high-signal content. Actions: (a) remove low-density boilerplate from corpus, (b) add more review articles and textbooks, (c) prefer PubMed Central full-text over abstracts-only.
  Risk report: logs\dapt_hard_cap_risk_report.json
!!!!!!!!!!!!!!!!!!!!!!!!!!!!!!!!!!!!!!!!!!!!!!!!!!!!!!!!!!!!

2026-06-17T19:36:12 | WARNING  | dapt.pipeline | DAPT completed without convergence. Non-convergence risk report generated.
2026-06-17T19:36:14 | INFO     | dapt.pipeline | 
============================================================
  DAPT Step 0.3 Configuration
============================================================
  Model           : dummy-model
  Corpus tokens   : 2000.0K
  Max passes      : 1
  Hard stop       : 2000.0K tokens
  Eval interval   : 50K tokens
  QA gate         : >= 55%
  PPL gate        : < 2.0% for 2 consecutive evals
  Term cov gate   : >= 80%
  Ret prec gate   : >= 60%
  Checkpoint dir  : C:\Users\rajav\AppData\Local\Temp\tmpil4tkbe6\out_model
  Log dir         : logs
============================================================

2026-06-17T19:36:14 | INFO     | dapt.pipeline | Initialized Weights & Biases run: 
2026-06-17T19:36:14 | INFO     | dapt.pipeline | Using device: cpu
2026-06-17T19:36:14 | INFO     | dapt.pipeline | Loading pretraining corpus from C:\Users\rajav\AppData\Local\Temp\tmpil4tkbe6\corpus.jsonl
2026-06-17T19:36:14 | INFO     | dapt.pipeline | Corpus split: 1 training docs, 2 validation docs.
2026-06-17T19:36:14 | INFO     | dapt.pipeline | Written validation split text to C:\Users\rajav\AppData\Local\Temp\tmpil4tkbe6\ppl_held_out.txt for perplexity probe.
2026-06-17T19:36:14 | INFO     | dapt.pipeline | Tokenizing and chunking training documents...
2026-06-17T19:36:14 | INFO     | dapt.pipeline | Created 1 training blocks of size 512.
2026-06-17T19:36:14 | INFO     | dapt.pipeline | Running baseline evaluation on the base model...
2026-06-17T19:36:14 | INFO     | dapt.pipeline | Starting pretraining loop...
2026-06-17T19:36:14 | INFO     | dapt.pipeline | 
############################################################
  Corpus pass 1/1
############################################################
2026-06-17T19:36:14 | INFO     | dapt.pipeline | Completed corpus pass 1. Total tokens: 0.00B
2026-06-17T19:36:14 | WARNING  | dapt.pipeline | Training loop exhausted without a convergence decision. Running final gate check.
2026-06-17T19:36:14 | WARNING  | dapt.checkpoint | Failed to save torch checkpoint (this is expected if using mocks in unit tests): Can't pickle <class 'unittest.mock.MagicMock'>: it's not the same object as unittest.mock.MagicMock
2026-06-17T19:36:14 | WARNING  | dapt.gates | 
!!!!!!!!!!!!!!!!!!!!!!!!!!!!!!!!!!!!!!!!!!!!!!!!!!!!!!!!!!!!
  HARD CAP reached — gates NOT fully met
  Failed gates: ['QA accuracy 0.0000 < threshold 0.55 (gap: 0.5500)', 'PPL plateau not reached (insufficient eval history)', 'Neither secondary gate met: term_cov=0.0000 (need >=0.8), ret_prec=0.0000 (need >=0.6)']
  Recommended action (Priority 1): CORPUS_QUALITY_AUDIT
  Rationale: QA accuracy is very low (0.0000 < 0.4) after 0.0 corpus passes. This strongly suggests insufficient high-signal content. Actions: (a) remove low-density boilerplate from corpus, (b) add more review articles and textbooks, (c) prefer PubMed Central full-text over abstracts-only.
  Risk report: logs\dapt_hard_cap_risk_report.json
!!!!!!!!!!!!!!!!!!!!!!!!!!!!!!!!!!!!!!!!!!!!!!!!!!!!!!!!!!!!

2026-06-17T19:36:14 | WARNING  | dapt.pipeline | DAPT completed without convergence. Non-convergence risk report generated.
2026-06-17T19:36:14 | INFO     | dapt.pipeline | 
============================================================
  DAPT Step 0.3 Configuration
============================================================
  Model           : dummy-model
  Corpus tokens   : 2000.0K
  Max passes      : 1
  Hard stop       : 2000.0K tokens
  Eval interval   : 50K tokens
  QA gate         : >= 55%
  PPL gate        : < 2.0% for 2 consecutive evals
  Term cov gate   : >= 80%
  Ret prec gate   : >= 60%
  Checkpoint dir  : C:\Users\rajav\AppData\Local\Temp\tmp7e1j3mxq\out_model
  Log dir         : logs
============================================================

2026-06-17T19:36:16 | INFO     | dapt.pipeline | Initialized Weights & Biases run: None
2026-06-17T19:36:16 | INFO     | dapt.pipeline | Using device: cpu
2026-06-17T19:36:16 | ERROR    | dapt.pipeline | Required evaluation files are missing:
PPL corpus file not found: C:\Users\rajav\AppData\Local\Temp\tmp7e1j3mxq\missing_ppl.txt
Vocab cloze file not found: C:\Users\rajav\AppData\Local\Temp\tmp7e1j3mxq\missing_vocab.json
Anatomical prompts file not found: C:\Users\rajav\AppData\Local\Temp\tmp7e1j3mxq\missing_prompts.json
Anatomical references file not found: C:\Users\rajav\AppData\Local\Temp\tmp7e1j3mxq\missing_references.json
2026-06-17T19:37:08 | INFO     | dapt.pipeline | 
============================================================
  DAPT Step 0.3 Configuration
============================================================
  Model           : HuggingFaceTB/SmolLM2-135M
  Corpus tokens   : 2000.0K
  Max passes      : 3
  Hard stop       : 6000.0K tokens
  Eval interval   : 50K tokens
  QA gate         : >= 55%
  PPL gate        : < 2.0% for 2 consecutive evals
  Term cov gate   : >= 80%
  Ret prec gate   : >= 60%
  Checkpoint dir  : models\checkpoints
  Log dir         : logs
============================================================

2026-06-17T19:37:14 | INFO     | dapt.pipeline | Initialized Weights & Biases run: None
2026-06-17T19:37:14 | INFO     | dapt.pipeline | Using device: cpu
2026-06-17T19:37:16 | INFO     | dapt.pipeline | Loading pretraining corpus from E:\Projects\CND\Semantics\data\dapt\domain_dapt_corpus.jsonl
2026-06-17T19:37:16 | INFO     | dapt.pipeline | Corpus split: 137 training docs, 34 validation docs.
2026-06-17T19:37:16 | INFO     | dapt.pipeline | Written validation split text to evals\dapt\ppl_held_out.txt for perplexity probe.
2026-06-17T19:37:16 | INFO     | dapt.pipeline | Tokenizing and chunking training documents...
2026-06-17T19:37:18 | INFO     | dapt.pipeline | Created 2070 training blocks of size 512.
2026-06-17T19:37:18 | INFO     | dapt.pipeline | Running baseline evaluation on the base model...
2026-06-17T19:37:18 | INFO     | dapt.eval_runner | 
==============================================================
  Starting Eval #1 | Tokens: 0.0K | Pass: 0.000x
==============================================================
2026-06-17T19:37:18 | INFO     | dapt.eval_runner |   Running Probe 1: Perplexity...
2026-06-17T19:37:18 | INFO     | dapt.probe.perplexity | Loading PPL corpus from: evals\dapt\ppl_held_out.txt (max 10.0M tokens)
2026-06-17T19:37:18 | INFO     | dapt.probe.perplexity | PPL corpus ready: 0.17M tokens, 334 sequences
2026-06-17T19:40:55 | INFO     | dapt.probe.perplexity | Probe B — Perplexity: 14.1027  (NLL: 2.6464 nats, tokens: 171008)
2026-06-17T19:40:55 | INFO     | dapt.eval_runner |   Running Probe 2: QA Accuracy...
2026-06-17T19:41:19 | INFO     | dapt.probe.qa | Probe A — QA Accuracy: 0.3333 (17/51)
2026-06-17T19:41:19 | INFO     | dapt.eval_runner |   Running Probe 3: Terminology Coverage...
2026-06-17T19:41:34 | INFO     | dapt.probe.terminology | Probe C — Terminology Coverage: 0.0000 (0/51)
  Per-category: {'anatomy': 0.0, 'cognitive_psychology': 0.0}
  Sample missed terms: ['hippocampus', 'hippocampus', 'hippocampus', 'amygdala', 'amygdala', 'amygdala', 'striatum', 'striatum', 'striatum', 'prefrontal']
2026-06-17T19:41:34 | INFO     | dapt.eval_runner |   Running Probe 4: Retrieval Precision (BERTScore)...
2026-06-17T19:41:34 | INFO     | dapt.probe.retrieval | Generating 5 anatomical responses (greedy)...
2026-06-17T19:41:55 | INFO     | dapt.probe.retrieval | Computing BERTScore with model: allenai/scibert_scivocab_uncased
2026-06-17T19:41:57 | WARNING  | dapt.probe.retrieval | BERTScore computation failed or not supported in this environment: The expanded size of the tensor (4228) must match the existing size (512) at non-singleton dimension 1.  Target sizes: [10, 4228].  Tensor sizes: [1, 512]. Falling back to dummy F1 scores.
2026-06-17T19:41:57 | INFO     | dapt.probe.retrieval | Probe D — Retrieval Precision: 0.5000 (min=0.500, max=0.500, n=5, low-scoring=0)
2026-06-17T19:41:57 | INFO     | dapt.eval_runner | 
  Eval #1 summary:
    PPL=14.103  QA=0.333  Term=0.000  Ret=0.500  (elapsed: 279s)

2026-06-17T19:41:57 | INFO     | dapt.pipeline | Starting pretraining loop...
2026-06-17T19:41:57 | INFO     | dapt.pipeline | 
############################################################
  Corpus pass 1/3
############################################################
2026-06-17T19:49:32 | INFO     | dapt.pipeline | 
============================================================
  DAPT Step 0.3 Configuration
============================================================
  Model           : dummy-model
  Corpus tokens   : 2000.0K
  Max passes      : 1
  Hard stop       : 2000.0K tokens
  Eval interval   : 50K tokens
  QA gate         : >= 55%
  PPL gate        : < 2.0% for 2 consecutive evals
  Term cov gate   : >= 80%
  Ret prec gate   : >= 60%
  Checkpoint dir  : C:\Users\rajav\AppData\Local\Temp\tmpaldvab5d\out_model
  Log dir         : logs
============================================================

2026-06-17T19:49:39 | INFO     | dapt.pipeline | Initialized Weights & Biases run: None
2026-06-17T19:49:39 | INFO     | dapt.pipeline | Using device: cpu
2026-06-17T19:49:39 | INFO     | dapt.pipeline | Loading pretraining corpus from C:\Users\rajav\AppData\Local\Temp\tmpaldvab5d\corpus.jsonl
2026-06-17T19:49:39 | INFO     | dapt.pipeline | Corpus split: 1 training docs, 2 validation docs.
2026-06-17T19:49:39 | INFO     | dapt.pipeline | Written validation split text to C:\Users\rajav\AppData\Local\Temp\tmpaldvab5d\ppl_held_out.txt for perplexity probe.
2026-06-17T19:49:39 | INFO     | dapt.pipeline | Tokenizing and chunking training documents...
2026-06-17T19:49:39 | INFO     | dapt.pipeline | Created 1 training blocks of size 512.
2026-06-17T19:49:39 | INFO     | dapt.pipeline | Running baseline evaluation on the base model...
2026-06-17T19:49:39 | INFO     | dapt.pipeline | Starting pretraining loop...
2026-06-17T19:49:39 | INFO     | dapt.pipeline | 
############################################################
  Corpus pass 1/1
############################################################
2026-06-17T19:49:39 | INFO     | dapt.pipeline | Completed corpus pass 1. Total tokens: 0.00B
2026-06-17T19:49:39 | WARNING  | dapt.pipeline | Training loop exhausted without a convergence decision. Running final gate check.
2026-06-17T19:49:39 | WARNING  | dapt.checkpoint | Failed to save torch checkpoint (this is expected if using mocks in unit tests): Can't pickle <class 'unittest.mock.MagicMock'>: it's not the same object as unittest.mock.MagicMock
2026-06-17T19:49:39 | WARNING  | dapt.gates | 
!!!!!!!!!!!!!!!!!!!!!!!!!!!!!!!!!!!!!!!!!!!!!!!!!!!!!!!!!!!!
  HARD CAP reached — gates NOT fully met
  Failed gates: ['QA accuracy 0.0000 < threshold 0.55 (gap: 0.5500)', 'PPL plateau not reached (insufficient eval history)', 'Neither secondary gate met: term_cov=0.0000 (need >=0.8), ret_prec=0.0000 (need >=0.6)']
  Recommended action (Priority 1): CORPUS_QUALITY_AUDIT
  Rationale: QA accuracy is very low (0.0000 < 0.4) after 0.0 corpus passes. This strongly suggests insufficient high-signal content. Actions: (a) remove low-density boilerplate from corpus, (b) add more review articles and textbooks, (c) prefer PubMed Central full-text over abstracts-only.
  Risk report: logs\dapt_hard_cap_risk_report.json
!!!!!!!!!!!!!!!!!!!!!!!!!!!!!!!!!!!!!!!!!!!!!!!!!!!!!!!!!!!!

2026-06-17T19:49:39 | WARNING  | dapt.pipeline | DAPT completed without convergence. Non-convergence risk report generated.
2026-06-17T19:49:42 | INFO     | dapt.pipeline | 
============================================================
  DAPT Step 0.3 Configuration
============================================================
  Model           : dummy-model
  Corpus tokens   : 2000.0K
  Max passes      : 1
  Hard stop       : 2000.0K tokens
  Eval interval   : 50K tokens
  QA gate         : >= 55%
  PPL gate        : < 2.0% for 2 consecutive evals
  Term cov gate   : >= 80%
  Ret prec gate   : >= 60%
  Checkpoint dir  : C:\Users\rajav\AppData\Local\Temp\tmp0glwkdv0\out_model
  Log dir         : logs
============================================================

2026-06-17T19:49:42 | INFO     | dapt.pipeline | Initialized Weights & Biases run: 
2026-06-17T19:49:42 | INFO     | dapt.pipeline | Using device: cpu
2026-06-17T19:49:42 | INFO     | dapt.pipeline | Loading pretraining corpus from C:\Users\rajav\AppData\Local\Temp\tmp0glwkdv0\corpus.jsonl
2026-06-17T19:49:42 | INFO     | dapt.pipeline | Corpus split: 1 training docs, 2 validation docs.
2026-06-17T19:49:42 | INFO     | dapt.pipeline | Written validation split text to C:\Users\rajav\AppData\Local\Temp\tmp0glwkdv0\ppl_held_out.txt for perplexity probe.
2026-06-17T19:49:42 | INFO     | dapt.pipeline | Tokenizing and chunking training documents...
2026-06-17T19:49:42 | INFO     | dapt.pipeline | Created 1 training blocks of size 512.
2026-06-17T19:49:42 | INFO     | dapt.pipeline | Running baseline evaluation on the base model...
2026-06-17T19:49:42 | INFO     | dapt.pipeline | Starting pretraining loop...
2026-06-17T19:49:42 | INFO     | dapt.pipeline | 
############################################################
  Corpus pass 1/1
############################################################
2026-06-17T19:49:42 | INFO     | dapt.pipeline | Completed corpus pass 1. Total tokens: 0.00B
2026-06-17T19:49:42 | WARNING  | dapt.pipeline | Training loop exhausted without a convergence decision. Running final gate check.
2026-06-17T19:49:42 | WARNING  | dapt.checkpoint | Failed to save torch checkpoint (this is expected if using mocks in unit tests): Can't pickle <class 'unittest.mock.MagicMock'>: it's not the same object as unittest.mock.MagicMock
2026-06-17T19:49:42 | WARNING  | dapt.gates | 
!!!!!!!!!!!!!!!!!!!!!!!!!!!!!!!!!!!!!!!!!!!!!!!!!!!!!!!!!!!!
  HARD CAP reached — gates NOT fully met
  Failed gates: ['QA accuracy 0.0000 < threshold 0.55 (gap: 0.5500)', 'PPL plateau not reached (insufficient eval history)', 'Neither secondary gate met: term_cov=0.0000 (need >=0.8), ret_prec=0.0000 (need >=0.6)']
  Recommended action (Priority 1): CORPUS_QUALITY_AUDIT
  Rationale: QA accuracy is very low (0.0000 < 0.4) after 0.0 corpus passes. This strongly suggests insufficient high-signal content. Actions: (a) remove low-density boilerplate from corpus, (b) add more review articles and textbooks, (c) prefer PubMed Central full-text over abstracts-only.
  Risk report: logs\dapt_hard_cap_risk_report.json
!!!!!!!!!!!!!!!!!!!!!!!!!!!!!!!!!!!!!!!!!!!!!!!!!!!!!!!!!!!!

2026-06-17T19:49:42 | WARNING  | dapt.pipeline | DAPT completed without convergence. Non-convergence risk report generated.
2026-06-17T19:49:42 | INFO     | dapt.pipeline | 
============================================================
  DAPT Step 0.3 Configuration
============================================================
  Model           : dummy-model
  Corpus tokens   : 2000.0K
  Max passes      : 1
  Hard stop       : 2000.0K tokens
  Eval interval   : 50K tokens
  QA gate         : >= 55%
  PPL gate        : < 2.0% for 2 consecutive evals
  Term cov gate   : >= 80%
  Ret prec gate   : >= 60%
  Checkpoint dir  : C:\Users\rajav\AppData\Local\Temp\tmpteyv87kk\out_model
  Log dir         : logs
============================================================

2026-06-17T19:49:44 | INFO     | dapt.pipeline | Initialized Weights & Biases run: None
2026-06-17T19:49:44 | INFO     | dapt.pipeline | Using device: cpu
2026-06-17T19:49:44 | ERROR    | dapt.pipeline | Required evaluation files are missing:
PPL corpus file not found: C:\Users\rajav\AppData\Local\Temp\tmpteyv87kk\missing_ppl.txt
Vocab cloze file not found: C:\Users\rajav\AppData\Local\Temp\tmpteyv87kk\missing_vocab.json
Anatomical prompts file not found: C:\Users\rajav\AppData\Local\Temp\tmpteyv87kk\missing_prompts.json
Anatomical references file not found: C:\Users\rajav\AppData\Local\Temp\tmpteyv87kk\missing_references.json
2026-06-17T19:51:10 | INFO     | dapt.pipeline | 
============================================================
  DAPT Step 0.3 Configuration
============================================================
  Model           : dummy-model
  Corpus tokens   : 2000.0K
  Max passes      : 1
  Hard stop       : 2000.0K tokens
  Eval interval   : 50K tokens
  QA gate         : >= 55%
  PPL gate        : < 2.0% for 2 consecutive evals
  Term cov gate   : >= 80%
  Ret prec gate   : >= 60%
  Checkpoint dir  : C:\Users\rajav\AppData\Local\Temp\tmp9lquratm\out_model
  Log dir         : logs
============================================================

2026-06-17T19:51:17 | INFO     | dapt.pipeline | Initialized Weights & Biases run: None
2026-06-17T19:51:17 | INFO     | dapt.pipeline | Using device: cpu
2026-06-17T19:51:17 | INFO     | dapt.pipeline | Loading pretraining corpus from C:\Users\rajav\AppData\Local\Temp\tmp9lquratm\corpus.jsonl
2026-06-17T19:51:17 | INFO     | dapt.pipeline | Corpus split: 1 training docs, 2 validation docs.
2026-06-17T19:51:17 | INFO     | dapt.pipeline | Written validation split text to C:\Users\rajav\AppData\Local\Temp\tmp9lquratm\ppl_held_out.txt for perplexity probe.
2026-06-17T19:51:17 | INFO     | dapt.pipeline | Tokenizing and chunking training documents...
2026-06-17T19:51:17 | INFO     | dapt.pipeline | Created 1 training blocks of size 512.
2026-06-17T19:51:17 | INFO     | dapt.pipeline | Running baseline evaluation on the base model...
2026-06-17T19:51:17 | INFO     | dapt.pipeline | Starting pretraining loop...
2026-06-17T19:51:17 | INFO     | dapt.pipeline | 
############################################################
  Corpus pass 1/1
############################################################
2026-06-17T19:51:17 | INFO     | dapt.pipeline | Completed corpus pass 1. Total tokens: 0.00B
2026-06-17T19:51:17 | WARNING  | dapt.pipeline | Training loop exhausted without a convergence decision. Running final gate check.
2026-06-17T19:51:17 | WARNING  | dapt.checkpoint | Failed to save torch checkpoint (this is expected if using mocks in unit tests): Can't pickle <class 'unittest.mock.MagicMock'>: it's not the same object as unittest.mock.MagicMock
2026-06-17T19:51:17 | WARNING  | dapt.gates | 
!!!!!!!!!!!!!!!!!!!!!!!!!!!!!!!!!!!!!!!!!!!!!!!!!!!!!!!!!!!!
  HARD CAP reached — gates NOT fully met
  Failed gates: ['QA accuracy 0.0000 < threshold 0.55 (gap: 0.5500)', 'PPL plateau not reached (insufficient eval history)', 'Neither secondary gate met: term_cov=0.0000 (need >=0.8), ret_prec=0.0000 (need >=0.6)']
  Recommended action (Priority 1): CORPUS_QUALITY_AUDIT
  Rationale: QA accuracy is very low (0.0000 < 0.4) after 0.0 corpus passes. This strongly suggests insufficient high-signal content. Actions: (a) remove low-density boilerplate from corpus, (b) add more review articles and textbooks, (c) prefer PubMed Central full-text over abstracts-only.
  Risk report: logs\dapt_hard_cap_risk_report.json
!!!!!!!!!!!!!!!!!!!!!!!!!!!!!!!!!!!!!!!!!!!!!!!!!!!!!!!!!!!!

2026-06-17T19:51:17 | WARNING  | dapt.pipeline | DAPT completed without convergence. Non-convergence risk report generated.
2026-06-17T19:51:20 | INFO     | dapt.pipeline | 
============================================================
  DAPT Step 0.3 Configuration
============================================================
  Model           : dummy-model
  Corpus tokens   : 2000.0K
  Max passes      : 1
  Hard stop       : 2000.0K tokens
  Eval interval   : 50K tokens
  QA gate         : >= 55%
  PPL gate        : < 2.0% for 2 consecutive evals
  Term cov gate   : >= 80%
  Ret prec gate   : >= 60%
  Checkpoint dir  : C:\Users\rajav\AppData\Local\Temp\tmp0ld_a6gy\out_model
  Log dir         : logs
============================================================

2026-06-17T19:51:20 | INFO     | dapt.pipeline | Initialized Weights & Biases run: 
2026-06-17T19:51:20 | INFO     | dapt.pipeline | Using device: cpu
2026-06-17T19:51:20 | INFO     | dapt.pipeline | Loading pretraining corpus from C:\Users\rajav\AppData\Local\Temp\tmp0ld_a6gy\corpus.jsonl
2026-06-17T19:51:20 | INFO     | dapt.pipeline | Corpus split: 1 training docs, 2 validation docs.
2026-06-17T19:51:20 | INFO     | dapt.pipeline | Written validation split text to C:\Users\rajav\AppData\Local\Temp\tmp0ld_a6gy\ppl_held_out.txt for perplexity probe.
2026-06-17T19:51:20 | INFO     | dapt.pipeline | Tokenizing and chunking training documents...
2026-06-17T19:51:20 | INFO     | dapt.pipeline | Created 1 training blocks of size 512.
2026-06-17T19:51:20 | INFO     | dapt.pipeline | Running baseline evaluation on the base model...
2026-06-17T19:51:20 | INFO     | dapt.pipeline | Starting pretraining loop...
2026-06-17T19:51:20 | INFO     | dapt.pipeline | 
############################################################
  Corpus pass 1/1
############################################################
2026-06-17T19:51:20 | INFO     | dapt.pipeline | Completed corpus pass 1. Total tokens: 0.00B
2026-06-17T19:51:20 | WARNING  | dapt.pipeline | Training loop exhausted without a convergence decision. Running final gate check.
2026-06-17T19:51:20 | WARNING  | dapt.checkpoint | Failed to save torch checkpoint (this is expected if using mocks in unit tests): Can't pickle <class 'unittest.mock.MagicMock'>: it's not the same object as unittest.mock.MagicMock
2026-06-17T19:51:20 | WARNING  | dapt.gates | 
!!!!!!!!!!!!!!!!!!!!!!!!!!!!!!!!!!!!!!!!!!!!!!!!!!!!!!!!!!!!
  HARD CAP reached — gates NOT fully met
  Failed gates: ['QA accuracy 0.0000 < threshold 0.55 (gap: 0.5500)', 'PPL plateau not reached (insufficient eval history)', 'Neither secondary gate met: term_cov=0.0000 (need >=0.8), ret_prec=0.0000 (need >=0.6)']
  Recommended action (Priority 1): CORPUS_QUALITY_AUDIT
  Rationale: QA accuracy is very low (0.0000 < 0.4) after 0.0 corpus passes. This strongly suggests insufficient high-signal content. Actions: (a) remove low-density boilerplate from corpus, (b) add more review articles and textbooks, (c) prefer PubMed Central full-text over abstracts-only.
  Risk report: logs\dapt_hard_cap_risk_report.json
!!!!!!!!!!!!!!!!!!!!!!!!!!!!!!!!!!!!!!!!!!!!!!!!!!!!!!!!!!!!

2026-06-17T19:51:20 | WARNING  | dapt.pipeline | DAPT completed without convergence. Non-convergence risk report generated.
2026-06-17T19:51:20 | INFO     | dapt.pipeline | 
============================================================
  DAPT Step 0.3 Configuration
============================================================
  Model           : dummy-model
  Corpus tokens   : 2000.0K
  Max passes      : 1
  Hard stop       : 2000.0K tokens
  Eval interval   : 50K tokens
  QA gate         : >= 55%
  PPL gate        : < 2.0% for 2 consecutive evals
  Term cov gate   : >= 80%
  Ret prec gate   : >= 60%
  Checkpoint dir  : C:\Users\rajav\AppData\Local\Temp\tmp3ohf4nk7\out_model
  Log dir         : logs
============================================================

2026-06-17T19:51:23 | INFO     | dapt.pipeline | Initialized Weights & Biases run: None
2026-06-17T19:51:23 | INFO     | dapt.pipeline | Using device: cpu
2026-06-17T19:51:23 | ERROR    | dapt.pipeline | Required evaluation files are missing:
PPL corpus file not found: C:\Users\rajav\AppData\Local\Temp\tmp3ohf4nk7\missing_ppl.txt
Vocab cloze file not found: C:\Users\rajav\AppData\Local\Temp\tmp3ohf4nk7\missing_vocab.json
Anatomical prompts file not found: C:\Users\rajav\AppData\Local\Temp\tmp3ohf4nk7\missing_prompts.json
Anatomical references file not found: C:\Users\rajav\AppData\Local\Temp\tmp3ohf4nk7\missing_references.json
2026-06-17T19:52:53 | INFO     | dapt.pipeline | 
============================================================
  DAPT Step 0.3 Configuration
============================================================
  Model           : HuggingFaceTB/SmolLM2-135M
  Corpus tokens   : 2000.0K
  Max passes      : 3
  Hard stop       : 6000.0K tokens
  Eval interval   : 50K tokens
  QA gate         : >= 55%
  PPL gate        : < 2.0% for 2 consecutive evals
  Term cov gate   : >= 80%
  Ret prec gate   : >= 60%
  Checkpoint dir  : models\checkpoints
  Log dir         : logs
============================================================

2026-06-17T19:52:59 | INFO     | dapt.pipeline | Initialized Weights & Biases run: None
2026-06-17T19:52:59 | INFO     | dapt.pipeline | Using device: cpu
2026-06-17T19:53:02 | INFO     | dapt.pipeline | Loading pretraining corpus from E:\Projects\CND\Semantics\data\dapt\domain_dapt_corpus.jsonl
2026-06-17T19:53:02 | INFO     | dapt.pipeline | Corpus split: 137 training docs, 34 validation docs.
2026-06-17T19:53:02 | INFO     | dapt.pipeline | Written validation split text to evals\dapt\ppl_held_out.txt for perplexity probe.
2026-06-17T19:53:02 | INFO     | dapt.pipeline | Tokenizing and chunking training documents...
2026-06-17T19:53:03 | INFO     | dapt.pipeline | Created 2070 training blocks of size 512.
2026-06-17T19:53:03 | INFO     | dapt.pipeline | Running baseline evaluation on the base model...
2026-06-17T19:53:03 | INFO     | dapt.eval_runner | 
==============================================================
  Starting Eval #1 | Tokens: 0.0K | Pass: 0.000x
==============================================================
2026-06-17T19:53:03 | INFO     | dapt.eval_runner |   Running Probe 1: Perplexity...
2026-06-17T19:53:03 | INFO     | dapt.probe.perplexity | Loading PPL corpus from: evals\dapt\ppl_held_out.txt (max 10.0M tokens)
2026-06-17T19:53:04 | INFO     | dapt.probe.perplexity | PPL corpus ready: 0.17M tokens, 334 sequences
2026-06-17T19:56:45 | INFO     | dapt.probe.perplexity | Probe B — Perplexity: 14.1027  (NLL: 2.6464 nats, tokens: 171008)
2026-06-17T19:56:45 | INFO     | dapt.eval_runner |   Running Probe 2: QA Accuracy...
2026-06-17T19:57:06 | INFO     | dapt.probe.qa | Probe A — QA Accuracy: 0.3333 (17/51)
2026-06-17T19:57:06 | INFO     | dapt.eval_runner |   Running Probe 3: Terminology Coverage...
2026-06-17T19:57:15 | INFO     | dapt.probe.terminology | Probe C — Terminology Coverage: 0.1176 (6/51)
  Per-category: {'anatomy': 0.05555555555555555, 'cognitive_psychology': 0.15151515151515152}
  Sample missed terms: ['hippocampus', 'hippocampus', 'hippocampus', 'amygdala', 'amygdala', 'amygdala', 'striatum', 'striatum', 'striatum', 'prefrontal']
2026-06-17T19:57:15 | INFO     | dapt.eval_runner |   Running Probe 4: Retrieval Precision (BERTScore)...
2026-06-17T19:57:15 | INFO     | dapt.probe.retrieval | Generating 5 anatomical responses (greedy)...
2026-06-17T19:57:33 | INFO     | dapt.probe.retrieval | Computing BERTScore with model: allenai/scibert_scivocab_uncased
2026-06-17T19:57:37 | INFO     | dapt.probe.retrieval | Probe D — Retrieval Precision: 0.5095 (min=0.401, max=0.575, n=5, low-scoring=2)
2026-06-17T19:57:37 | INFO     | dapt.eval_runner | 
  Eval #1 summary:
    PPL=14.103  QA=0.333  Term=0.118  Ret=0.509  (elapsed: 274s)

2026-06-17T19:57:37 | INFO     | dapt.pipeline | Starting pretraining loop...
2026-06-17T19:57:37 | INFO     | dapt.pipeline | 
############################################################
  Corpus pass 1/3
############################################################
2026-06-17T20:06:31 | INFO     | dapt.pipeline | 
============================================================
  DAPT Step 0.3 Configuration
============================================================
  Model           : dummy-model
  Corpus tokens   : 2000.0K
  Max passes      : 1
  Hard stop       : 2000.0K tokens
  Eval interval   : 50K tokens
  QA gate         : >= 55%
  PPL gate        : < 2.0% for 2 consecutive evals
  Term cov gate   : >= 80%
  Ret prec gate   : >= 60%
  Checkpoint dir  : C:\Users\rajav\AppData\Local\Temp\tmpn6zpwqr2\out_model
  Log dir         : logs
============================================================

2026-06-17T20:06:38 | INFO     | dapt.pipeline | Initialized Weights & Biases run: None
2026-06-17T20:06:38 | INFO     | dapt.pipeline | Using device: cpu
2026-06-17T20:06:38 | INFO     | dapt.pipeline | Loading pretraining corpus from C:\Users\rajav\AppData\Local\Temp\tmpn6zpwqr2\corpus.jsonl
2026-06-17T20:06:38 | INFO     | dapt.pipeline | Corpus split: 1 training docs, 2 validation docs.
2026-06-17T20:06:38 | INFO     | dapt.pipeline | Written validation split text to C:\Users\rajav\AppData\Local\Temp\tmpn6zpwqr2\ppl_held_out.txt for perplexity probe.
2026-06-17T20:06:38 | INFO     | dapt.pipeline | Tokenizing and chunking training documents...
2026-06-17T20:06:38 | INFO     | dapt.pipeline | Created 1 training blocks of size 512.
2026-06-17T20:06:38 | INFO     | dapt.pipeline | Running baseline evaluation on the base model...
2026-06-17T20:06:38 | INFO     | dapt.pipeline | Starting pretraining loop...
2026-06-17T20:06:38 | INFO     | dapt.pipeline | 
############################################################
  Corpus pass 1/1
############################################################
2026-06-17T20:06:38 | INFO     | dapt.pipeline | Completed corpus pass 1. Total tokens: 0.00B
2026-06-17T20:06:38 | WARNING  | dapt.pipeline | Training loop exhausted without a convergence decision. Running final gate check.
2026-06-17T20:06:38 | WARNING  | dapt.checkpoint | Failed to save torch checkpoint (this is expected if using mocks in unit tests): Can't pickle <class 'unittest.mock.MagicMock'>: it's not the same object as unittest.mock.MagicMock
2026-06-17T20:06:38 | WARNING  | dapt.gates | 
!!!!!!!!!!!!!!!!!!!!!!!!!!!!!!!!!!!!!!!!!!!!!!!!!!!!!!!!!!!!
  HARD CAP reached — gates NOT fully met
  Failed gates: ['QA accuracy 0.0000 < threshold 0.55 (gap: 0.5500)', 'PPL plateau not reached (insufficient eval history)', 'Neither secondary gate met: term_cov=0.0000 (need >=0.8), ret_prec=0.0000 (need >=0.6)']
  Recommended action (Priority 1): CORPUS_QUALITY_AUDIT
  Rationale: QA accuracy is very low (0.0000 < 0.4) after 0.0 corpus passes. This strongly suggests insufficient high-signal content. Actions: (a) remove low-density boilerplate from corpus, (b) add more review articles and textbooks, (c) prefer PubMed Central full-text over abstracts-only.
  Risk report: logs\dapt_hard_cap_risk_report.json
!!!!!!!!!!!!!!!!!!!!!!!!!!!!!!!!!!!!!!!!!!!!!!!!!!!!!!!!!!!!

2026-06-17T20:06:38 | WARNING  | dapt.pipeline | DAPT completed without convergence. Non-convergence risk report generated.
2026-06-17T20:06:41 | INFO     | dapt.pipeline | 
============================================================
  DAPT Step 0.3 Configuration
============================================================
  Model           : dummy-model
  Corpus tokens   : 2000.0K
  Max passes      : 1
  Hard stop       : 2000.0K tokens
  Eval interval   : 50K tokens
  QA gate         : >= 55%
  PPL gate        : < 2.0% for 2 consecutive evals
  Term cov gate   : >= 80%
  Ret prec gate   : >= 60%
  Checkpoint dir  : C:\Users\rajav\AppData\Local\Temp\tmpefugvpmm\out_model
  Log dir         : logs
============================================================

2026-06-17T20:06:41 | INFO     | dapt.pipeline | Initialized Weights & Biases run: 
2026-06-17T20:06:41 | INFO     | dapt.pipeline | Using device: cpu
2026-06-17T20:06:41 | INFO     | dapt.pipeline | Loading pretraining corpus from C:\Users\rajav\AppData\Local\Temp\tmpefugvpmm\corpus.jsonl
2026-06-17T20:06:41 | INFO     | dapt.pipeline | Corpus split: 1 training docs, 2 validation docs.
2026-06-17T20:06:41 | INFO     | dapt.pipeline | Written validation split text to C:\Users\rajav\AppData\Local\Temp\tmpefugvpmm\ppl_held_out.txt for perplexity probe.
2026-06-17T20:06:41 | INFO     | dapt.pipeline | Tokenizing and chunking training documents...
2026-06-17T20:06:41 | INFO     | dapt.pipeline | Created 1 training blocks of size 512.
2026-06-17T20:06:41 | INFO     | dapt.pipeline | Running baseline evaluation on the base model...
2026-06-17T20:06:41 | INFO     | dapt.pipeline | Starting pretraining loop...
2026-06-17T20:06:41 | INFO     | dapt.pipeline | 
############################################################
  Corpus pass 1/1
############################################################
2026-06-17T20:06:41 | INFO     | dapt.pipeline | Completed corpus pass 1. Total tokens: 0.00B
2026-06-17T20:06:41 | WARNING  | dapt.pipeline | Training loop exhausted without a convergence decision. Running final gate check.
2026-06-17T20:06:41 | WARNING  | dapt.checkpoint | Failed to save torch checkpoint (this is expected if using mocks in unit tests): Can't pickle <class 'unittest.mock.MagicMock'>: it's not the same object as unittest.mock.MagicMock
2026-06-17T20:06:41 | WARNING  | dapt.gates | 
!!!!!!!!!!!!!!!!!!!!!!!!!!!!!!!!!!!!!!!!!!!!!!!!!!!!!!!!!!!!
  HARD CAP reached — gates NOT fully met
  Failed gates: ['QA accuracy 0.0000 < threshold 0.55 (gap: 0.5500)', 'PPL plateau not reached (insufficient eval history)', 'Neither secondary gate met: term_cov=0.0000 (need >=0.8), ret_prec=0.0000 (need >=0.6)']
  Recommended action (Priority 1): CORPUS_QUALITY_AUDIT
  Rationale: QA accuracy is very low (0.0000 < 0.4) after 0.0 corpus passes. This strongly suggests insufficient high-signal content. Actions: (a) remove low-density boilerplate from corpus, (b) add more review articles and textbooks, (c) prefer PubMed Central full-text over abstracts-only.
  Risk report: logs\dapt_hard_cap_risk_report.json
!!!!!!!!!!!!!!!!!!!!!!!!!!!!!!!!!!!!!!!!!!!!!!!!!!!!!!!!!!!!

2026-06-17T20:06:41 | WARNING  | dapt.pipeline | DAPT completed without convergence. Non-convergence risk report generated.
2026-06-17T20:06:41 | INFO     | dapt.pipeline | 
============================================================
  DAPT Step 0.3 Configuration
============================================================
  Model           : dummy-model
  Corpus tokens   : 2000.0K
  Max passes      : 1
  Hard stop       : 2000.0K tokens
  Eval interval   : 50K tokens
  QA gate         : >= 55%
  PPL gate        : < 2.0% for 2 consecutive evals
  Term cov gate   : >= 80%
  Ret prec gate   : >= 60%
  Checkpoint dir  : C:\Users\rajav\AppData\Local\Temp\tmp88l7n8u1\out_model
  Log dir         : logs
============================================================

2026-06-17T20:06:44 | INFO     | dapt.pipeline | Initialized Weights & Biases run: None
2026-06-17T20:06:44 | INFO     | dapt.pipeline | Using device: cpu
2026-06-17T20:06:44 | ERROR    | dapt.pipeline | Required evaluation files are missing:
PPL corpus file not found: C:\Users\rajav\AppData\Local\Temp\tmp88l7n8u1\missing_ppl.txt
Vocab cloze file not found: C:\Users\rajav\AppData\Local\Temp\tmp88l7n8u1\missing_vocab.json
Anatomical prompts file not found: C:\Users\rajav\AppData\Local\Temp\tmp88l7n8u1\missing_prompts.json
Anatomical references file not found: C:\Users\rajav\AppData\Local\Temp\tmp88l7n8u1\missing_references.json
2026-06-17T20:07:24 | INFO     | dapt.pipeline | 
============================================================
  DAPT Step 0.3 Configuration
============================================================
  Model           : dummy-model
  Corpus tokens   : 2000.0K
  Max passes      : 1
  Hard stop       : 2000.0K tokens
  Eval interval   : 50K tokens
  QA gate         : >= 55%
  PPL gate        : < 2.0% for 2 consecutive evals
  Term cov gate   : >= 80%
  Ret prec gate   : >= 60%
  Checkpoint dir  : C:\Users\rajav\AppData\Local\Temp\tmptu1f9gg3\out_model
  Log dir         : logs
============================================================

2026-06-17T20:07:30 | INFO     | dapt.pipeline | Initialized Weights & Biases run: None
2026-06-17T20:07:30 | INFO     | dapt.pipeline | Using device: cpu
2026-06-17T20:07:30 | INFO     | dapt.pipeline | Loading pretraining corpus from C:\Users\rajav\AppData\Local\Temp\tmptu1f9gg3\corpus.jsonl
2026-06-17T20:07:30 | INFO     | dapt.pipeline | Corpus split: 1 training docs, 2 validation docs.
2026-06-17T20:07:30 | INFO     | dapt.pipeline | Written validation split text to C:\Users\rajav\AppData\Local\Temp\tmptu1f9gg3\ppl_held_out.txt for perplexity probe.
2026-06-17T20:07:30 | INFO     | dapt.pipeline | Tokenizing and chunking training documents...
2026-06-17T20:07:30 | INFO     | dapt.pipeline | Created 1 training blocks of size 512.
2026-06-17T20:07:30 | INFO     | dapt.pipeline | Running baseline evaluation on the base model...
2026-06-17T20:07:30 | INFO     | dapt.pipeline | Starting pretraining loop...
2026-06-17T20:07:30 | INFO     | dapt.pipeline | 
############################################################
  Corpus pass 1/1
############################################################
2026-06-17T20:07:30 | INFO     | dapt.pipeline | Completed corpus pass 1. Total tokens: 0.00B
2026-06-17T20:07:30 | WARNING  | dapt.pipeline | Training loop exhausted without a convergence decision. Running final gate check.
2026-06-17T20:07:30 | WARNING  | dapt.checkpoint | Failed to save torch checkpoint (this is expected if using mocks in unit tests): Can't pickle <class 'unittest.mock.MagicMock'>: it's not the same object as unittest.mock.MagicMock
2026-06-17T20:07:30 | WARNING  | dapt.gates | 
!!!!!!!!!!!!!!!!!!!!!!!!!!!!!!!!!!!!!!!!!!!!!!!!!!!!!!!!!!!!
  HARD CAP reached — gates NOT fully met
  Failed gates: ['QA accuracy 0.0000 < threshold 0.55 (gap: 0.5500)', 'PPL plateau not reached (insufficient eval history)', 'Neither secondary gate met: term_cov=0.0000 (need >=0.8), ret_prec=0.0000 (need >=0.6)']
  Recommended action (Priority 1): CORPUS_QUALITY_AUDIT
  Rationale: QA accuracy is very low (0.0000 < 0.4) after 0.0 corpus passes. This strongly suggests insufficient high-signal content. Actions: (a) remove low-density boilerplate from corpus, (b) add more review articles and textbooks, (c) prefer PubMed Central full-text over abstracts-only.
  Risk report: logs\dapt_hard_cap_risk_report.json
!!!!!!!!!!!!!!!!!!!!!!!!!!!!!!!!!!!!!!!!!!!!!!!!!!!!!!!!!!!!

2026-06-17T20:07:30 | WARNING  | dapt.pipeline | DAPT completed without convergence. Non-convergence risk report generated.
2026-06-17T20:07:33 | INFO     | dapt.pipeline | 
============================================================
  DAPT Step 0.3 Configuration
============================================================
  Model           : dummy-model
  Corpus tokens   : 2000.0K
  Max passes      : 1
  Hard stop       : 2000.0K tokens
  Eval interval   : 50K tokens
  QA gate         : >= 55%
  PPL gate        : < 2.0% for 2 consecutive evals
  Term cov gate   : >= 80%
  Ret prec gate   : >= 60%
  Checkpoint dir  : C:\Users\rajav\AppData\Local\Temp\tmpw0r6bm2w\out_model
  Log dir         : logs
============================================================

2026-06-17T20:07:33 | INFO     | dapt.pipeline | Initialized Weights & Biases run: 
2026-06-17T20:07:33 | INFO     | dapt.pipeline | Using device: cpu
2026-06-17T20:07:33 | INFO     | dapt.pipeline | Loading pretraining corpus from C:\Users\rajav\AppData\Local\Temp\tmpw0r6bm2w\corpus.jsonl
2026-06-17T20:07:33 | INFO     | dapt.pipeline | Corpus split: 1 training docs, 2 validation docs.
2026-06-17T20:07:33 | INFO     | dapt.pipeline | Written validation split text to C:\Users\rajav\AppData\Local\Temp\tmpw0r6bm2w\ppl_held_out.txt for perplexity probe.
2026-06-17T20:07:33 | INFO     | dapt.pipeline | Tokenizing and chunking training documents...
2026-06-17T20:07:33 | INFO     | dapt.pipeline | Created 1 training blocks of size 512.
2026-06-17T20:07:33 | INFO     | dapt.pipeline | Running baseline evaluation on the base model...
2026-06-17T20:07:33 | INFO     | dapt.pipeline | Starting pretraining loop...
2026-06-17T20:07:33 | INFO     | dapt.pipeline | 
############################################################
  Corpus pass 1/1
############################################################
2026-06-17T20:07:33 | INFO     | dapt.pipeline | Completed corpus pass 1. Total tokens: 0.00B
2026-06-17T20:07:33 | WARNING  | dapt.pipeline | Training loop exhausted without a convergence decision. Running final gate check.
2026-06-17T20:07:33 | WARNING  | dapt.checkpoint | Failed to save torch checkpoint (this is expected if using mocks in unit tests): Can't pickle <class 'unittest.mock.MagicMock'>: it's not the same object as unittest.mock.MagicMock
2026-06-17T20:07:33 | WARNING  | dapt.gates | 
!!!!!!!!!!!!!!!!!!!!!!!!!!!!!!!!!!!!!!!!!!!!!!!!!!!!!!!!!!!!
  HARD CAP reached — gates NOT fully met
  Failed gates: ['QA accuracy 0.0000 < threshold 0.55 (gap: 0.5500)', 'PPL plateau not reached (insufficient eval history)', 'Neither secondary gate met: term_cov=0.0000 (need >=0.8), ret_prec=0.0000 (need >=0.6)']
  Recommended action (Priority 1): CORPUS_QUALITY_AUDIT
  Rationale: QA accuracy is very low (0.0000 < 0.4) after 0.0 corpus passes. This strongly suggests insufficient high-signal content. Actions: (a) remove low-density boilerplate from corpus, (b) add more review articles and textbooks, (c) prefer PubMed Central full-text over abstracts-only.
  Risk report: logs\dapt_hard_cap_risk_report.json
!!!!!!!!!!!!!!!!!!!!!!!!!!!!!!!!!!!!!!!!!!!!!!!!!!!!!!!!!!!!

2026-06-17T20:07:33 | WARNING  | dapt.pipeline | DAPT completed without convergence. Non-convergence risk report generated.
2026-06-17T20:07:33 | INFO     | dapt.pipeline | 
============================================================
  DAPT Step 0.3 Configuration
============================================================
  Model           : dummy-model
  Corpus tokens   : 2000.0K
  Max passes      : 1
  Hard stop       : 2000.0K tokens
  Eval interval   : 50K tokens
  QA gate         : >= 55%
  PPL gate        : < 2.0% for 2 consecutive evals
  Term cov gate   : >= 80%
  Ret prec gate   : >= 60%
  Checkpoint dir  : C:\Users\rajav\AppData\Local\Temp\tmpayg1jcb8\out_model
  Log dir         : logs
============================================================

2026-06-17T20:07:35 | INFO     | dapt.pipeline | Initialized Weights & Biases run: None
2026-06-17T20:07:35 | INFO     | dapt.pipeline | Using device: cpu
2026-06-17T20:07:35 | ERROR    | dapt.pipeline | Required evaluation files are missing:
PPL corpus file not found: C:\Users\rajav\AppData\Local\Temp\tmpayg1jcb8\missing_ppl.txt
Vocab cloze file not found: C:\Users\rajav\AppData\Local\Temp\tmpayg1jcb8\missing_vocab.json
Anatomical prompts file not found: C:\Users\rajav\AppData\Local\Temp\tmpayg1jcb8\missing_prompts.json
Anatomical references file not found: C:\Users\rajav\AppData\Local\Temp\tmpayg1jcb8\missing_references.json
