2026/07/13 04:18:15.747, 0, 0, 3, 15360, 10.56, 300
2026/07/13 04:18:16.763, 0, 0, 3, 15360, 9.47, 300
2026/07/13 04:18:17.775, 0, 0, 3, 15360, 9.66, 300
2026/07/13 04:18:18.797, 0, 0, 3, 15360, 9.47, 300
2026/07/13 04:18:19.815, 0, 0, 3, 15360, 9.47, 300
2026/07/13 04:18:20.846, 0, 0, 13, 15360, 25.78, 585
2026/07/13 04:18:21.890, 0, 0, 107, 15360, 25.68, 585
2026/07/13 04:18:22.897, 0, 0, 107, 15360, 25.68, 585
2026/07/13 04:18:23.906, 0, 0, 107, 15360, 25.68, 585
2026/07/13 04:18:24.940, 0, 0, 107, 15360, 25.68, 585
2026/07/13 04:18:25.947, 0, 0, 107, 15360, 25.68, 585
2026/07/13 04:18:26.954, 0, 0, 107, 15360, 25.78, 585
2026/07/13 04:18:27.964, 0, 0, 107, 15360, 25.78, 585
2026/07/13 04:18:28.974, 0, 0, 107, 15360, 25.78, 585
2026/07/13 04:18:29.983, 0, 0, 107, 15360, 25.78, 585
2026/07/13 04:18:30.991, 6, 0, 393, 15360, 25.78, 585
2026/07/13 04:18:31.999, 0, 0, 393, 15360, 25.78, 585
2026/07/13 04:18:33.007, 0, 0, 393, 15360, 25.88, 585
2026/07/13 04:18:34.029, 0, 0, 393, 15360, 25.78, 585
2026/07/13 04:18:35.045, 0, 0, 393, 15360, 25.88, 585
2026/07/13 04:18:36.059, 2, 0, 427, 15360, 25.88, 585
2026/07/13 04:18:37.067, 100, 34, 953, 15360, 68.61, 1260
2026/07/13 04:18:38.101, 100, 37, 7097, 15360, 71.41, 990
2026/07/13 04:18:39.110, 100, 34, 7097, 15360, 70.82, 1215
2026/07/13 04:18:40.120, 100, 41, 7097, 15360, 69.55, 1005
2026/07/13 04:18:41.129, 100, 34, 7097, 15360, 68.22, 1245
2026/07/13 04:18:42.139, 97, 56, 7097, 15360, 68.42, 1230
2026/07/13 04:18:43.148, 100, 34, 7097, 15360, 68.32, 1230
2026/07/13 04:18:44.159, 100, 36, 7097, 15360, 68.96, 1245
2026/07/13 04:18:45.168, 100, 35, 7097, 15360, 68.18, 1215
2026/07/13 04:18:46.185, 100, 34, 7097, 15360, 68.77, 1245
2026/07/13 04:18:47.200, 100, 40, 7097, 15360, 68.22, 1020
2026/07/13 04:18:48.217, 100, 36, 7097, 15360, 70.08, 1230
2026/07/13 04:18:49.237, 100, 52, 7097, 15360, 64.89, 1200
2026/07/13 04:18:50.246, 100, 34, 7097, 15360, 67.79, 1230
2026/07/13 04:18:51.255, 98, 35, 7097, 15360, 71.12, 1200
2026/07/13 04:18:52.264, 100, 38, 7097, 15360, 68.67, 1215
2026/07/13 04:18:53.272, 100, 35, 7097, 15360, 67.69, 1230
2026/07/13 04:18:54.279, 100, 34, 7097, 15360, 79.25, 990
2026/07/13 04:18:55.287, 100, 34, 7097, 15360, 68.08, 1200
2026/07/13 04:18:56.296, 100, 40, 7097, 15360, 68.67, 1020
2026/07/13 04:18:57.304, 100, 34, 7097, 15360, 68.28, 1215
2026/07/13 04:18:58.313, 95, 53, 7097, 15360, 31.88, 1575
2026/07/13 04:18:59.318, 0, 0, 7097, 15360, 33.25, 1590
2026/07/13 04:19:00.325, 0, 0, 7097, 15360, 26.67, 585
2026/07/13 04:19:01.342, 0, 0, 7097, 15360, 26.77, 585
2026/07/13 04:19:02.364, 0, 0, 7097, 15360, 26.66, 585
2026/07/13 04:19:03.385, 1, 0, 7099, 15360, 46.87, 585
2026/07/13 04:19:04.394, 100, 35, 7099, 15360, 67.24, 1215
2026/07/13 04:19:05.412, 100, 35, 7099, 15360, 67.54, 1215
2026/07/13 04:19:06.420, 100, 37, 13243, 15360, 71.86, 1200
2026/07/13 04:19:07.428, 100, 34, 13243, 15360, 64.30, 1215
2026/07/13 04:19:08.436, 100, 36, 13243, 15360, 68.86, 1215
2026/07/13 04:19:09.444, 100, 40, 13243, 15360, 68.03, 1020
2026/07/13 04:19:10.452, 100, 40, 13243, 15360, 67.89, 1275
2026/07/13 04:19:11.461, 100, 33, 13243, 15360, 68.47, 1200
2026/07/13 04:19:12.469, 100, 38, 13243, 15360, 71.66, 1125
2026/07/13 04:19:13.478, 100, 35, 13243, 15360, 67.54, 1215
2026/07/13 04:19:14.497, 100, 42, 13243, 15360, 65.97, 1170
2026/07/13 04:19:15.513, 100, 33, 13243, 15360, 67.44, 1215
2026/07/13 04:19:16.537, 100, 40, 14005, 15360, 68.38, 1020
2026/07/13 04:19:17.555, 14, 8, 14007, 15360, 34.53, 1590
2026/07/13 04:19:18.580, 8, 4, 14007, 15360, 34.14, 1590
2026/07/13 04:19:19.592, 0, 0, 14013, 15360, 34.24, 1590
2026/07/13 04:19:20.599, 100, 44, 14013, 15360, 69.26, 1215
2026/07/13 04:19:21.608, 100, 43, 14013, 15360, 68.77, 1215
2026/07/13 04:19:22.616, 100, 43, 14013, 15360, 68.22, 1215
2026/07/13 04:19:23.624, 100, 43, 14013, 15360, 68.28, 1215
2026/07/13 04:19:24.631, 98, 79, 14017, 15360, 38.05, 1500
2026/07/13 04:19:25.642, 0, 0, 14051, 15360, 34.24, 1590
2026/07/13 04:19:26.648, 100, 30, 14051, 15360, 67.00, 1260
2026/07/13 04:19:27.656, 53, 22, 14051, 15360, 53.91, 1590
2026/07/13 04:19:28.662, 60, 29, 14051, 15360, 49.34, 1590
2026/07/13 04:19:29.683, 40, 20, 14051, 15360, 49.08, 1590
2026/07/13 04:19:30.695, 43, 23, 14051, 15360, 51.31, 1590
2026/07/13 04:19:31.712, 46, 26, 14051, 15360, 53.02, 1590
2026/07/13 04:19:32.725, 10, 2, 14051, 15360, 36.86, 1590
2026/07/13 04:19:33.734, 18, 3, 14051, 15360, 39.53, 1590
2026/07/13 04:19:34.740, 31, 3, 14051, 15360, 30.30, 870
2026/07/13 04:19:35.749, 32, 3, 14051, 15360, 30.38, 810
2026/07/13 04:19:36.758, 20, 2, 14051, 15360, 27.55, 765
2026/07/13 04:19:37.766, 0, 0, 14051, 15360, 27.27, 585
2026/07/13 04:19:38.773, 0, 0, 14051, 15360, 27.17, 585
2026/07/13 04:19:39.782, 0, 0, 14051, 15360, 27.15, 585
2026/07/13 04:19:40.791, 0, 0, 14051, 15360, 27.17, 585
2026/07/13 04:19:41.807, 0, 0, 14051, 15360, 27.15, 585
2026/07/13 04:19:42.835, 0, 0, 14051, 15360, 27.17, 585
2026/07/13 04:19:43.853, 0, 0, 14051, 15360, 27.05, 585
2026/07/13 04:19:44.870, 0, 0, 14051, 15360, 27.07, 585
2026/07/13 04:19:45.910, 0, 0, 14051, 15360, 27.05, 585
2026/07/13 04:19:46.932, 0, 0, 14051, 15360, 27.07, 585
2026/07/13 04:19:47.954, 0, 0, 14051, 15360, 27.07, 585
2026/07/13 04:19:48.968, 0, 0, 14051, 15360, 27.05, 585
2026/07/13 04:19:49.979, 0, 0, 14051, 15360, 27.07, 585
2026/07/13 04:19:50.988, 100, 20, 14051, 15360, 68.91, 960
2026/07/13 04:19:51.995, 1, 1, 14051, 15360, 34.34, 1590
2026/07/13 04:19:53.001, 100, 59, 11179, 15360, 67.44, 1095
2026/07/13 04:19:54.013, 100, 43, 11213, 15360, 69.59, 1200
2026/07/13 04:19:55.027, 100, 60, 12139, 15360, 65.38, 930
2026/07/13 04:19:56.035, 100, 44, 12139, 15360, 67.00, 1185
2026/07/13 04:19:57.044, 100, 53, 12139, 15360, 56.66, 975
2026/07/13 04:19:58.058, 100, 47, 12139, 15360, 66.30, 1185
2026/07/13 04:19:59.067, 100, 50, 12139, 15360, 69.94, 1155
2026/07/13 04:20:00.094, 100, 45, 12139, 15360, 68.18, 1185
2026/07/13 04:20:01.115, 100, 43, 12139, 15360, 67.30, 1170
2026/07/13 04:20:02.129, 91, 59, 12139, 15360, 69.94, 1245
2026/07/13 04:20:03.152, 100, 42, 12139, 15360, 67.93, 1155
2026/07/13 04:20:04.162, 100, 60, 12139, 15360, 68.52, 1185
2026/07/13 04:20:05.172, 100, 43, 12139, 15360, 67.04, 1200
2026/07/13 04:20:06.185, 100, 60, 12139, 15360, 69.16, 1200
2026/07/13 04:20:07.196, 100, 43, 12139, 15360, 67.20, 1200
2026/07/13 04:20:08.205, 100, 60, 12139, 15360, 78.37, 900
2026/07/13 04:20:09.216, 100, 43, 12139, 15360, 67.73, 1155
2026/07/13 04:20:10.224, 100, 59, 12139, 15360, 77.34, 930
2026/07/13 04:20:11.234, 100, 43, 12139, 15360, 67.79, 1155
2026/07/13 04:20:12.249, 100, 61, 12139, 15360, 69.45, 1065
2026/07/13 04:20:13.273, 100, 43, 12139, 15360, 50.56, 1245
2026/07/13 04:20:14.292, 100, 43, 12139, 15360, 67.18, 1170
2026/07/13 04:20:15.306, 93, 63, 12139, 15360, 66.51, 1200
2026/07/13 04:20:16.316, 100, 43, 12139, 15360, 66.22, 1170
2026/07/13 04:20:17.334, 100, 58, 12139, 15360, 67.93, 1170
2026/07/13 04:20:18.346, 100, 44, 12139, 15360, 66.42, 1170
2026/07/13 04:20:19.355, 100, 60, 12139, 15360, 67.20, 1185
2026/07/13 04:20:20.362, 100, 46, 12139, 15360, 67.73, 1155
2026/07/13 04:20:21.437, 100, 60, 12139, 15360, 71.72, 1170
2026/07/13 04:20:22.445, 100, 43, 12139, 15360, 67.98, 1155
2026/07/13 04:20:23.453, 100, 58, 12139, 15360, 67.49, 1005
2026/07/13 04:20:24.472, 100, 44, 12139, 15360, 68.12, 1155
2026/07/13 04:20:25.480, 100, 61, 12139, 15360, 70.68, 975
2026/07/13 04:20:26.489, 100, 46, 12139, 15360, 68.38, 1155
2026/07/13 04:20:27.500, 100, 48, 12139, 15360, 69.26, 1005
2026/07/13 04:20:28.513, 100, 43, 12139, 15360, 63.65, 1290
2026/07/13 04:20:29.548, 100, 37, 12139, 15360, 65.44, 1155
2026/07/13 04:20:30.571, 93, 54, 12139, 15360, 67.89, 1170
2026/07/13 04:20:31.600, 100, 42, 12139, 15360, 68.47, 1170
2026/07/13 04:20:32.611, 96, 63, 12139, 15360, 69.06, 1155
2026/07/13 04:20:33.622, 100, 43, 12139, 15360, 67.00, 1155
2026/07/13 04:20:34.631, 100, 60, 12139, 15360, 69.10, 1185
2026/07/13 04:20:35.641, 100, 43, 12139, 15360, 67.83, 1155
2026/07/13 04:20:36.650, 100, 59, 12139, 15360, 68.28, 1185
2026/07/13 04:20:37.660, 100, 43, 12139, 15360, 67.63, 1155
2026/07/13 04:20:38.668, 100, 59, 12139, 15360, 68.86, 1170
2026/07/13 04:20:39.677, 100, 43, 12139, 15360, 67.35, 1155
2026/07/13 04:20:40.685, 100, 58, 12139, 15360, 67.04, 840
2026/07/13 04:20:41.695, 100, 43, 12139, 15360, 67.59, 1125
2026/07/13 04:20:42.717, 100, 58, 12139, 15360, 76.86, 930
2026/07/13 04:20:43.741, 100, 45, 12139, 15360, 68.08, 1110
2026/07/13 04:20:44.759, 100, 49, 12139, 15360, 71.07, 810
2026/07/13 04:20:45.782, 100, 51, 12139, 15360, 67.35, 1215
2026/07/13 04:20:46.799, 100, 40, 12139, 15360, 55.90, 1140
2026/07/13 04:20:47.808, 96, 56, 12139, 15360, 64.59, 1155
2026/07/13 04:20:48.816, 100, 41, 12139, 15360, 65.87, 1125
2026/07/13 04:20:49.827, 96, 64, 12139, 15360, 68.38, 1185
2026/07/13 04:20:50.834, 100, 43, 12139, 15360, 68.52, 1125
2026/07/13 04:20:51.843, 100, 59, 12139, 15360, 68.12, 1125
2026/07/13 04:20:52.853, 100, 42, 12139, 15360, 66.22, 1125
2026/07/13 04:20:53.863, 100, 59, 12139, 15360, 68.08, 1140
2026/07/13 04:20:54.874, 100, 45, 12139, 15360, 68.47, 1125
2026/07/13 04:20:55.888, 100, 58, 12139, 15360, 67.75, 1155
2026/07/13 04:20:56.909, 100, 43, 12139, 15360, 66.65, 1110
2026/07/13 04:20:57.924, 100, 59, 12139, 15360, 67.75, 1125
2026/07/13 04:20:58.939, 100, 42, 12139, 15360, 69.55, 1140
2026/07/13 04:20:59.952, 100, 57, 12139, 15360, 67.49, 1125
2026/07/13 04:21:00.966, 100, 42, 12139, 15360, 69.55, 1110
2026/07/13 04:21:01.974, 100, 60, 12139, 15360, 66.65, 1095
2026/07/13 04:21:02.985, 100, 42, 12139, 15360, 65.97, 1080
2026/07/13 04:21:03.998, 100, 55, 12139, 15360, 68.18, 870
2026/07/13 04:21:05.008, 100, 42, 12139, 15360, 67.20, 1110
2026/07/13 04:21:06.020, 100, 53, 12139, 15360, 68.08, 1125
2026/07/13 04:21:07.028, 100, 42, 12139, 15360, 68.57, 1095
2026/07/13 04:21:08.041, 100, 52, 12139, 15360, 58.39, 930
2026/07/13 04:21:09.050, 100, 42, 12139, 15360, 65.28, 1095
2026/07/13 04:21:10.061, 100, 47, 12139, 15360, 67.59, 750
2026/07/13 04:21:11.084, 100, 42, 12139, 15360, 67.44, 1170
2026/07/13 04:21:12.113, 100, 50, 12139, 15360, 60.16, 1080
2026/07/13 04:21:13.129, 100, 43, 12139, 15360, 46.10, 1275
2026/07/13 04:21:14.152, 100, 34, 12139, 15360, 66.51, 1110
2026/07/13 04:21:15.162, 97, 50, 12139, 15360, 72.94, 1110
2026/07/13 04:21:16.171, 100, 38, 12139, 15360, 68.18, 1125
2026/07/13 04:21:17.181, 96, 55, 12139, 15360, 68.28, 1110
2026/07/13 04:21:18.193, 100, 40, 12139, 15360, 67.89, 1095
2026/07/13 04:21:19.223, 96, 59, 12139, 15360, 67.18, 1080
2026/07/13 04:21:20.248, 100, 40, 12139, 15360, 63.61, 1110
2026/07/13 04:21:21.257, 96, 65, 12139, 15360, 66.26, 1110
2026/07/13 04:21:22.270, 100, 43, 12139, 15360, 66.16, 1095
2026/07/13 04:21:23.279, 97, 58, 12139, 15360, 69.55, 1095
2026/07/13 04:21:24.288, 100, 43, 12139, 15360, 67.69, 1125
2026/07/13 04:21:25.318, 100, 59, 12139, 15360, 66.12, 1140
2026/07/13 04:21:26.340, 100, 42, 12139, 15360, 66.61, 1080
2026/07/13 04:21:27.355, 100, 59, 12139, 15360, 69.70, 1125
2026/07/13 04:21:28.365, 100, 43, 12139, 15360, 66.51, 1110
2026/07/13 04:21:29.373, 100, 58, 12139, 15360, 67.14, 1110
2026/07/13 04:21:30.384, 100, 42, 12139, 15360, 66.56, 1110
2026/07/13 04:21:31.393, 100, 57, 12139, 15360, 66.56, 1110
2026/07/13 04:21:32.403, 100, 42, 12139, 15360, 66.42, 1125
2026/07/13 04:21:33.411, 100, 59, 12139, 15360, 66.22, 1110
2026/07/13 04:21:34.420, 100, 42, 12139, 15360, 65.53, 1080
2026/07/13 04:21:35.429, 100, 58, 12139, 15360, 68.67, 1020
2026/07/13 04:21:36.437, 100, 42, 12139, 15360, 68.47, 1095
2026/07/13 04:21:37.446, 100, 58, 12139, 15360, 74.55, 840
2026/07/13 04:21:38.455, 100, 45, 12139, 15360, 68.43, 1080
2026/07/13 04:21:39.579, 100, 51, 12139, 15360, 75.39, 900
2026/07/13 04:21:40.594, 100, 42, 12139, 15360, 66.06, 1095
2026/07/13 04:21:41.610, 100, 57, 12139, 15360, 68.77, 780
2026/07/13 04:21:42.628, 100, 43, 12139, 15360, 65.97, 1080
2026/07/13 04:21:43.647, 100, 54, 12139, 15360, 67.30, 765
2026/07/13 04:21:44.656, 100, 42, 12139, 15360, 65.08, 1110
2026/07/13 04:21:45.667, 100, 49, 12139, 15360, 70.19, 945
2026/07/13 04:21:46.677, 100, 42, 12139, 15360, 64.46, 1140
2026/07/13 04:21:47.695, 100, 46, 12139, 15360, 68.47, 1020
2026/07/13 04:21:48.703, 100, 42, 12139, 15360, 66.06, 1230
2026/07/13 04:21:49.713, 100, 46, 12139, 15360, 68.96, 1050
2026/07/13 04:21:50.722, 100, 43, 12139, 15360, 66.91, 1275
2026/07/13 04:21:51.732, 100, 47, 12139, 15360, 56.36, 1095
2026/07/13 04:21:52.747, 100, 42, 12139, 15360, 64.59, 1080
2026/07/13 04:21:53.776, 100, 47, 12139, 15360, 67.44, 1080
2026/07/13 04:21:54.787, 100, 42, 12139, 15360, 67.84, 1095
2026/07/13 04:21:55.809, 100, 46, 12139, 15360, 66.56, 1095
2026/07/13 04:21:56.827, 100, 42, 12139, 15360, 67.30, 1095
2026/07/13 04:21:57.836, 100, 39, 12139, 15360, 65.67, 1110
2026/07/13 04:21:58.848, 100, 42, 12139, 15360, 66.12, 1095
2026/07/13 04:21:59.856, 100, 32, 12139, 15360, 67.79, 1080
2026/07/13 04:22:00.864, 100, 49, 12139, 15360, 67.34, 1080
2026/07/13 04:22:01.877, 100, 35, 12139, 15360, 69.55, 1050
2026/07/13 04:22:02.899, 97, 58, 12139, 15360, 68.96, 1080
2026/07/13 04:22:03.908, 100, 42, 12139, 15360, 67.83, 1080
2026/07/13 04:22:04.922, 100, 57, 12139, 15360, 68.38, 1080
2026/07/13 04:22:05.998, 100, 42, 12139, 15360, 65.53, 1080
2026/07/13 04:22:07.017, 100, 56, 12139, 15360, 68.42, 1080
2026/07/13 04:22:08.028, 100, 42, 12139, 15360, 67.00, 1110
2026/07/13 04:22:09.044, 100, 59, 12139, 15360, 66.46, 1095
2026/07/13 04:22:10.061, 100, 43, 12139, 15360, 66.75, 1095
2026/07/13 04:22:11.069, 100, 57, 12139, 15360, 64.69, 1080
2026/07/13 04:22:12.080, 100, 42, 12139, 15360, 65.24, 1110
2026/07/13 04:22:13.091, 100, 56, 12139, 15360, 66.36, 1095
2026/07/13 04:22:14.101, 100, 42, 12139, 15360, 65.61, 1110
2026/07/13 04:22:15.113, 100, 59, 12139, 15360, 66.06, 1095
2026/07/13 04:22:16.125, 100, 42, 12139, 15360, 67.93, 1080
2026/07/13 04:22:17.138, 100, 55, 12139, 15360, 65.93, 1110
2026/07/13 04:22:18.149, 100, 42, 12139, 15360, 66.36, 1095
2026/07/13 04:22:19.159, 100, 58, 12139, 15360, 67.93, 1080
2026/07/13 04:22:20.170, 100, 42, 12139, 15360, 66.95, 1095
2026/07/13 04:22:21.183, 100, 56, 12139, 15360, 66.32, 1110
2026/07/13 04:22:22.210, 100, 42, 12139, 15360, 65.08, 1080
2026/07/13 04:22:23.231, 100, 55, 12139, 15360, 67.40, 1080
2026/07/13 04:22:24.244, 100, 42, 12139, 15360, 66.16, 1065
2026/07/13 04:22:25.255, 100, 55, 12139, 15360, 68.08, 1080
2026/07/13 04:22:26.268, 100, 43, 12139, 15360, 65.87, 1095
2026/07/13 04:22:27.278, 100, 58, 12139, 15360, 68.52, 1080
2026/07/13 04:22:28.286, 100, 41, 12139, 15360, 66.46, 1065
2026/07/13 04:22:29.297, 100, 57, 12139, 15360, 65.87, 1095
2026/07/13 04:22:30.307, 100, 42, 12139, 15360, 67.30, 1080
2026/07/13 04:22:31.316, 100, 55, 12139, 15360, 65.57, 1095
2026/07/13 04:22:32.328, 100, 42, 12139, 15360, 67.30, 1095
2026/07/13 04:22:33.338, 100, 56, 12139, 15360, 67.26, 1080
2026/07/13 04:22:34.352, 100, 41, 12139, 15360, 66.46, 1065
2026/07/13 04:22:35.378, 100, 55, 12139, 15360, 67.04, 1095
2026/07/13 04:22:36.406, 100, 42, 12139, 15360, 67.30, 1095
2026/07/13 04:22:37.430, 100, 55, 12139, 15360, 69.06, 1065
2026/07/13 04:22:38.449, 100, 42, 12139, 15360, 66.75, 1080
2026/07/13 04:22:39.459, 100, 58, 12139, 15360, 65.67, 1095
2026/07/13 04:22:40.467, 100, 42, 12139, 15360, 67.69, 1080
2026/07/13 04:22:41.477, 100, 58, 12139, 15360, 65.67, 1080
2026/07/13 04:22:42.484, 100, 42, 12139, 15360, 66.26, 1080
2026/07/13 04:22:43.491, 100, 58, 12139, 15360, 66.61, 1095
2026/07/13 04:22:44.507, 100, 42, 12139, 15360, 65.57, 1095
2026/07/13 04:22:45.514, 100, 58, 12139, 15360, 65.34, 1080
2026/07/13 04:22:46.524, 100, 42, 12139, 15360, 67.14, 1095
2026/07/13 04:22:47.532, 100, 58, 12139, 15360, 66.06, 1080
2026/07/13 04:22:48.546, 100, 42, 12139, 15360, 66.95, 1065
2026/07/13 04:22:49.558, 100, 55, 12139, 15360, 66.22, 1080
2026/07/13 04:22:50.572, 100, 41, 12139, 15360, 66.51, 1080
2026/07/13 04:22:51.581, 100, 55, 12139, 15360, 67.04, 1080
2026/07/13 04:22:52.605, 100, 42, 12139, 15360, 67.69, 1095
2026/07/13 04:22:53.615, 100, 56, 12139, 15360, 67.30, 1050
2026/07/13 04:22:54.628, 100, 42, 12139, 15360, 65.97, 1080
2026/07/13 04:22:55.638, 100, 55, 12139, 15360, 66.51, 1065
2026/07/13 04:22:56.648, 100, 42, 12139, 15360, 63.85, 1080
2026/07/13 04:22:57.655, 100, 58, 12139, 15360, 66.26, 1065
2026/07/13 04:22:58.665, 100, 42, 12139, 15360, 64.65, 1095
2026/07/13 04:22:59.676, 100, 57, 12139, 15360, 67.04, 1065
2026/07/13 04:23:00.690, 100, 42, 12139, 15360, 65.87, 1065
2026/07/13 04:23:01.698, 100, 57, 12139, 15360, 67.14, 1065
2026/07/13 04:23:02.711, 100, 42, 12139, 15360, 68.82, 1080
2026/07/13 04:23:03.722, 100, 55, 12139, 15360, 66.81, 1080
2026/07/13 04:23:04.736, 100, 42, 12139, 15360, 67.26, 1080
2026/07/13 04:23:05.745, 100, 58, 12139, 15360, 66.91, 1065
2026/07/13 04:23:06.757, 100, 40, 12139, 15360, 69.26, 1050
2026/07/13 04:23:07.767, 100, 55, 12139, 15360, 67.10, 1050
2026/07/13 04:23:08.774, 100, 42, 12139, 15360, 67.73, 1065
2026/07/13 04:23:09.783, 100, 55, 12139, 15360, 66.16, 1080
2026/07/13 04:23:10.790, 100, 41, 12139, 15360, 69.16, 1050
2026/07/13 04:23:11.801, 100, 57, 12139, 15360, 68.08, 1050
2026/07/13 04:23:12.812, 100, 42, 12139, 15360, 67.04, 1065
2026/07/13 04:23:13.821, 100, 56, 12139, 15360, 66.16, 1065
2026/07/13 04:23:14.830, 100, 42, 12139, 15360, 66.32, 1080
2026/07/13 04:23:15.838, 100, 57, 12139, 15360, 66.91, 1080
2026/07/13 04:23:16.848, 100, 42, 12139, 15360, 68.86, 1065
2026/07/13 04:23:17.875, 100, 57, 12139, 15360, 68.38, 1065
2026/07/13 04:23:18.888, 100, 42, 12139, 15360, 63.42, 1080
2026/07/13 04:23:19.901, 100, 54, 12139, 15360, 66.36, 1065
2026/07/13 04:23:20.930, 100, 42, 12139, 15360, 66.08, 1065
2026/07/13 04:23:21.948, 100, 55, 12139, 15360, 66.02, 1080
2026/07/13 04:23:22.955, 100, 42, 12139, 15360, 64.95, 1095
2026/07/13 04:23:23.969, 100, 55, 12139, 15360, 67.00, 1095
2026/07/13 04:23:24.982, 100, 42, 12139, 15360, 67.34, 1065
2026/07/13 04:23:25.992, 96, 55, 12139, 15360, 65.32, 1050
2026/07/13 04:23:27.000, 100, 42, 12139, 15360, 67.69, 1050
2026/07/13 04:23:28.014, 96, 64, 12139, 15360, 66.06, 1050
2026/07/13 04:23:29.025, 100, 37, 12139, 15360, 67.69, 1080
2026/07/13 04:23:30.032, 96, 60, 12139, 15360, 66.46, 1065
2026/07/13 04:23:31.045, 100, 37, 12139, 15360, 67.98, 1050
2026/07/13 04:23:32.055, 94, 58, 12139, 15360, 64.89, 1065
2026/07/13 04:23:33.071, 100, 38, 12139, 15360, 66.11, 1065
2026/07/13 04:23:34.080, 94, 54, 12139, 15360, 67.00, 1065
2026/07/13 04:23:35.091, 100, 38, 12139, 15360, 65.38, 1065
2026/07/13 04:23:36.099, 96, 53, 12139, 15360, 67.00, 1065
2026/07/13 04:23:37.108, 100, 35, 12139, 15360, 66.42, 1065
2026/07/13 04:23:38.122, 96, 50, 12139, 15360, 67.89, 1065
2026/07/13 04:23:39.139, 100, 33, 12139, 15360, 66.12, 1065
2026/07/13 04:23:40.147, 100, 46, 12139, 15360, 70.84, 1050
2026/07/13 04:23:41.154, 100, 32, 12139, 15360, 65.44, 1050
2026/07/13 04:23:42.164, 100, 42, 12139, 15360, 67.59, 1080
2026/07/13 04:23:43.177, 100, 46, 12139, 15360, 60.90, 1050
2026/07/13 04:23:44.185, 100, 42, 12139, 15360, 63.55, 1215
2026/07/13 04:23:45.195, 100, 45, 12139, 15360, 56.95, 1050
2026/07/13 04:23:46.226, 100, 42, 12139, 15360, 65.28, 1245
2026/07/13 04:23:47.239, 100, 44, 12139, 15360, 66.46, 975
2026/07/13 04:23:48.266, 100, 41, 12139, 15360, 67.20, 1110
2026/07/13 04:23:49.297, 100, 50, 12139, 15360, 62.28, 960
2026/07/13 04:23:50.307, 100, 41, 12139, 15360, 63.26, 1095
2026/07/13 04:23:51.333, 100, 53, 12139, 15360, 56.66, 885
2026/07/13 04:23:52.347, 100, 41, 12139, 15360, 67.49, 1050
2026/07/13 04:23:53.358, 100, 39, 12139, 15360, 67.30, 720
2026/07/13 04:23:54.367, 100, 41, 12139, 15360, 66.22, 1065
2026/07/13 04:23:55.375, 100, 47, 12139, 15360, 69.41, 720
2026/07/13 04:23:56.385, 100, 41, 12139, 15360, 67.10, 1035
2026/07/13 04:23:57.394, 100, 43, 12139, 15360, 66.12, 840
2026/07/13 04:23:58.403, 100, 41, 12139, 15360, 66.95, 1050
2026/07/13 04:23:59.412, 100, 45, 12139, 15360, 69.41, 795
2026/07/13 04:24:00.421, 100, 40, 12139, 15360, 66.77, 1065
2026/07/13 04:24:01.445, 100, 50, 12139, 15360, 66.26, 795
2026/07/13 04:24:02.455, 100, 42, 12139, 15360, 65.67, 1020
2026/07/13 04:24:03.473, 100, 52, 12139, 15360, 64.14, 1050
2026/07/13 04:24:04.482, 100, 42, 12139, 15360, 65.63, 1035
2026/07/13 04:24:05.492, 100, 45, 12139, 15360, 67.30, 915
2026/07/13 04:24:06.516, 100, 41, 12139, 15360, 66.36, 1065
2026/07/13 04:24:07.528, 100, 50, 12139, 15360, 76.27, 780
2026/07/13 04:24:08.536, 100, 40, 12139, 15360, 67.04, 1050
2026/07/13 04:24:09.546, 100, 55, 12139, 15360, 65.77, 795
2026/07/13 04:24:10.555, 100, 41, 12139, 15360, 66.65, 1035
2026/07/13 04:24:11.566, 100, 54, 12139, 15360, 65.08, 1050
2026/07/13 04:24:12.574, 100, 42, 12139, 15360, 65.77, 1050
2026/07/13 04:24:13.583, 100, 54, 12139, 15360, 65.28, 1020
2026/07/13 04:24:14.596, 100, 39, 12139, 15360, 65.87, 1050
2026/07/13 04:24:15.605, 100, 57, 12139, 15360, 65.93, 1035
2026/07/13 04:24:16.615, 100, 42, 12139, 15360, 66.38, 1050
2026/07/13 04:24:17.627, 100, 56, 12139, 15360, 65.57, 1050
2026/07/13 04:24:18.636, 100, 42, 12139, 15360, 65.08, 1065
2026/07/13 04:24:19.647, 100, 55, 12139, 15360, 66.32, 1050
2026/07/13 04:24:20.658, 100, 42, 12139, 15360, 64.40, 1050
2026/07/13 04:24:21.670, 100, 54, 12139, 15360, 67.10, 1050
2026/07/13 04:24:22.680, 100, 40, 12139, 15360, 67.49, 1050
2026/07/13 04:24:23.690, 100, 54, 12139, 15360, 65.67, 1050
2026/07/13 04:24:24.699, 100, 40, 12139, 15360, 64.30, 1050
2026/07/13 04:24:25.706, 100, 54, 12139, 15360, 66.42, 1065
2026/07/13 04:24:26.714, 100, 42, 12139, 15360, 66.91, 1065
2026/07/13 04:24:27.724, 100, 54, 12139, 15360, 66.06, 1050
2026/07/13 04:24:28.756, 100, 41, 12139, 15360, 65.77, 1020
2026/07/13 04:24:29.775, 100, 58, 12139, 15360, 66.12, 1050
2026/07/13 04:24:30.805, 100, 41, 12139, 15360, 65.38, 1050
2026/07/13 04:24:31.823, 96, 63, 12139, 15360, 67.20, 1050
2026/07/13 04:24:32.832, 100, 37, 12139, 15360, 67.20, 1035
2026/07/13 04:24:33.846, 96, 61, 12139, 15360, 66.42, 1035
2026/07/13 04:24:34.856, 100, 39, 12139, 15360, 67.49, 1065
2026/07/13 04:24:35.865, 96, 58, 12139, 15360, 65.57, 1065
2026/07/13 04:24:36.873, 100, 37, 12139, 15360, 66.36, 1080
2026/07/13 04:24:37.884, 96, 53, 12139, 15360, 63.95, 1065
2026/07/13 04:24:38.895, 100, 32, 12139, 15360, 67.40, 1065
2026/07/13 04:24:39.906, 100, 48, 12139, 15360, 67.30, 1050
2026/07/13 04:24:40.926, 100, 32, 12139, 15360, 63.42, 1065
2026/07/13 04:24:41.955, 100, 42, 12139, 15360, 68.18, 1035
2026/07/13 04:24:42.983, 100, 46, 12139, 15360, 62.91, 1050
2026/07/13 04:24:43.994, 100, 41, 12139, 15360, 64.89, 1080
2026/07/13 04:24:45.033, 100, 43, 12139, 15360, 66.02, 1035
2026/07/13 04:24:46.051, 96, 50, 12139, 15360, 58.00, 1185
2026/07/13 04:24:47.062, 100, 34, 12139, 15360, 59.17, 975
2026/07/13 04:24:48.071, 100, 43, 12139, 15360, 65.48, 1050
2026/07/13 04:24:49.091, 100, 37, 12139, 15360, 67.59, 885
2026/07/13 04:24:50.102, 100, 41, 12139, 15360, 67.73, 1035
2026/07/13 04:24:51.111, 100, 45, 12139, 15360, 69.41, 720
2026/07/13 04:24:52.121, 100, 41, 12139, 15360, 66.56, 1020
2026/07/13 04:24:53.128, 100, 43, 12139, 15360, 64.99, 735
2026/07/13 04:24:54.139, 100, 42, 12139, 15360, 65.63, 1050
2026/07/13 04:24:55.149, 100, 48, 12139, 15360, 72.21, 810
2026/07/13 04:24:56.159, 100, 41, 12139, 15360, 66.02, 990
2026/07/13 04:24:57.184, 100, 56, 12139, 15360, 57.34, 840
2026/07/13 04:24:58.198, 100, 42, 12139, 15360, 66.51, 1050
2026/07/13 04:24:59.219, 100, 45, 12139, 15360, 66.51, 1050
2026/07/13 04:25:00.236, 100, 41, 12139, 15360, 66.56, 1005
2026/07/13 04:25:01.251, 100, 51, 12139, 15360, 73.28, 915
2026/07/13 04:25:02.278, 100, 40, 12139, 15360, 66.75, 1050
2026/07/13 04:25:03.288, 100, 56, 12139, 15360, 67.10, 795
2026/07/13 04:25:04.297, 100, 42, 12139, 15360, 66.26, 1035
2026/07/13 04:25:05.309, 100, 57, 12139, 15360, 71.81, 810
2026/07/13 04:25:06.319, 100, 42, 12139, 15360, 66.56, 1050
2026/07/13 04:25:07.327, 100, 57, 12139, 15360, 66.65, 1035
2026/07/13 04:25:08.335, 100, 38, 12139, 15360, 66.26, 1050
2026/07/13 04:25:09.344, 100, 57, 12139, 15360, 66.32, 1050
2026/07/13 04:25:10.367, 100, 42, 12139, 15360, 67.40, 1065
2026/07/13 04:25:11.398, 100, 56, 12139, 15360, 65.28, 1050
2026/07/13 04:25:12.416, 100, 41, 12139, 15360, 66.81, 1050
2026/07/13 04:25:13.438, 100, 54, 12139, 15360, 69.41, 1035
2026/07/13 04:25:14.447, 100, 40, 12139, 15360, 64.89, 1050
2026/07/13 04:25:15.456, 100, 54, 12139, 15360, 67.10, 1035
2026/07/13 04:25:16.464, 100, 42, 12139, 15360, 65.44, 1050
2026/07/13 04:25:17.478, 100, 54, 12139, 15360, 67.40, 1035
2026/07/13 04:25:18.486, 100, 41, 12139, 15360, 66.18, 1080
2026/07/13 04:25:19.495, 100, 54, 12139, 15360, 68.57, 1050
2026/07/13 04:25:20.503, 100, 39, 12139, 15360, 65.77, 1020
2026/07/13 04:25:21.517, 100, 55, 12139, 15360, 65.57, 1065
2026/07/13 04:25:22.528, 100, 41, 12139, 15360, 64.10, 1065
2026/07/13 04:25:23.536, 97, 55, 12139, 15360, 65.48, 1050
2026/07/13 04:25:24.558, 100, 42, 12139, 15360, 66.56, 1065
2026/07/13 04:25:25.569, 94, 61, 12139, 15360, 68.03, 1065
2026/07/13 04:25:26.578, 100, 38, 12139, 15360, 67.44, 1020
2026/07/13 04:25:27.615, 93, 58, 12139, 15360, 66.26, 1050
2026/07/13 04:25:28.627, 100, 37, 12139, 15360, 67.49, 1065
2026/07/13 04:25:29.640, 96, 55, 12139, 15360, 64.79, 1065
2026/07/13 04:25:30.658, 100, 36, 12139, 15360, 65.87, 1065
2026/07/13 04:25:31.671, 100, 55, 12139, 15360, 68.28, 1065
2026/07/13 04:25:32.679, 100, 42, 12139, 15360, 66.71, 1050
2026/07/13 04:25:33.687, 100, 50, 12139, 15360, 67.00, 1065
2026/07/13 04:25:34.695, 100, 30, 12139, 15360, 64.99, 1035
2026/07/13 04:25:35.704, 100, 41, 12139, 15360, 66.12, 1050
2026/07/13 04:25:36.712, 100, 44, 12139, 15360, 68.57, 1050
2026/07/13 04:25:37.725, 100, 42, 12139, 15360, 65.18, 1020
2026/07/13 04:25:38.748, 100, 36, 12139, 15360, 65.63, 1050
2026/07/13 04:25:39.770, 94, 54, 12139, 15360, 71.47, 1035
2026/07/13 04:25:40.796, 100, 36, 12139, 15360, 65.77, 1020
2026/07/13 04:25:41.827, 96, 51, 12139, 15360, 52.20, 1065
2026/07/13 04:25:42.838, 100, 32, 12139, 15360, 56.99, 1050
2026/07/13 04:25:43.849, 100, 41, 12139, 15360, 67.00, 1200
2026/07/13 04:25:44.859, 100, 42, 12139, 15360, 67.00, 990
2026/07/13 04:25:45.868, 100, 42, 12139, 15360, 65.97, 1035
2026/07/13 04:25:46.890, 100, 44, 12139, 15360, 71.07, 885
2026/07/13 04:25:47.904, 100, 41, 12139, 15360, 66.26, 1035
2026/07/13 04:25:48.934, 100, 45, 12139, 15360, 67.00, 705
2026/07/13 04:25:49.957, 100, 42, 12139, 15360, 66.32, 1050
2026/07/13 04:25:50.968, 100, 53, 12139, 15360, 69.51, 705
2026/07/13 04:25:51.982, 100, 39, 12139, 15360, 66.71, 1035
2026/07/13 04:25:52.998, 100, 45, 12139, 15360, 69.80, 780
2026/07/13 04:25:54.008, 100, 41, 12139, 15360, 66.61, 1035
2026/07/13 04:25:55.050, 100, 51, 12139, 15360, 57.44, 855
2026/07/13 04:25:56.059, 100, 42, 12139, 15360, 66.26, 1035
2026/07/13 04:25:57.069, 100, 56, 12139, 15360, 66.51, 1005
2026/07/13 04:25:58.077, 100, 39, 12139, 15360, 65.97, 1035
2026/07/13 04:25:59.089, 100, 55, 12139, 15360, 72.30, 780
2026/07/13 04:26:00.102, 100, 41, 12139, 15360, 67.89, 1050
2026/07/13 04:26:01.111, 100, 54, 12139, 15360, 66.61, 750
2026/07/13 04:26:02.119, 100, 41, 12139, 15360, 66.46, 1020
2026/07/13 04:26:03.131, 100, 56, 12139, 15360, 66.22, 1020
2026/07/13 04:26:04.139, 100, 40, 12139, 15360, 65.97, 1035
2026/07/13 04:26:05.147, 100, 54, 12139, 15360, 66.91, 1050
2026/07/13 04:26:06.157, 100, 42, 12139, 15360, 66.60, 1020
2026/07/13 04:26:07.166, 100, 55, 12139, 15360, 64.79, 1050
2026/07/13 04:26:08.192, 100, 42, 12139, 15360, 65.73, 1035
2026/07/13 04:26:09.214, 100, 56, 12139, 15360, 68.77, 1020
2026/07/13 04:26:10.223, 100, 42, 12139, 15360, 66.75, 1020
2026/07/13 04:26:11.233, 100, 55, 12139, 15360, 65.73, 1020
2026/07/13 04:26:12.244, 100, 41, 12139, 15360, 66.91, 1035
2026/07/13 04:26:13.256, 100, 56, 12139, 15360, 65.57, 1035
2026/07/13 04:26:14.271, 100, 42, 12139, 15360, 66.75, 1035
2026/07/13 04:26:15.283, 100, 55, 12139, 15360, 66.85, 1035
2026/07/13 04:26:16.293, 100, 39, 12139, 15360, 64.10, 1020
2026/07/13 04:26:17.301, 100, 54, 12139, 15360, 66.12, 1050
2026/07/13 04:26:18.310, 100, 40, 12139, 15360, 65.14, 1050
2026/07/13 04:26:19.319, 99, 55, 12139, 15360, 66.22, 1050
2026/07/13 04:26:20.329, 100, 41, 12139, 15360, 66.02, 1050
2026/07/13 04:26:21.343, 94, 60, 12139, 15360, 66.22, 1050
2026/07/13 04:26:22.356, 100, 38, 12139, 15360, 66.56, 1035
2026/07/13 04:26:23.368, 94, 54, 12139, 15360, 68.08, 1020
2026/07/13 04:26:24.380, 100, 37, 12139, 15360, 66.16, 1050
2026/07/13 04:26:25.388, 96, 52, 12139, 15360, 65.08, 1140
2026/07/13 04:26:26.401, 100, 32, 12139, 15360, 62.28, 1020
2026/07/13 04:26:27.416, 100, 38, 12139, 15360, 66.61, 1095
2026/07/13 04:26:28.430, 100, 45, 12139, 15360, 67.00, 870
2026/07/13 04:26:29.443, 100, 39, 12139, 15360, 67.65, 1050
2026/07/13 04:26:30.451, 100, 43, 12139, 15360, 67.59, 690
2026/07/13 04:26:31.462, 100, 41, 12139, 15360, 66.12, 1035
2026/07/13 04:26:32.471, 100, 49, 12139, 15360, 71.91, 840
2026/07/13 04:26:33.482, 100, 41, 12139, 15360, 66.81, 1005
2026/07/13 04:26:34.494, 100, 50, 12139, 15360, 57.25, 945
2026/07/13 04:26:35.508, 100, 39, 12139, 15360, 64.85, 1050
2026/07/13 04:26:36.524, 100, 48, 12139, 15360, 67.00, 1020
2026/07/13 04:26:37.563, 100, 41, 12139, 15360, 64.14, 1050
2026/07/13 04:26:38.590, 100, 54, 12139, 15360, 65.73, 780
2026/07/13 04:26:39.608, 100, 42, 12139, 15360, 65.52, 1035
2026/07/13 04:26:40.620, 100, 56, 12139, 15360, 69.70, 765
2026/07/13 04:26:41.630, 100, 41, 12139, 15360, 66.12, 1050
2026/07/13 04:26:42.641, 100, 56, 12139, 15360, 65.30, 1020
2026/07/13 04:26:43.651, 100, 40, 12139, 15360, 67.79, 1050
2026/07/13 04:26:44.660, 100, 54, 12139, 15360, 66.12, 1050
2026/07/13 04:26:45.670, 100, 42, 12139, 15360, 64.30, 1035
2026/07/13 04:26:46.685, 100, 55, 12139, 15360, 65.18, 1050
2026/07/13 04:26:47.695, 100, 39, 12139, 15360, 66.12, 1035
2026/07/13 04:26:48.704, 100, 55, 12139, 15360, 67.24, 1050
2026/07/13 04:26:49.731, 100, 42, 12139, 15360, 65.93, 1065
2026/07/13 04:26:50.749, 100, 57, 12139, 15360, 67.00, 1035
2026/07/13 04:26:51.766, 100, 40, 12139, 15360, 65.87, 1020
2026/07/13 04:26:52.783, 100, 54, 12139, 15360, 65.77, 1050
2026/07/13 04:26:53.794, 100, 41, 12139, 15360, 65.04, 1065
2026/07/13 04:26:54.807, 100, 56, 12139, 15360, 66.47, 1035
2026/07/13 04:26:55.820, 100, 41, 12139, 15360, 66.46, 1035
2026/07/13 04:26:56.830, 96, 63, 12139, 15360, 66.56, 1035
2026/07/13 04:26:57.846, 100, 38, 12139, 15360, 66.32, 1050
2026/07/13 04:26:58.855, 96, 59, 12139, 15360, 65.18, 1050
2026/07/13 04:26:59.866, 100, 37, 12139, 15360, 68.92, 1005
2026/07/13 04:27:00.878, 96, 56, 12139, 15360, 66.16, 1035
2026/07/13 04:27:01.886, 100, 36, 12139, 15360, 65.44, 1050
2026/07/13 04:27:02.894, 96, 49, 12139, 15360, 65.87, 1035
2026/07/13 04:27:03.908, 100, 29, 12139, 15360, 66.02, 1035
2026/07/13 04:27:04.921, 100, 42, 12139, 15360, 70.49, 1050
2026/07/13 04:27:05.931, 100, 45, 12139, 15360, 62.18, 1035
2026/07/13 04:27:06.951, 100, 41, 12139, 15360, 64.20, 1035
2026/07/13 04:27:07.964, 100, 36, 12139, 15360, 56.85, 1035
2026/07/13 04:27:08.974, 96, 52, 12139, 15360, 66.75, 1185
2026/07/13 04:27:09.984, 100, 33, 12139, 15360, 60.94, 960
2026/07/13 04:27:10.995, 100, 41, 12139, 15360, 63.61, 1080
2026/07/13 04:27:12.019, 100, 42, 12139, 15360, 67.49, 705
2026/07/13 04:27:13.033, 100, 42, 12139, 15360, 66.56, 1020
2026/07/13 04:27:14.042, 100, 43, 12139, 15360, 70.88, 675
2026/07/13 04:27:15.050, 100, 40, 12139, 15360, 64.10, 1035
2026/07/13 04:27:16.058, 100, 45, 12139, 15360, 65.38, 885
2026/07/13 04:27:17.066, 100, 41, 12139, 15360, 65.73, 1035
2026/07/13 04:27:18.097, 100, 56, 12139, 15360, 66.06, 840
2026/07/13 04:27:19.117, 100, 42, 12139, 15360, 65.32, 1035
2026/07/13 04:27:20.144, 100, 45, 12139, 15360, 66.51, 855
2026/07/13 04:27:21.160, 100, 39, 12139, 15360, 67.89, 1035
2026/07/13 04:27:22.171, 100, 53, 12139, 15360, 70.68, 870
2026/07/13 04:27:23.189, 100, 42, 12139, 15360, 65.63, 1020
2026/07/13 04:27:24.199, 100, 54, 12139, 15360, 67.79, 765
2026/07/13 04:27:25.209, 100, 38, 12139, 15360, 67.54, 1050
2026/07/13 04:27:26.222, 100, 56, 12139, 15360, 66.95, 795
2026/07/13 04:27:27.237, 100, 41, 12139, 15360, 65.18, 1020
2026/07/13 04:27:28.247, 100, 54, 12139, 15360, 65.38, 1035
2026/07/13 04:27:29.256, 100, 41, 12139, 15360, 66.22, 1050
2026/07/13 04:27:30.268, 100, 57, 12139, 15360, 64.95, 1035
2026/07/13 04:27:31.277, 100, 41, 12139, 15360, 66.36, 1020
2026/07/13 04:27:32.286, 100, 56, 12139, 15360, 66.42, 1050
2026/07/13 04:27:33.297, 100, 40, 12139, 15360, 66.75, 1020
2026/07/13 04:27:34.306, 100, 56, 12139, 15360, 66.02, 1050
2026/07/13 04:27:35.315, 100, 41, 12139, 15360, 64.55, 1035
2026/07/13 04:27:36.324, 100, 55, 12139, 15360, 64.55, 1035
2026/07/13 04:27:37.337, 100, 41, 12139, 15360, 66.75, 1050
2026/07/13 04:27:38.347, 100, 56, 12139, 15360, 65.57, 1035
2026/07/13 04:27:39.359, 100, 41, 12139, 15360, 66.22, 1035
2026/07/13 04:27:40.369, 96, 62, 12139, 15360, 66.96, 1035
2026/07/13 04:27:41.380, 100, 36, 12139, 15360, 64.30, 1020
2026/07/13 04:27:42.389, 96, 57, 12139, 15360, 67.00, 1035
2026/07/13 04:27:43.401, 100, 35, 12139, 15360, 68.82, 1035
2026/07/13 04:27:44.408, 96, 52, 12139, 15360, 66.42, 1050
2026/07/13 04:27:45.421, 100, 30, 12139, 15360, 67.00, 1050
2026/07/13 04:27:46.430, 100, 40, 12139, 15360, 70.98, 1020
2026/07/13 04:27:47.455, 100, 44, 12139, 15360, 64.10, 1020
2026/07/13 04:27:48.484, 100, 41, 12139, 15360, 61.92, 1185
2026/07/13 04:27:49.504, 100, 43, 12139, 15360, 56.00, 960
2026/07/13 04:27:50.513, 100, 41, 12139, 15360, 66.28, 1050
2026/07/13 04:27:51.535, 100, 52, 12139, 15360, 70.29, 705
2026/07/13 04:27:52.546, 100, 42, 12139, 15360, 65.38, 1035
2026/07/13 04:27:53.554, 100, 45, 12139, 15360, 66.91, 705
2026/07/13 04:27:54.568, 100, 41, 12139, 15360, 65.73, 1020
2026/07/13 04:27:55.579, 100, 53, 12139, 15360, 57.51, 795
2026/07/13 04:27:56.588, 100, 39, 12139, 15360, 67.84, 1050
2026/07/13 04:27:57.598, 100, 55, 12139, 15360, 66.91, 1050
2026/07/13 04:27:58.606, 100, 41, 12139, 15360, 66.56, 1050
2026/07/13 04:27:59.621, 100, 55, 12139, 15360, 72.30, 765
2026/07/13 04:28:00.631, 100, 41, 12139, 15360, 66.36, 1050
2026/07/13 04:28:01.659, 100, 53, 12139, 15360, 66.51, 825
2026/07/13 04:28:02.668, 100, 41, 12139, 15360, 65.04, 1065
2026/07/13 04:28:03.679, 100, 57, 12139, 15360, 66.81, 1035
2026/07/13 04:28:04.689, 100, 41, 12139, 15360, 65.18, 1050
2026/07/13 04:28:05.697, 100, 56, 12139, 15360, 66.81, 1035
2026/07/13 04:28:06.709, 100, 42, 12139, 15360, 64.20, 1020
2026/07/13 04:28:07.721, 100, 55, 12139, 15360, 67.30, 1020
2026/07/13 04:28:08.737, 100, 41, 12139, 15360, 68.28, 1050
2026/07/13 04:28:09.745, 100, 54, 12139, 15360, 66.91, 1050
2026/07/13 04:28:10.756, 100, 40, 12139, 15360, 67.69, 1050
2026/07/13 04:28:11.767, 100, 55, 12139, 15360, 65.38, 1020
2026/07/13 04:28:12.776, 100, 41, 12139, 15360, 65.77, 1050
2026/07/13 04:28:13.789, 100, 55, 12139, 15360, 66.40, 1035
2026/07/13 04:28:14.799, 100, 42, 12139, 15360, 66.12, 1020
2026/07/13 04:28:15.830, 100, 56, 12139, 15360, 65.93, 1050
2026/07/13 04:28:16.847, 100, 41, 12139, 15360, 67.10, 1035
2026/07/13 04:28:17.856, 96, 57, 12139, 15360, 66.16, 990
2026/07/13 04:28:18.868, 100, 37, 12139, 15360, 65.14, 1035
2026/07/13 04:28:19.879, 96, 58, 12139, 15360, 65.93, 1050
2026/07/13 04:28:20.890, 100, 38, 12139, 15360, 65.28, 1035
2026/07/13 04:28:21.898, 96, 55, 12139, 15360, 66.42, 1035
2026/07/13 04:28:22.906, 100, 36, 12139, 15360, 67.14, 1050
2026/07/13 04:28:23.913, 96, 53, 12139, 15360, 73.03, 1035
2026/07/13 04:28:24.928, 100, 33, 12139, 15360, 62.47, 1035
2026/07/13 04:28:25.936, 100, 40, 12139, 15360, 62.83, 1095
2026/07/13 04:28:26.949, 100, 43, 12139, 15360, 63.71, 1020
2026/07/13 04:28:27.974, 100, 42, 12139, 15360, 67.89, 1245
2026/07/13 04:28:29.015, 100, 44, 12139, 15360, 60.65, 1020
2026/07/13 04:28:30.038, 100, 41, 12139, 15360, 67.40, 1125
2026/07/13 04:28:31.065, 100, 48, 12139, 15360, 66.42, 870
2026/07/13 04:28:32.080, 100, 40, 12139, 15360, 65.87, 1065
2026/07/13 04:28:33.090, 100, 55, 12139, 15360, 71.62, 705
2026/07/13 04:28:34.099, 100, 42, 12139, 15360, 67.49, 1065
2026/07/13 04:28:35.109, 100, 45, 12139, 15360, 67.49, 780
2026/07/13 04:28:36.119, 100, 40, 12139, 15360, 66.26, 1065
2026/07/13 04:28:37.128, 100, 52, 12139, 15360, 69.21, 795
2026/07/13 04:28:38.139, 100, 42, 12139, 15360, 65.04, 1035
2026/07/13 04:28:39.153, 100, 54, 12139, 15360, 66.91, 1020
2026/07/13 04:28:40.161, 100, 41, 12139, 15360, 66.46, 1020
2026/07/13 04:28:41.170, 100, 56, 12139, 15360, 70.29, 780
2026/07/13 04:28:42.195, 100, 41, 12139, 15360, 66.56, 1020
2026/07/13 04:28:43.211, 100, 56, 12139, 15360, 67.55, 750
2026/07/13 04:28:44.223, 100, 42, 12139, 15360, 66.77, 1035
2026/07/13 04:28:45.241, 100, 55, 12139, 15360, 64.73, 1050
2026/07/13 04:28:46.258, 100, 41, 12139, 15360, 67.69, 1035
2026/07/13 04:28:47.269, 100, 56, 12139, 15360, 66.56, 1035
2026/07/13 04:28:48.279, 100, 41, 12139, 15360, 66.81, 1050
2026/07/13 04:28:49.286, 100, 56, 12139, 15360, 66.06, 1020
2026/07/13 04:28:50.302, 100, 39, 12139, 15360, 66.06, 1020
2026/07/13 04:28:51.314, 100, 54, 12139, 15360, 66.65, 1050
2026/07/13 04:28:52.325, 100, 40, 12139, 15360, 65.08, 1005
2026/07/13 04:28:53.337, 100, 54, 12139, 15360, 66.26, 1050
2026/07/13 04:28:54.349, 100, 41, 12139, 15360, 67.98, 1050
2026/07/13 04:28:55.358, 100, 55, 12139, 15360, 66.12, 1050
2026/07/13 04:28:56.371, 100, 41, 12139, 15360, 66.56, 1020
2026/07/13 04:28:57.380, 100, 56, 12139, 15360, 66.02, 1035
2026/07/13 04:28:58.391, 100, 41, 12139, 15360, 67.79, 1035
2026/07/13 04:28:59.399, 100, 58, 12139, 15360, 68.12, 1020
2026/07/13 04:29:00.406, 100, 41, 12139, 15360, 67.40, 1020
2026/07/13 04:29:01.415, 96, 62, 12139, 15360, 68.82, 1035
2026/07/13 04:29:02.431, 100, 37, 12139, 15360, 63.42, 1020
2026/07/13 04:29:03.440, 96, 53, 12139, 15360, 64.50, 1020
2026/07/13 04:29:04.449, 100, 36, 12139, 15360, 54.72, 1050
2026/07/13 04:29:05.457, 98, 49, 12139, 15360, 65.83, 1290
2026/07/13 04:29:06.472, 100, 31, 12139, 15360, 70.10, 885
2026/07/13 04:29:07.482, 100, 40, 12139, 15360, 68.08, 1050
2026/07/13 04:29:08.492, 100, 45, 12139, 15360, 68.38, 690
2026/07/13 04:29:09.502, 100, 41, 12139, 15360, 64.46, 1050
2026/07/13 04:29:10.520, 100, 45, 12139, 15360, 57.64, 795
2026/07/13 04:29:11.530, 100, 41, 12139, 15360, 66.42, 1020
2026/07/13 04:29:12.567, 100, 53, 12139, 15360, 70.49, 780
2026/07/13 04:29:13.593, 100, 38, 12139, 15360, 66.51, 1020
2026/07/13 04:29:14.609, 100, 47, 12139, 15360, 66.51, 1020
2026/07/13 04:29:15.623, 100, 38, 12139, 15360, 64.69, 1035
2026/07/13 04:29:16.634, 100, 56, 12139, 15360, 74.31, 750
2026/07/13 04:29:17.642, 100, 39, 12139, 15360, 66.65, 1020
2026/07/13 04:29:18.652, 100, 55, 12139, 15360, 67.00, 1020
2026/07/13 04:29:19.659, 100, 39, 12139, 15360, 65.81, 1050
2026/07/13 04:29:20.671, 100, 54, 12139, 15360, 65.73, 1050
2026/07/13 04:29:21.680, 100, 39, 12139, 15360, 65.97, 1020
2026/07/13 04:29:22.691, 100, 54, 12139, 15360, 67.73, 1035
2026/07/13 04:29:23.700, 100, 39, 12139, 15360, 66.06, 1005
2026/07/13 04:29:24.718, 100, 54, 12139, 15360, 64.00, 1035
2026/07/13 04:29:25.728, 100, 38, 12139, 15360, 66.26, 1050
2026/07/13 04:29:26.737, 100, 57, 12139, 15360, 65.77, 1050
2026/07/13 04:29:27.746, 100, 38, 12139, 15360, 65.73, 1050
2026/07/13 04:29:28.753, 100, 56, 12139, 15360, 66.75, 1035
2026/07/13 04:29:29.764, 100, 41, 12139, 15360, 65.18, 1050
2026/07/13 04:29:30.772, 96, 62, 12139, 15360, 66.51, 1050
2026/07/13 04:29:31.782, 100, 36, 12139, 15360, 66.65, 1020
2026/07/13 04:29:32.790, 96, 58, 12139, 15360, 66.75, 1035
2026/07/13 04:29:33.797, 100, 36, 12139, 15360, 66.51, 1020
2026/07/13 04:29:34.805, 96, 52, 12139, 15360, 69.90, 1035
2026/07/13 04:29:35.816, 100, 29, 12139, 15360, 61.98, 1035
2026/07/13 04:29:36.823, 100, 40, 12139, 15360, 63.16, 1125
2026/07/13 04:29:37.835, 100, 45, 12139, 15360, 66.42, 1050
2026/07/13 04:29:38.866, 100, 40, 12139, 15360, 66.47, 1095
2026/07/13 04:29:39.880, 100, 43, 12139, 15360, 70.29, 720
2026/07/13 04:29:40.891, 100, 39, 12139, 15360, 66.16, 1050
2026/07/13 04:29:41.914, 100, 52, 12139, 15360, 67.20, 690
2026/07/13 04:29:42.927, 100, 40, 12139, 15360, 66.16, 1050
2026/07/13 04:29:43.936, 100, 44, 12139, 15360, 66.32, 840
2026/07/13 04:29:44.945, 100, 41, 12139, 15360, 66.16, 1050
2026/07/13 04:29:45.955, 100, 50, 12139, 15360, 72.69, 870
2026/07/13 04:29:46.965, 100, 42, 12139, 15360, 65.24, 1050
2026/07/13 04:29:47.973, 100, 55, 12139, 15360, 60.16, 870
2026/07/13 04:29:48.991, 100, 40, 12139, 15360, 66.26, 1050
2026/07/13 04:29:50.001, 100, 57, 12139, 15360, 67.89, 765
2026/07/13 04:29:51.013, 100, 42, 12139, 15360, 64.34, 1035
2026/07/13 04:29:52.022, 100, 54, 12139, 15360, 66.65, 1050
2026/07/13 04:29:53.031, 100, 41, 12139, 15360, 66.46, 1035
2026/07/13 04:29:54.056, 100, 56, 12139, 15360, 66.57, 1035
2026/07/13 04:29:55.066, 100, 40, 12139, 15360, 65.57, 1050
2026/07/13 04:29:56.076, 100, 55, 12139, 15360, 65.77, 1005
2026/07/13 04:29:57.085, 100, 41, 12139, 15360, 65.98, 1020
2026/07/13 04:29:58.101, 100, 56, 12139, 15360, 66.36, 1035
2026/07/13 04:29:59.112, 100, 39, 12139, 15360, 66.26, 1035
2026/07/13 04:30:00.120, 100, 55, 12139, 15360, 66.46, 1020
2026/07/13 04:30:01.130, 100, 41, 12139, 15360, 66.26, 1020
2026/07/13 04:30:02.141, 100, 56, 12139, 15360, 66.16, 1035
2026/07/13 04:30:03.152, 100, 40, 12139, 15360, 65.93, 1035
2026/07/13 04:30:04.167, 96, 54, 12139, 15360, 66.32, 1050
2026/07/13 04:30:05.178, 100, 41, 12139, 15360, 67.30, 1035
2026/07/13 04:30:06.188, 94, 58, 12139, 15360, 66.51, 1020
2026/07/13 04:30:07.201, 100, 37, 12139, 15360, 64.59, 1050
2026/07/13 04:30:08.214, 94, 56, 12139, 15360, 65.87, 1065
2026/07/13 04:30:09.228, 100, 36, 12139, 15360, 65.87, 1035
2026/07/13 04:30:10.252, 96, 52, 12139, 15360, 65.28, 1065
2026/07/13 04:30:11.264, 100, 32, 12139, 15360, 66.12, 1050
2026/07/13 04:30:12.273, 100, 39, 12139, 15360, 65.97, 1065
2026/07/13 04:30:13.283, 100, 43, 12139, 15360, 67.14, 1050
2026/07/13 04:30:14.291, 100, 41, 12139, 15360, 68.08, 1050
2026/07/13 04:30:15.300, 100, 43, 12139, 15360, 61.04, 1035
2026/07/13 04:30:16.312, 100, 42, 12139, 15360, 64.10, 1185
2026/07/13 04:30:17.323, 100, 46, 12139, 15360, 66.71, 975
2026/07/13 04:30:18.331, 100, 39, 12139, 15360, 64.79, 1035
2026/07/13 04:30:19.350, 100, 35, 12139, 15360, 69.80, 720
2026/07/13 04:30:20.365, 100, 38, 12139, 15360, 64.36, 1050
2026/07/13 04:30:21.385, 100, 45, 12139, 15360, 67.49, 690
2026/07/13 04:30:22.397, 100, 39, 12139, 15360, 66.02, 1035
2026/07/13 04:30:23.424, 100, 46, 12139, 15360, 67.79, 780
2026/07/13 04:30:24.451, 100, 41, 12139, 15360, 66.26, 1035
2026/07/13 04:30:25.464, 100, 55, 12139, 15360, 70.78, 825
2026/07/13 04:30:26.475, 100, 42, 12139, 15360, 65.42, 1020
2026/07/13 04:30:27.490, 100, 45, 12139, 15360, 57.54, 1005
2026/07/13 04:30:28.498, 100, 40, 12139, 15360, 65.67, 1050
2026/07/13 04:30:29.508, 100, 53, 12139, 15360, 67.59, 780
2026/07/13 04:30:30.518, 100, 41, 12139, 15360, 66.16, 1065
2026/07/13 04:30:31.526, 100, 57, 12139, 15360, 71.23, 750
2026/07/13 04:30:32.536, 100, 41, 12139, 15360, 64.46, 1050
2026/07/13 04:30:33.545, 100, 54, 12139, 15360, 64.65, 1050
2026/07/13 04:30:34.559, 100, 41, 12139, 15360, 65.83, 1050
2026/07/13 04:30:35.580, 100, 55, 12139, 15360, 66.02, 1050
2026/07/13 04:30:36.616, 100, 42, 12139, 15360, 65.28, 1035
2026/07/13 04:30:37.628, 100, 56, 12139, 15360, 65.08, 1020
2026/07/13 04:30:38.643, 100, 40, 12139, 15360, 63.32, 1035
2026/07/13 04:30:39.652, 100, 56, 12139, 15360, 66.61, 1050
2026/07/13 04:30:40.663, 100, 38, 12139, 15360, 65.18, 1050
2026/07/13 04:30:41.671, 100, 55, 12139, 15360, 68.04, 1020
2026/07/13 04:30:42.682, 100, 41, 12139, 15360, 65.14, 1035
2026/07/13 04:30:43.695, 100, 54, 12139, 15360, 65.67, 1050
2026/07/13 04:30:44.713, 100, 40, 12139, 15360, 66.02, 1035
2026/07/13 04:30:45.724, 96, 61, 12139, 15360, 65.08, 1020
2026/07/13 04:30:46.732, 100, 38, 12139, 15360, 66.02, 1035
2026/07/13 04:30:47.744, 96, 57, 12139, 15360, 67.44, 1035
2026/07/13 04:30:48.762, 100, 38, 12139, 15360, 65.24, 1035
2026/07/13 04:30:49.776, 93, 49, 12139, 15360, 66.12, 1020
2026/07/13 04:30:50.791, 100, 32, 12139, 15360, 67.10, 1020
2026/07/13 04:30:51.800, 100, 38, 12139, 15360, 64.16, 1020
2026/07/13 04:30:52.809, 100, 44, 12139, 15360, 64.30, 1035
2026/07/13 04:30:53.819, 100, 39, 12139, 15360, 65.53, 1095
2026/07/13 04:30:54.831, 100, 43, 12139, 15360, 59.31, 1005
2026/07/13 04:30:55.841, 100, 39, 12139, 15360, 63.03, 1020
2026/07/13 04:30:56.860, 100, 53, 12139, 15360, 67.10, 690
2026/07/13 04:30:57.870, 100, 41, 12139, 15360, 65.48, 990
2026/07/13 04:30:58.879, 100, 45, 12139, 15360, 66.61, 795
2026/07/13 04:30:59.888, 100, 41, 12139, 15360, 65.03, 1035
2026/07/13 04:31:00.897, 100, 52, 12139, 15360, 71.91, 795
2026/07/13 04:31:01.906, 100, 41, 12139, 15360, 67.10, 1020
2026/07/13 04:31:02.922, 100, 54, 12139, 15360, 66.81, 870
2026/07/13 04:31:03.947, 100, 41, 12139, 15360, 66.91, 990
2026/07/13 04:31:04.976, 100, 49, 12139, 15360, 66.46, 735
2026/07/13 04:31:05.986, 100, 41, 12139, 15360, 65.08, 1035
2026/07/13 04:31:07.005, 100, 54, 12139, 15360, 67.98, 1050
2026/07/13 04:31:08.013, 100, 40, 12139, 15360, 67.10, 1035
2026/07/13 04:31:09.021, 100, 54, 12139, 15360, 68.57, 1035
2026/07/13 04:31:10.029, 100, 39, 12139, 15360, 65.77, 1050
2026/07/13 04:31:11.037, 100, 54, 12139, 15360, 66.12, 1005
2026/07/13 04:31:12.044, 100, 40, 12139, 15360, 67.14, 1020
2026/07/13 04:31:13.053, 100, 55, 12139, 15360, 65.38, 1035
2026/07/13 04:31:14.062, 100, 41, 12139, 15360, 64.79, 1020
2026/07/13 04:31:15.070, 100, 54, 12139, 15360, 65.48, 1035
2026/07/13 04:31:16.081, 100, 39, 12139, 15360, 66.71, 990
2026/07/13 04:31:17.094, 100, 56, 12139, 15360, 65.67, 1050
2026/07/13 04:31:18.116, 100, 39, 12139, 15360, 66.51, 1020
2026/07/13 04:31:19.134, 100, 56, 12139, 15360, 66.22, 1035
2026/07/13 04:31:20.146, 100, 39, 12139, 15360, 65.97, 1035
2026/07/13 04:31:21.157, 96, 62, 12139, 15360, 65.57, 1020
2026/07/13 04:31:22.165, 100, 36, 12139, 15360, 65.67, 1035
2026/07/13 04:31:23.176, 96, 58, 12139, 15360, 71.13, 1035
2026/07/13 04:31:24.187, 100, 36, 12139, 15360, 60.41, 1050
2026/07/13 04:31:25.198, 96, 51, 12139, 15360, 66.12, 1065
2026/07/13 04:31:26.208, 100, 28, 12139, 15360, 64.55, 1005
2026/07/13 04:31:27.221, 100, 42, 12139, 15360, 64.99, 1095
2026/07/13 04:31:28.238, 100, 44, 12139, 15360, 62.28, 840
2026/07/13 04:31:29.251, 100, 41, 12139, 15360, 66.02, 1050
2026/07/13 04:31:30.262, 100, 45, 12139, 15360, 69.90, 690
2026/07/13 04:31:31.271, 100, 41, 12139, 15360, 68.57, 1050
2026/07/13 04:31:32.293, 100, 54, 12139, 15360, 70.29, 810
2026/07/13 04:31:33.308, 100, 41, 12139, 15360, 65.81, 1035
2026/07/13 04:31:34.328, 100, 48, 12139, 15360, 60.51, 930
2026/07/13 04:31:35.352, 100, 41, 12139, 15360, 67.30, 1035
2026/07/13 04:31:36.361, 100, 55, 12139, 15360, 68.28, 795
2026/07/13 04:31:37.380, 100, 42, 12139, 15360, 66.16, 1035
2026/07/13 04:31:38.394, 100, 56, 12139, 15360, 66.61, 735
2026/07/13 04:31:39.403, 100, 41, 12139, 15360, 66.26, 1020
2026/07/13 04:31:40.419, 100, 56, 12139, 15360, 66.26, 1050
2026/07/13 04:31:41.428, 100, 41, 12139, 15360, 67.00, 1035
2026/07/13 04:31:42.436, 100, 54, 12139, 15360, 66.91, 1035
2026/07/13 04:31:43.445, 100, 41, 12139, 15360, 67.89, 1035
2026/07/13 04:31:44.456, 100, 55, 12139, 15360, 65.34, 1050
2026/07/13 04:31:45.464, 100, 38, 12139, 15360, 64.59, 1005
2026/07/13 04:31:46.491, 100, 54, 12139, 15360, 66.32, 1050
2026/07/13 04:31:47.520, 100, 39, 12139, 15360, 65.18, 1035
2026/07/13 04:31:48.531, 100, 55, 12139, 15360, 66.56, 1050
2026/07/13 04:31:49.545, 100, 40, 12139, 15360, 64.69, 1020
2026/07/13 04:31:50.555, 96, 58, 12139, 15360, 67.00, 1050
2026/07/13 04:31:51.566, 100, 37, 12139, 15360, 64.59, 1020
2026/07/13 04:31:52.574, 96, 59, 12139, 15360, 65.18, 1020
2026/07/13 04:31:53.583, 100, 36, 12139, 15360, 66.16, 1050
2026/07/13 04:31:54.592, 96, 54, 12139, 15360, 65.53, 1050
2026/07/13 04:31:55.599, 100, 32, 12139, 15360, 65.97, 1035
2026/07/13 04:31:56.608, 100, 46, 12139, 15360, 64.99, 1020
2026/07/13 04:31:57.623, 100, 36, 12139, 15360, 66.22, 1050
2026/07/13 04:31:58.631, 100, 42, 12139, 15360, 69.31, 1020
2026/07/13 04:31:59.642, 100, 43, 12139, 15360, 64.34, 1020
2026/07/13 04:32:00.671, 95, 53, 12139, 15360, 63.42, 1080
2026/07/13 04:32:01.703, 100, 33, 12139, 15360, 56.56, 1020
2026/07/13 04:32:02.715, 100, 43, 12139, 15360, 65.08, 1200
2026/07/13 04:32:03.747, 100, 43, 12139, 15360, 69.80, 780
2026/07/13 04:32:04.757, 100, 41, 12139, 15360, 63.91, 1020
2026/07/13 04:32:05.766, 100, 44, 12139, 15360, 68.82, 705
2026/07/13 04:32:06.775, 100, 42, 12139, 15360, 67.59, 1035
2026/07/13 04:32:07.783, 100, 50, 12139, 15360, 58.19, 795
2026/07/13 04:32:08.791, 100, 42, 12139, 15360, 68.77, 1035
2026/07/13 04:32:09.799, 100, 50, 12139, 15360, 66.71, 1005
2026/07/13 04:32:10.809, 100, 39, 12139, 15360, 64.50, 1035
2026/07/13 04:32:11.821, 100, 47, 12139, 15360, 74.21, 780
2026/07/13 04:32:12.832, 100, 41, 12139, 15360, 64.63, 1020
2026/07/13 04:32:13.843, 100, 54, 12139, 15360, 66.26, 795
2026/07/13 04:32:14.858, 100, 40, 12139, 15360, 66.06, 1035
2026/07/13 04:32:15.878, 100, 56, 12139, 15360, 66.16, 1035
2026/07/13 04:32:16.894, 100, 41, 12139, 15360, 65.42, 1050
2026/07/13 04:32:17.909, 100, 54, 12139, 15360, 67.10, 1020
2026/07/13 04:32:18.918, 100, 41, 12139, 15360, 66.69, 1050
2026/07/13 04:32:19.927, 100, 55, 12139, 15360, 65.73, 1020
2026/07/13 04:32:20.935, 100, 40, 12139, 15360, 63.91, 1035
2026/07/13 04:32:21.948, 100, 56, 12139, 15360, 66.12, 1050
2026/07/13 04:32:22.958, 100, 40, 12139, 15360, 67.10, 1050
2026/07/13 04:32:23.972, 100, 56, 12139, 15360, 63.67, 1035
2026/07/13 04:32:24.980, 100, 41, 12139, 15360, 63.81, 1050
2026/07/13 04:32:25.997, 100, 56, 12139, 15360, 64.04, 1035
2026/07/13 04:32:27.006, 100, 41, 12139, 15360, 66.85, 1035
2026/07/13 04:32:28.016, 100, 56, 12139, 15360, 66.46, 1035
2026/07/13 04:32:29.037, 100, 41, 12139, 15360, 63.81, 1050
2026/07/13 04:32:30.061, 94, 62, 12139, 15360, 65.97, 1020
2026/07/13 04:32:31.071, 100, 36, 12139, 15360, 65.97, 1005
2026/07/13 04:32:32.088, 96, 57, 12139, 15360, 65.93, 1020
2026/07/13 04:32:33.097, 100, 36, 12139, 15360, 65.34, 1035
2026/07/13 04:32:34.108, 96, 53, 12139, 15360, 68.92, 1035
2026/07/13 04:32:35.116, 100, 30, 12139, 15360, 65.63, 1050
2026/07/13 04:32:36.125, 100, 39, 12139, 15360, 59.86, 1065
2026/07/13 04:32:37.135, 100, 44, 12139, 15360, 57.25, 1005
2026/07/13 04:32:38.142, 100, 39, 12139, 15360, 66.01, 1065
2026/07/13 04:32:39.149, 100, 41, 12139, 15360, 67.69, 855
2026/07/13 04:32:40.159, 100, 41, 12139, 15360, 66.22, 1005
2026/07/13 04:32:41.167, 100, 49, 12139, 15360, 68.86, 675
2026/07/13 04:32:42.177, 100, 42, 12139, 15360, 66.42, 1035
2026/07/13 04:32:43.202, 100, 48, 12139, 15360, 70.39, 795
2026/07/13 04:32:44.214, 100, 41, 12139, 15360, 64.10, 1035
2026/07/13 04:32:45.238, 100, 50, 12139, 15360, 61.89, 825
2026/07/13 04:32:46.251, 100, 39, 12139, 15360, 65.73, 1020
2026/07/13 04:32:47.261, 100, 55, 12139, 15360, 68.08, 1050
2026/07/13 04:32:48.270, 100, 41, 12139, 15360, 65.73, 1050
2026/07/13 04:32:49.280, 100, 54, 12139, 15360, 66.42, 765
2026/07/13 04:32:50.290, 100, 41, 12139, 15360, 67.00, 1050
2026/07/13 04:32:51.301, 100, 54, 12139, 15360, 73.58, 840
2026/07/13 04:32:52.310, 100, 41, 12139, 15360, 66.75, 1020
2026/07/13 04:32:53.319, 100, 56, 12139, 15360, 66.02, 1050
2026/07/13 04:32:54.328, 100, 38, 12139, 15360, 66.75, 1020
2026/07/13 04:32:55.337, 100, 56, 12139, 15360, 66.56, 1050
2026/07/13 04:32:56.349, 100, 39, 12139, 15360, 66.75, 1050
2026/07/13 04:32:57.367, 100, 57, 12139, 15360, 66.61, 1035
2026/07/13 04:32:58.403, 100, 39, 12139, 15360, 65.57, 1050
2026/07/13 04:32:59.428, 100, 56, 12139, 15360, 65.83, 1050
2026/07/13 04:33:00.439, 100, 39, 12139, 15360, 66.81, 1020
2026/07/13 04:33:01.449, 100, 56, 12139, 15360, 67.24, 1035
2026/07/13 04:33:02.460, 100, 38, 12139, 15360, 65.63, 1035
2026/07/13 04:33:03.468, 100, 56, 12139, 15360, 66.42, 1050
2026/07/13 04:33:04.480, 100, 39, 12139, 15360, 65.97, 1050
2026/07/13 04:33:05.487, 100, 54, 12139, 15360, 67.10, 1020
2026/07/13 04:33:06.496, 100, 40, 12139, 15360, 65.57, 1050
2026/07/13 04:33:07.506, 98, 55, 12139, 15360, 66.32, 1050
2026/07/13 04:33:08.516, 100, 40, 12139, 15360, 64.54, 1035
2026/07/13 04:33:09.525, 96, 58, 12139, 15360, 68.47, 1020
2026/07/13 04:33:10.540, 100, 38, 12139, 15360, 66.36, 1020
2026/07/13 04:33:11.569, 94, 54, 12139, 15360, 77.44, 1020
2026/07/13 04:33:12.597, 100, 36, 12139, 15360, 69.20, 1050
2026/07/13 04:33:13.612, 97, 49, 12139, 15360, 70.59, 1050
2026/07/13 04:33:14.625, 100, 28, 12139, 15360, 63.42, 1005
2026/07/13 04:33:15.632, 100, 41, 12139, 15360, 62.32, 1260
2026/07/13 04:33:16.644, 100, 45, 12139, 15360, 57.96, 945
2026/07/13 04:33:17.654, 100, 39, 12139, 15360, 65.18, 1035
2026/07/13 04:33:18.665, 100, 43, 12139, 15360, 67.00, 675
2026/07/13 04:33:19.675, 100, 40, 12139, 15360, 64.04, 990
2026/07/13 04:33:20.686, 100, 50, 12139, 15360, 67.10, 870
2026/07/13 04:33:21.695, 100, 42, 12139, 15360, 64.50, 1020
2026/07/13 04:33:22.705, 100, 48, 12139, 15360, 70.59, 840
2026/07/13 04:33:23.715, 100, 41, 12139, 15360, 66.06, 1050
2026/07/13 04:33:24.743, 100, 51, 12139, 15360, 58.13, 960
2026/07/13 04:33:25.779, 100, 41, 12139, 15360, 67.00, 1035
2026/07/13 04:33:26.802, 100, 57, 12139, 15360, 68.08, 1020
2026/07/13 04:33:27.832, 100, 39, 12139, 15360, 65.08, 1035
2026/07/13 04:33:28.842, 100, 56, 12139, 15360, 64.69, 765
2026/07/13 04:33:29.850, 100, 41, 12139, 15360, 66.56, 1035
2026/07/13 04:33:30.862, 100, 54, 12139, 15360, 66.30, 930
2026/07/13 04:33:31.872, 100, 42, 12139, 15360, 64.85, 1035
2026/07/13 04:33:32.899, 100, 54, 12139, 15360, 68.08, 1035
2026/07/13 04:33:33.915, 100, 42, 12139, 15360, 65.44, 1020
2026/07/13 04:33:34.924, 100, 56, 12139, 15360, 65.57, 1050
2026/07/13 04:33:35.932, 100, 41, 12139, 15360, 66.12, 1020
2026/07/13 04:33:36.940, 100, 57, 12139, 15360, 63.81, 1035
2026/07/13 04:33:37.950, 100, 41, 12139, 15360, 64.26, 1020
2026/07/13 04:33:38.959, 100, 54, 12139, 15360, 66.61, 1050
2026/07/13 04:33:39.972, 100, 42, 12139, 15360, 66.61, 1050
2026/07/13 04:33:40.981, 94, 59, 12139, 15360, 65.44, 1050
2026/07/13 04:33:42.006, 100, 37, 12139, 15360, 67.20, 1020
2026/07/13 04:33:43.017, 96, 57, 12139, 15360, 65.53, 1020
2026/07/13 04:33:44.024, 100, 41, 12139, 15360, 66.16, 1050
2026/07/13 04:33:45.035, 96, 53, 12139, 15360, 65.28, 1035
2026/07/13 04:33:46.044, 100, 42, 12139, 15360, 65.48, 1020
2026/07/13 04:33:47.052, 100, 44, 12139, 15360, 66.26, 1035
2026/07/13 04:33:48.063, 100, 37, 12139, 15360, 66.32, 1020
2026/07/13 04:33:49.071, 96, 60, 12139, 15360, 68.22, 1035
2026/07/13 04:33:50.082, 100, 36, 12139, 15360, 66.91, 1050
2026/07/13 04:33:51.093, 96, 54, 12139, 15360, 65.57, 1080
2026/07/13 04:33:52.102, 100, 33, 12139, 15360, 56.79, 990
2026/07/13 04:33:53.115, 100, 45, 12139, 15360, 66.95, 1065
2026/07/13 04:33:54.140, 100, 41, 12139, 15360, 67.69, 960
2026/07/13 04:33:55.184, 100, 41, 12139, 15360, 65.48, 1065
2026/07/13 04:33:56.221, 100, 42, 12139, 15360, 67.30, 690
2026/07/13 04:33:57.230, 100, 41, 12139, 15360, 64.99, 1065
2026/07/13 04:33:58.242, 100, 49, 12139, 15360, 70.78, 720
2026/07/13 04:33:59.251, 100, 41, 12139, 15360, 64.79, 1050
2026/07/13 04:34:00.262, 100, 49, 12139, 15360, 67.49, 870
2026/07/13 04:34:01.272, 100, 39, 12139, 15360, 65.48, 1035
2026/07/13 04:34:02.290, 100, 47, 12139, 15360, 57.44, 915
2026/07/13 04:34:03.301, 100, 40, 12139, 15360, 64.69, 1035
2026/07/13 04:34:04.310, 100, 54, 12139, 15360, 66.71, 780
2026/07/13 04:34:05.325, 100, 41, 12139, 15360, 65.22, 1035
2026/07/13 04:34:06.334, 100, 54, 12139, 15360, 68.92, 765
2026/07/13 04:34:07.344, 100, 41, 12139, 15360, 66.46, 1035
2026/07/13 04:34:08.364, 100, 54, 12139, 15360, 65.48, 1065
2026/07/13 04:34:09.375, 100, 42, 12139, 15360, 66.46, 1050
2026/07/13 04:34:10.383, 100, 54, 12139, 15360, 67.04, 1020
2026/07/13 04:34:11.391, 100, 41, 12139, 15360, 67.20, 1035
2026/07/13 04:34:12.401, 100, 54, 12139, 15360, 68.03, 1005
2026/07/13 04:34:13.410, 100, 40, 12139, 15360, 65.28, 1035
2026/07/13 04:34:14.418, 100, 54, 12139, 15360, 66.75, 1020
2026/07/13 04:34:15.433, 100, 38, 12139, 15360, 65.97, 1035
2026/07/13 04:34:16.441, 100, 54, 12139, 15360, 65.97, 1020
2026/07/13 04:34:17.455, 100, 40, 12139, 15360, 69.26, 1035
2026/07/13 04:34:18.466, 98, 55, 12139, 15360, 67.30, 1050
2026/07/13 04:34:19.475, 100, 41, 12139, 15360, 65.83, 1035
2026/07/13 04:34:20.484, 94, 58, 12139, 15360, 64.69, 1050
2026/07/13 04:34:21.498, 100, 38, 12139, 15360, 67.24, 1020
2026/07/13 04:34:22.508, 93, 53, 12139, 15360, 68.12, 1035
2026/07/13 04:34:23.522, 100, 35, 12139, 15360, 66.20, 1020
2026/07/13 04:34:24.531, 99, 49, 12139, 15360, 68.67, 1035
2026/07/13 04:34:25.542, 100, 31, 12139, 15360, 63.71, 1050
2026/07/13 04:34:26.551, 100, 41, 12139, 15360, 53.32, 1020
2026/07/13 04:34:27.563, 100, 45, 12139, 15360, 55.12, 1020
2026/07/13 04:34:28.571, 100, 41, 12139, 15360, 66.85, 1155
2026/07/13 04:34:29.581, 100, 44, 12139, 15360, 67.30, 870
2026/07/13 04:34:30.589, 100, 42, 12139, 15360, 63.97, 1020
2026/07/13 04:34:31.597, 100, 52, 12139, 15360, 65.73, 675
2026/07/13 04:34:32.607, 100, 41, 12139, 15360, 66.12, 1035
2026/07/13 04:34:33.619, 100, 45, 12139, 15360, 72.89, 840
2026/07/13 04:34:34.630, 100, 38, 12139, 15360, 67.89, 1020
2026/07/13 04:34:35.659, 100, 53, 12139, 15360, 64.54, 825
2026/07/13 04:34:36.677, 100, 40, 12139, 15360, 69.55, 1065
2026/07/13 04:34:37.713, 100, 54, 12139, 15360, 58.00, 1005
2026/07/13 04:34:38.726, 100, 39, 12139, 15360, 65.28, 1035
2026/07/13 04:34:39.743, 100, 45, 12139, 15360, 67.20, 765
2026/07/13 04:34:40.752, 100, 40, 12139, 15360, 65.34, 1050
2026/07/13 04:34:41.763, 100, 53, 12139, 15360, 66.42, 750
2026/07/13 04:34:42.787, 100, 40, 12139, 15360, 65.63, 1035
2026/07/13 04:34:43.800, 100, 55, 12139, 15360, 65.57, 1050
2026/07/13 04:34:44.812, 100, 41, 12139, 15360, 66.36, 1050
2026/07/13 04:34:45.822, 100, 56, 12139, 15360, 65.57, 1050
2026/07/13 04:34:46.832, 100, 41, 12139, 15360, 66.12, 1050
2026/07/13 04:34:47.841, 100, 57, 12139, 15360, 69.94, 1020
2026/07/13 04:34:48.850, 100, 41, 12139, 15360, 64.95, 1050
2026/07/13 04:34:49.880, 100, 54, 12139, 15360, 66.12, 1020
2026/07/13 04:34:50.904, 100, 41, 12139, 15360, 66.65, 1005
2026/07/13 04:34:51.932, 100, 54, 12139, 15360, 67.73, 1005
2026/07/13 04:34:52.962, 100, 41, 12139, 15360, 65.52, 1035
2026/07/13 04:34:53.977, 100, 54, 12139, 15360, 66.65, 1035
2026/07/13 04:34:54.985, 100, 41, 12139, 15360, 65.03, 1020
2026/07/13 04:34:55.997, 100, 57, 12139, 15360, 66.26, 1020
2026/07/13 04:34:57.007, 100, 41, 12139, 15360, 66.32, 1035
2026/07/13 04:34:58.014, 96, 59, 12139, 15360, 65.53, 1050
2026/07/13 04:34:59.027, 100, 37, 12139, 15360, 65.67, 1050
2026/07/13 04:35:00.035, 96, 56, 12139, 15360, 65.93, 1035
2026/07/13 04:35:01.046, 100, 36, 12139, 15360, 64.69, 1050
2026/07/13 04:35:02.057, 96, 51, 12139, 15360, 65.34, 1035
2026/07/13 04:35:03.066, 100, 29, 12139, 15360, 64.89, 1035
2026/07/13 04:35:04.081, 100, 40, 12139, 15360, 67.30, 1050
2026/07/13 04:35:05.107, 100, 45, 12139, 15360, 60.71, 1065
2026/07/13 04:35:06.117, 100, 40, 12139, 15360, 63.71, 1200
2026/07/13 04:35:07.144, 100, 43, 12139, 15360, 66.61, 990
2026/07/13 04:35:08.154, 100, 39, 12139, 15360, 67.24, 1020
2026/07/13 04:35:09.172, 100, 50, 12139, 15360, 67.79, 705
2026/07/13 04:35:10.182, 100, 41, 12139, 15360, 65.52, 1035
2026/07/13 04:35:11.195, 100, 44, 12139, 15360, 70.59, 690
2026/07/13 04:35:12.212, 100, 42, 12139, 15360, 65.77, 1020
2026/07/13 04:35:13.223, 100, 50, 12139, 15360, 64.30, 795
2026/07/13 04:35:14.233, 100, 42, 12139, 15360, 66.99, 1035
2026/07/13 04:35:15.243, 100, 55, 12139, 15360, 71.81, 975
2026/07/13 04:35:16.251, 100, 41, 12139, 15360, 67.54, 1035
2026/07/13 04:35:17.264, 100, 54, 12139, 15360, 66.71, 855
2026/07/13 04:35:18.293, 100, 41, 12139, 15360, 65.18, 1035
2026/07/13 04:35:19.315, 100, 51, 12139, 15360, 75.00, 750
2026/07/13 04:35:20.324, 100, 41, 12139, 15360, 67.00, 1050
2026/07/13 04:35:21.334, 100, 55, 12139, 15360, 67.20, 1050
2026/07/13 04:35:22.343, 100, 38, 12139, 15360, 66.01, 1020
2026/07/13 04:35:23.356, 100, 56, 12139, 15360, 66.12, 1065
2026/07/13 04:35:24.368, 100, 39, 12139, 15360, 64.75, 1050
2026/07/13 04:35:25.375, 100, 56, 12139, 15360, 67.10, 1050
2026/07/13 04:35:26.386, 100, 40, 12139, 15360, 66.32, 1035
2026/07/13 04:35:27.394, 100, 57, 12139, 15360, 67.54, 1050
2026/07/13 04:35:28.405, 100, 41, 12139, 15360, 66.36, 1035
2026/07/13 04:35:29.417, 100, 56, 12139, 15360, 65.14, 1050
2026/07/13 04:35:30.426, 100, 42, 12139, 15360, 67.59, 1035
2026/07/13 04:35:31.439, 100, 56, 12139, 15360, 67.69, 1050
2026/07/13 04:35:32.452, 100, 41, 12139, 15360, 64.63, 1035
2026/07/13 04:35:33.463, 100, 55, 12139, 15360, 65.73, 1050
2026/07/13 04:35:34.476, 100, 41, 12139, 15360, 65.22, 1035
2026/07/13 04:35:35.483, 96, 58, 12139, 15360, 66.22, 1020
2026/07/13 04:35:36.491, 100, 38, 12139, 15360, 65.93, 1035
2026/07/13 04:35:37.502, 96, 59, 12139, 15360, 65.38, 1050
2026/07/13 04:35:38.511, 100, 38, 12139, 15360, 66.12, 1035
2026/07/13 04:35:39.528, 96, 54, 12139, 15360, 70.78, 1050
2026/07/13 04:35:40.540, 100, 35, 12139, 15360, 61.06, 1050
2026/07/13 04:35:41.550, 98, 49, 12139, 15360, 64.40, 1185
2026/07/13 04:35:42.562, 100, 29, 12139, 15360, 55.61, 960
2026/07/13 04:35:43.571, 100, 41, 12139, 15360, 67.79, 1035
2026/07/13 04:35:44.589, 100, 45, 12139, 15360, 68.77, 825
2026/07/13 04:35:45.624, 100, 41, 12139, 15360, 66.16, 1020
2026/07/13 04:35:46.650, 100, 41, 12139, 15360, 67.10, 675
2026/07/13 04:35:47.674, 100, 39, 12139, 15360, 64.69, 1050
2026/07/13 04:35:48.691, 100, 53, 12139, 15360, 69.41, 705
2026/07/13 04:35:49.707, 100, 39, 12139, 15360, 66.06, 1035
2026/07/13 04:35:50.719, 100, 45, 12139, 15360, 72.11, 795
2026/07/13 04:35:51.728, 100, 40, 12139, 15360, 65.77, 1005
2026/07/13 04:35:52.738, 100, 53, 12139, 15360, 60.16, 1035
2026/07/13 04:35:53.751, 100, 41, 12139, 15360, 64.59, 1035
2026/07/13 04:35:54.760, 100, 55, 12139, 15360, 68.28, 765
2026/07/13 04:35:55.769, 100, 41, 12139, 15360, 64.73, 1020
2026/07/13 04:35:56.778, 100, 55, 12139, 15360, 65.14, 990
2026/07/13 04:35:57.788, 100, 41, 12139, 15360, 63.91, 1035
2026/07/13 04:35:58.799, 100, 54, 12139, 15360, 67.14, 1035
2026/07/13 04:35:59.821, 100, 40, 12139, 15360, 64.26, 1050
2026/07/13 04:36:00.838, 100, 57, 12139, 15360, 65.18, 1050
2026/07/13 04:36:01.849, 100, 40, 12139, 15360, 65.52, 1035
2026/07/13 04:36:02.858, 100, 55, 12139, 15360, 64.36, 1020
2026/07/13 04:36:03.867, 100, 39, 12139, 15360, 65.73, 1035
2026/07/13 04:36:04.878, 100, 54, 12139, 15360, 65.93, 1050
2026/07/13 04:36:05.888, 100, 39, 12139, 15360, 65.44, 1020
2026/07/13 04:36:06.899, 95, 55, 12139, 15360, 66.02, 1050
2026/07/13 04:36:07.908, 100, 37, 12139, 15360, 66.69, 1035
2026/07/13 04:36:08.918, 96, 60, 12139, 15360, 66.81, 1050
2026/07/13 04:36:09.927, 100, 36, 12139, 15360, 66.36, 1020
2026/07/13 04:36:10.935, 96, 54, 12139, 15360, 66.02, 1050
2026/07/13 04:36:11.944, 100, 36, 12139, 15360, 66.36, 1050
2026/07/13 04:36:12.953, 100, 50, 12139, 15360, 67.20, 1020
2026/07/13 04:36:13.965, 100, 31, 12139, 15360, 65.97, 1020
2026/07/13 04:36:14.975, 100, 38, 12139, 15360, 50.00, 1050
2026/07/13 04:36:15.994, 100, 44, 12139, 15360, 56.17, 1035
2026/07/13 04:36:17.003, 100, 39, 12139, 15360, 66.20, 1185
2026/07/13 04:36:18.017, 100, 46, 12139, 15360, 67.49, 960
2026/07/13 04:36:19.031, 100, 41, 12139, 15360, 67.89, 1050
2026/07/13 04:36:20.041, 100, 56, 12139, 15360, 65.87, 705
2026/07/13 04:36:21.050, 100, 41, 12139, 15360, 66.51, 1050
2026/07/13 04:36:22.059, 100, 47, 12139, 15360, 72.30, 810
2026/07/13 04:36:23.069, 100, 42, 12139, 15360, 68.67, 1020
2026/07/13 04:36:24.084, 100, 53, 12139, 15360, 64.30, 825
2026/07/13 04:36:25.099, 100, 41, 12139, 15360, 65.14, 1020
2026/07/13 04:36:26.118, 100, 56, 12139, 15360, 62.87, 1020
2026/07/13 04:36:27.132, 100, 39, 12139, 15360, 65.04, 1035
2026/07/13 04:36:28.147, 100, 45, 12139, 15360, 66.61, 765
2026/07/13 04:36:29.158, 100, 41, 12139, 15360, 64.75, 1050
2026/07/13 04:36:30.197, 100, 54, 12139, 15360, 67.59, 765
2026/07/13 04:36:31.222, 100, 41, 12139, 15360, 66.85, 1020
2026/07/13 04:36:32.238, 100, 56, 12139, 15360, 67.98, 1035
2026/07/13 04:36:33.247, 100, 41, 12139, 15360, 66.50, 1050
2026/07/13 04:36:34.259, 100, 55, 12139, 15360, 64.89, 1050
2026/07/13 04:36:35.266, 100, 41, 12139, 15360, 66.65, 1020
2026/07/13 04:36:36.276, 100, 55, 12139, 15360, 66.42, 1020
2026/07/13 04:36:37.287, 100, 40, 12139, 15360, 65.93, 1005
2026/07/13 04:36:38.297, 100, 56, 12139, 15360, 66.26, 1020
2026/07/13 04:36:39.305, 100, 38, 12139, 15360, 65.53, 1035
2026/07/13 04:36:40.315, 100, 55, 12139, 15360, 66.12, 1005
2026/07/13 04:36:41.327, 100, 39, 12139, 15360, 65.28, 1050
2026/07/13 04:36:42.337, 100, 54, 12139, 15360, 66.22, 1035
2026/07/13 04:36:43.348, 100, 38, 12139, 15360, 64.48, 1050
2026/07/13 04:36:44.360, 93, 54, 12139, 15360, 68.52, 1050
2026/07/13 04:36:45.375, 100, 37, 12139, 15360, 65.67, 1020
2026/07/13 04:36:46.384, 96, 60, 12139, 15360, 64.55, 1035
2026/07/13 04:36:47.394, 100, 36, 12139, 15360, 65.97, 1035
2026/07/13 04:36:48.403, 96, 54, 12139, 15360, 69.80, 1050
2026/07/13 04:36:49.415, 100, 36, 12139, 15360, 67.83, 1020
2026/07/13 04:36:50.425, 100, 48, 12139, 15360, 63.06, 1080
2026/07/13 04:36:51.437, 100, 31, 12139, 15360, 55.87, 1005
2026/07/13 04:36:52.450, 100, 40, 12139, 15360, 65.57, 1080
2026/07/13 04:36:53.462, 100, 45, 12139, 15360, 69.61, 720
2026/07/13 04:36:54.472, 100, 41, 12139, 15360, 65.57, 1035
2026/07/13 04:36:55.481, 100, 44, 12139, 15360, 67.20, 690
2026/07/13 04:36:56.514, 100, 41, 12139, 15360, 67.04, 1020
2026/07/13 04:36:57.536, 100, 54, 12139, 15360, 67.20, 870
2026/07/13 04:36:58.548, 100, 41, 12139, 15360, 65.97, 1035
2026/07/13 04:36:59.571, 100, 48, 12139, 15360, 71.47, 750
2026/07/13 04:37:00.584, 100, 41, 12139, 15360, 68.77, 1035
2026/07/13 04:37:01.597, 100, 55, 12139, 15360, 65.48, 975
2026/07/13 04:37:02.611, 100, 42, 12139, 15360, 65.14, 1050
2026/07/13 04:37:03.619, 100, 55, 12139, 15360, 71.91, 750
2026/07/13 04:37:04.628, 100, 41, 12139, 15360, 65.18, 1050
2026/07/13 04:37:05.636, 100, 54, 12139, 15360, 65.53, 1020
2026/07/13 04:37:06.644, 100, 41, 12139, 15360, 64.55, 1035
2026/07/13 04:37:07.655, 100, 56, 12139, 15360, 65.04, 1035
2026/07/13 04:37:08.665, 100, 41, 12139, 15360, 69.12, 1050
2026/07/13 04:37:09.675, 100, 56, 12139, 15360, 66.26, 1050
2026/07/13 04:37:10.687, 100, 41, 12139, 15360, 65.73, 1005
2026/07/13 04:37:11.701, 100, 54, 12139, 15360, 66.46, 1035
2026/07/13 04:37:12.714, 100, 38, 12139, 15360, 64.30, 1035
2026/07/13 04:37:13.727, 100, 56, 12139, 15360, 66.32, 1050
2026/07/13 04:37:14.739, 100, 39, 12139, 15360, 67.20, 1050
2026/07/13 04:37:15.748, 96, 61, 12139, 15360, 66.71, 1050
2026/07/13 04:37:16.758, 100, 36, 12139, 15360, 66.02, 1020
2026/07/13 04:37:17.766, 96, 55, 12139, 15360, 66.22, 1050
2026/07/13 04:37:18.777, 100, 36, 12139, 15360, 64.26, 1050
2026/07/13 04:37:19.785, 96, 50, 12139, 15360, 66.02, 1050
2026/07/13 04:37:20.797, 100, 32, 12139, 15360, 63.42, 1035
2026/07/13 04:37:21.805, 100, 38, 12139, 15360, 70.29, 1020
2026/07/13 04:37:22.816, 100, 45, 12139, 15360, 62.57, 1005
2026/07/13 04:37:23.824, 100, 39, 12139, 15360, 63.61, 1125
2026/07/13 04:37:24.846, 100, 43, 12139, 15360, 65.67, 1050
2026/07/13 04:37:25.862, 100, 38, 12139, 15360, 66.22, 1065
2026/07/13 04:37:26.890, 100, 52, 12139, 15360, 69.80, 870
2026/07/13 04:37:27.909, 100, 42, 12139, 15360, 65.71, 1020
2026/07/13 04:37:28.927, 100, 46, 12139, 15360, 68.38, 690
2026/07/13 04:37:29.939, 100, 42, 12139, 15360, 66.22, 1035
2026/07/13 04:37:30.951, 100, 44, 12139, 15360, 66.42, 840
2026/07/13 04:37:31.962, 100, 41, 12139, 15360, 66.26, 1020
2026/07/13 04:37:32.972, 100, 53, 12139, 15360, 65.28, 930
2026/07/13 04:37:33.982, 100, 41, 12139, 15360, 66.85, 1050
2026/07/13 04:37:34.991, 100, 45, 12139, 15360, 66.71, 780
2026/07/13 04:37:36.005, 100, 40, 12139, 15360, 64.89, 1020
2026/07/13 04:37:37.014, 100, 52, 12139, 15360, 74.26, 765
2026/07/13 04:37:38.023, 100, 39, 12139, 15360, 66.02, 1050
2026/07/13 04:37:39.044, 100, 54, 12139, 15360, 65.83, 1005
2026/07/13 04:37:40.070, 100, 39, 12139, 15360, 66.51, 1035
2026/07/13 04:37:41.085, 100, 54, 12139, 15360, 65.08, 1035
2026/07/13 04:37:42.098, 100, 41, 12139, 15360, 66.65, 1020
2026/07/13 04:37:43.110, 100, 55, 12139, 15360, 68.04, 1035
2026/07/13 04:37:44.120, 100, 41, 12139, 15360, 64.30, 1020
2026/07/13 04:37:45.130, 100, 54, 12139, 15360, 66.61, 1020
2026/07/13 04:37:46.142, 100, 42, 12139, 15360, 66.91, 1035
2026/07/13 04:37:47.150, 100, 54, 12139, 15360, 66.32, 1020
2026/07/13 04:37:48.162, 100, 41, 12139, 15360, 66.46, 1020
2026/07/13 04:37:49.170, 100, 55, 12139, 15360, 65.34, 1050
2026/07/13 04:37:50.182, 100, 40, 12139, 15360, 67.30, 1020
2026/07/13 04:37:51.190, 100, 57, 12139, 15360, 65.28, 1035
2026/07/13 04:37:52.201, 100, 40, 12139, 15360, 64.34, 1035
2026/07/13 04:37:53.216, 93, 60, 12139, 15360, 66.06, 1035
2026/07/13 04:37:54.226, 100, 36, 12139, 15360, 66.42, 975
2026/07/13 04:37:55.241, 92, 55, 12139, 15360, 65.24, 1050
2026/07/13 04:37:56.268, 100, 36, 12139, 15360, 63.71, 1020
2026/07/13 04:37:57.275, 96, 52, 12139, 15360, 73.09, 1005
2026/07/13 04:37:58.286, 100, 30, 12139, 15360, 60.06, 1035
2026/07/13 04:37:59.293, 100, 40, 12139, 15360, 65.57, 1095
2026/07/13 04:38:00.306, 100, 45, 12139, 15360, 66.61, 1005
2026/07/13 04:38:01.316, 100, 39, 12139, 15360, 65.63, 1050
2026/07/13 04:38:02.337, 100, 42, 12139, 15360, 55.58, 690
2026/07/13 04:38:03.348, 100, 40, 12139, 15360, 66.57, 1005
2026/07/13 04:38:04.366, 100, 49, 12139, 15360, 69.12, 690
2026/07/13 04:38:05.377, 100, 40, 12139, 15360, 63.81, 1035
2026/07/13 04:38:06.391, 100, 45, 12139, 15360, 68.28, 780
2026/07/13 04:38:07.400, 100, 39, 12139, 15360, 64.36, 1035
2026/07/13 04:38:08.416, 100, 53, 12139, 15360, 57.44, 960
2026/07/13 04:38:09.432, 100, 39, 12139, 15360, 65.97, 1020
2026/07/13 04:38:10.443, 100, 54, 12139, 15360, 67.40, 765
2026/07/13 04:38:11.453, 100, 39, 12139, 15360, 64.26, 1035
2026/07/13 04:38:12.466, 100, 54, 12139, 15360, 66.42, 810
2026/07/13 04:38:13.475, 100, 41, 12139, 15360, 64.99, 1020
2026/07/13 04:38:14.483, 100, 54, 12139, 15360, 66.60, 1035
2026/07/13 04:38:15.495, 100, 41, 12139, 15360, 66.30, 1050
2026/07/13 04:38:16.504, 100, 54, 12139, 15360, 66.46, 1050
2026/07/13 04:38:17.514, 100, 38, 12139, 15360, 66.46, 1035
2026/07/13 04:38:18.524, 100, 54, 12139, 15360, 65.97, 1005
2026/07/13 04:38:19.533, 100, 40, 12139, 15360, 65.71, 990
2026/07/13 04:38:20.554, 100, 55, 12139, 15360, 65.52, 1005
2026/07/13 04:38:21.565, 100, 41, 12139, 15360, 66.26, 1020
2026/07/13 04:38:22.578, 94, 61, 12139, 15360, 66.56, 1020
2026/07/13 04:38:23.589, 100, 38, 12139, 15360, 67.54, 1005
2026/07/13 04:38:24.600, 96, 57, 12139, 15360, 65.38, 1035
2026/07/13 04:38:25.608, 100, 36, 12139, 15360, 65.03, 1035
2026/07/13 04:38:26.615, 96, 51, 12139, 15360, 65.63, 1020
2026/07/13 04:38:27.626, 100, 30, 12139, 15360, 65.87, 1005
2026/07/13 04:38:28.634, 100, 40, 12139, 15360, 72.21, 1005
2026/07/13 04:38:29.646, 100, 44, 12139, 15360, 59.67, 1035
2026/07/13 04:38:30.656, 100, 39, 12139, 15360, 65.03, 1215
2026/07/13 04:38:31.668, 100, 47, 12139, 15360, 67.20, 840
2026/07/13 04:38:32.677, 100, 41, 12139, 15360, 66.22, 1020
2026/07/13 04:38:33.686, 100, 45, 12139, 15360, 65.77, 690
2026/07/13 04:38:34.696, 100, 41, 12139, 15360, 64.59, 1035
2026/07/13 04:38:35.722, 100, 52, 12139, 15360, 57.64, 825
2026/07/13 04:38:36.733, 100, 41, 12139, 15360, 66.46, 1020
2026/07/13 04:38:37.750, 100, 50, 12139, 15360, 59.08, 990
2026/07/13 04:38:38.775, 100, 40, 12139, 15360, 64.55, 1005
2026/07/13 04:38:39.786, 100, 51, 12139, 15360, 67.30, 750
2026/07/13 04:38:40.795, 100, 41, 12139, 15360, 66.30, 1020
2026/07/13 04:38:41.802, 100, 54, 12139, 15360, 66.06, 1005
2026/07/13 04:38:42.810, 100, 39, 12139, 15360, 65.57, 1020
2026/07/13 04:38:43.821, 100, 54, 12139, 15360, 66.26, 1020
2026/07/13 04:38:44.831, 100, 40, 12139, 15360, 64.99, 1020
2026/07/13 04:38:45.839, 100, 54, 12139, 15360, 67.83, 1035
2026/07/13 04:38:46.848, 100, 41, 12139, 15360, 63.59, 975
2026/07/13 04:38:47.859, 100, 54, 12139, 15360, 66.36, 1020
2026/07/13 04:38:48.871, 100, 38, 12139, 15360, 64.59, 1005
2026/07/13 04:38:49.880, 100, 56, 12139, 15360, 66.95, 1035
2026/07/13 04:38:50.892, 100, 42, 12139, 15360, 65.87, 1020
2026/07/13 04:38:51.913, 96, 62, 12139, 15360, 66.06, 1020
2026/07/13 04:38:52.925, 100, 37, 12139, 15360, 64.50, 1035
2026/07/13 04:38:53.936, 96, 56, 12139, 15360, 68.07, 1020
2026/07/13 04:38:54.949, 100, 36, 12139, 15360, 66.26, 1035
2026/07/13 04:38:55.957, 99, 49, 12139, 15360, 61.40, 1080
2026/07/13 04:38:56.971, 100, 31, 12139, 15360, 54.76, 960
2026/07/13 04:38:57.982, 100, 41, 12139, 15360, 64.73, 1020
2026/07/13 04:38:58.992, 100, 42, 12139, 15360, 70.14, 675
2026/07/13 04:39:00.003, 100, 41, 12139, 15360, 66.50, 990
2026/07/13 04:39:01.013, 100, 49, 12139, 15360, 70.24, 855
2026/07/13 04:39:02.024, 100, 41, 12139, 15360, 65.08, 1035
2026/07/13 04:39:03.042, 100, 45, 12139, 15360, 61.24, 990
2026/07/13 04:39:04.080, 100, 41, 12139, 15360, 69.21, 1020
2026/07/13 04:39:05.118, 100, 55, 12139, 15360, 74.95, 885
2026/07/13 04:39:06.156, 100, 39, 12139, 15360, 64.63, 1035
2026/07/13 04:39:07.165, 100, 55, 12139, 15360, 71.76, 750
2026/07/13 04:39:08.174, 100, 41, 12139, 15360, 64.00, 1035
2026/07/13 04:39:09.182, 100, 55, 12139, 15360, 67.10, 1035
2026/07/13 04:39:10.193, 100, 41, 12139, 15360, 66.16, 1035
2026/07/13 04:39:11.204, 100, 56, 12139, 15360, 68.81, 1020
2026/07/13 04:39:12.213, 100, 38, 12139, 15360, 65.28, 975
2026/07/13 04:39:13.220, 100, 55, 12139, 15360, 65.91, 1035
2026/07/13 04:39:14.230, 100, 41, 12139, 15360, 63.46, 1035
2026/07/13 04:39:15.241, 100, 56, 12139, 15360, 67.63, 1005
2026/07/13 04:39:16.257, 100, 41, 12139, 15360, 65.91, 1005
2026/07/13 04:39:17.283, 94, 62, 12139, 15360, 66.46, 1050
2026/07/13 04:39:18.312, 100, 37, 12139, 15360, 64.44, 1020
2026/07/13 04:39:19.325, 94, 57, 12139, 15360, 64.10, 1035
2026/07/13 04:39:20.341, 100, 36, 12139, 15360, 66.36, 1035
2026/07/13 04:39:21.353, 96, 52, 12139, 15360, 65.12, 1035
2026/07/13 04:39:22.362, 100, 29, 12139, 15360, 66.11, 1035
2026/07/13 04:39:23.373, 100, 41, 12139, 15360, 69.26, 1020
2026/07/13 04:39:24.383, 100, 44, 12139, 15360, 61.43, 1020
2026/07/13 04:39:25.394, 100, 40, 12139, 15360, 65.22, 1095
2026/07/13 04:39:26.406, 100, 45, 12139, 15360, 67.79, 990
2026/07/13 04:39:27.415, 100, 38, 12139, 15360, 65.28, 1065
2026/07/13 04:39:28.438, 100, 37, 12139, 15360, 67.63, 690
2026/07/13 04:39:29.448, 100, 41, 12139, 15360, 65.48, 1050
2026/07/13 04:39:30.456, 100, 41, 12139, 15360, 71.07, 735
2026/07/13 04:39:31.487, 100, 41, 12139, 15360, 65.32, 1050
2026/07/13 04:39:32.503, 100, 49, 12139, 15360, 69.36, 810
2026/07/13 04:39:33.514, 100, 40, 12139, 15360, 66.75, 1035
2026/07/13 04:39:34.537, 100, 45, 12139, 15360, 60.94, 1020
2026/07/13 04:39:35.546, 100, 39, 12139, 15360, 65.77, 1020
2026/07/13 04:39:36.555, 100, 53, 12139, 15360, 68.96, 765
2026/07/13 04:39:37.566, 100, 38, 12139, 15360, 65.77, 1020
2026/07/13 04:39:38.576, 100, 55, 12139, 15360, 66.81, 1035
2026/07/13 04:39:39.584, 100, 39, 12139, 15360, 66.01, 1035
2026/07/13 04:39:40.593, 100, 56, 12139, 15360, 66.36, 1050
2026/07/13 04:39:41.604, 100, 39, 12139, 15360, 67.14, 1020
2026/07/13 04:39:42.615, 100, 54, 12139, 15360, 66.65, 1050
2026/07/13 04:39:43.627, 100, 40, 12139, 15360, 66.65, 1035
2026/07/13 04:39:44.636, 100, 56, 12139, 15360, 66.26, 1020
2026/07/13 04:39:45.669, 100, 39, 12139, 15360, 64.79, 1050
2026/07/13 04:39:46.693, 100, 54, 12139, 15360, 63.95, 1050
2026/07/13 04:39:47.727, 100, 39, 12139, 15360, 64.69, 1020
2026/07/13 04:39:48.747, 100, 54, 12139, 15360, 66.12, 1050
2026/07/13 04:39:49.762, 100, 40, 12139, 15360, 65.38, 1035
2026/07/13 04:39:50.784, 96, 54, 12139, 15360, 66.46, 1035
2026/07/13 04:39:51.793, 100, 38, 12139, 15360, 63.95, 1035
2026/07/13 04:39:52.803, 96, 60, 12139, 15360, 66.06, 1065
2026/07/13 04:39:53.810, 100, 36, 12139, 15360, 65.87, 1035
2026/07/13 04:39:54.818, 96, 54, 12139, 15360, 65.81, 1020
2026/07/13 04:39:55.829, 100, 33, 12139, 15360, 65.81, 1035
2026/07/13 04:39:56.838, 100, 47, 12139, 15360, 66.61, 1035
2026/07/13 04:39:57.848, 100, 29, 12139, 15360, 66.26, 1020
2026/07/13 04:39:58.857, 100, 40, 12139, 15360, 75.19, 990
2026/07/13 04:39:59.880, 100, 43, 12139, 15360, 61.73, 1035
2026/07/13 04:40:00.894, 100, 41, 12139, 15360, 62.57, 1215
2026/07/13 04:40:01.915, 100, 45, 12139, 15360, 66.65, 990
2026/07/13 04:40:02.947, 100, 40, 12139, 15360, 65.28, 1050
2026/07/13 04:40:03.969, 100, 33, 12139, 15360, 70.59, 720
2026/07/13 04:40:04.980, 100, 41, 12139, 15360, 65.71, 1020
2026/07/13 04:40:05.990, 100, 43, 12139, 15360, 71.86, 720
2026/07/13 04:40:07.001, 100, 41, 12139, 15360, 67.40, 1035
2026/07/13 04:40:08.011, 100, 49, 12139, 15360, 64.44, 825
2026/07/13 04:40:09.022, 100, 39, 12139, 15360, 63.55, 1035
2026/07/13 04:40:10.032, 100, 45, 12139, 15360, 74.85, 765
2026/07/13 04:40:11.044, 100, 39, 12139, 15360, 67.24, 1020
2026/07/13 04:40:12.052, 100, 52, 12139, 15360, 67.48, 810
2026/07/13 04:40:13.063, 100, 40, 12139, 15360, 66.95, 1050
2026/07/13 04:40:14.106, 100, 55, 12139, 15360, 64.99, 1020
2026/07/13 04:40:15.123, 100, 41, 12139, 15360, 66.65, 1035
2026/07/13 04:40:16.135, 100, 55, 12139, 15360, 65.08, 1035
2026/07/13 04:40:17.153, 100, 38, 12139, 15360, 65.52, 1020
2026/07/13 04:40:18.161, 100, 55, 12139, 15360, 64.93, 1005
2026/07/13 04:40:19.170, 100, 40, 12139, 15360, 64.44, 1035
2026/07/13 04:40:20.178, 100, 55, 12139, 15360, 64.73, 1005
2026/07/13 04:40:21.185, 100, 40, 12139, 15360, 64.93, 1020
2026/07/13 04:40:22.195, 100, 55, 12139, 15360, 65.28, 1005
2026/07/13 04:40:23.205, 100, 41, 12139, 15360, 66.56, 1020
2026/07/13 04:40:24.216, 96, 61, 12139, 15360, 65.81, 1020
2026/07/13 04:40:25.223, 100, 36, 12139, 15360, 66.26, 1005
2026/07/13 04:40:26.232, 96, 57, 12139, 15360, 66.42, 1020
2026/07/13 04:40:27.251, 100, 36, 12139, 15360, 65.48, 1020
2026/07/13 04:40:28.263, 100, 49, 12139, 15360, 65.42, 1005
2026/07/13 04:40:29.289, 100, 30, 12139, 15360, 56.99, 1020
2026/07/13 04:40:30.336, 100, 41, 12139, 15360, 72.01, 1170
2026/07/13 04:40:31.347, 100, 42, 12139, 15360, 60.75, 960
2026/07/13 04:40:32.356, 100, 41, 12139, 15360, 66.06, 1005
2026/07/13 04:40:33.367, 100, 48, 12139, 15360, 66.85, 675
2026/07/13 04:40:34.378, 100, 38, 12139, 15360, 64.24, 990
2026/07/13 04:40:35.387, 100, 45, 12139, 15360, 64.59, 825
2026/07/13 04:40:36.395, 100, 41, 12139, 15360, 65.18, 1020
2026/07/13 04:40:37.405, 100, 54, 12139, 15360, 57.54, 1005
2026/07/13 04:40:38.427, 100, 40, 12139, 15360, 66.06, 1035
2026/07/13 04:40:39.440, 100, 54, 12139, 15360, 70.59, 750
2026/07/13 04:40:40.449, 100, 42, 12139, 15360, 67.59, 1035
2026/07/13 04:40:41.475, 100, 54, 12139, 15360, 65.38, 1005
2026/07/13 04:40:42.505, 100, 41, 12139, 15360, 65.77, 1020
2026/07/13 04:40:43.516, 100, 55, 12139, 15360, 64.73, 1005
2026/07/13 04:40:44.524, 100, 41, 12139, 15360, 64.73, 1005
2026/07/13 04:40:45.535, 100, 55, 12139, 15360, 64.73, 1020
2026/07/13 04:40:46.543, 100, 40, 12139, 15360, 66.75, 1020
2026/07/13 04:40:47.553, 100, 57, 12139, 15360, 66.26, 1020
2026/07/13 04:40:48.566, 100, 40, 12139, 15360, 64.89, 1005
2026/07/13 04:40:49.577, 96, 61, 12139, 15360, 66.85, 1020
2026/07/13 04:40:50.590, 100, 40, 12139, 15360, 67.20, 1005
2026/07/13 04:40:51.603, 100, 54, 12139, 15360, 66.75, 1035
2026/07/13 04:40:52.616, 100, 41, 12139, 15360, 65.03, 1035
2026/07/13 04:40:53.627, 95, 57, 12139, 15360, 63.95, 1020
2026/07/13 04:40:54.639, 100, 38, 12139, 15360, 65.08, 990
2026/07/13 04:40:55.670, 93, 53, 12139, 15360, 65.28, 1035
2026/07/13 04:40:56.681, 100, 37, 12139, 15360, 64.99, 1050
2026/07/13 04:40:57.709, 97, 49, 12139, 15360, 74.80, 1020
2026/07/13 04:40:58.740, 100, 29, 12139, 15360, 61.43, 1035
2026/07/13 04:40:59.749, 100, 38, 12139, 15360, 66.20, 1050
2026/07/13 04:41:00.762, 100, 44, 12139, 15360, 67.44, 675
2026/07/13 04:41:01.772, 100, 41, 12139, 15360, 67.14, 1005
2026/07/13 04:41:02.781, 100, 47, 12139, 15360, 65.32, 735
2026/07/13 04:41:03.791, 100, 41, 12139, 15360, 63.75, 1035
2026/07/13 04:41:04.798, 100, 49, 12139, 15360, 65.77, 810
2026/07/13 04:41:05.809, 100, 41, 12139, 15360, 66.06, 1035
2026/07/13 04:41:06.826, 100, 50, 12139, 15360, 66.85, 870
2026/07/13 04:41:07.844, 100, 41, 12139, 15360, 66.56, 990
2026/07/13 04:41:08.865, 100, 54, 12139, 15360, 73.18, 765
2026/07/13 04:41:09.896, 100, 41, 12139, 15360, 65.28, 1020
2026/07/13 04:41:10.923, 100, 56, 12139, 15360, 71.76, 750
2026/07/13 04:41:11.936, 100, 41, 12139, 15360, 67.04, 1020
2026/07/13 04:41:12.948, 100, 54, 12139, 15360, 66.46, 1035
2026/07/13 04:41:13.959, 100, 40, 12139, 15360, 65.52, 1035
2026/07/13 04:41:14.970, 100, 56, 12139, 15360, 66.32, 1020
2026/07/13 04:41:15.978, 100, 40, 12139, 15360, 65.38, 1050
2026/07/13 04:41:16.991, 100, 55, 12139, 15360, 67.00, 1050
2026/07/13 04:41:17.999, 100, 39, 12139, 15360, 66.32, 1035
2026/07/13 04:41:19.009, 100, 55, 12139, 15360, 65.18, 1035
2026/07/13 04:41:20.017, 100, 39, 12139, 15360, 64.63, 1035
2026/07/13 04:41:21.032, 96, 55, 12139, 15360, 66.40, 1035
2026/07/13 04:41:22.044, 100, 36, 12139, 15360, 64.89, 1020
2026/07/13 04:41:23.054, 94, 58, 12139, 15360, 66.01, 1035
2026/07/13 04:41:24.084, 100, 37, 12139, 15360, 64.63, 1035
2026/07/13 04:41:25.098, 94, 49, 12139, 15360, 65.12, 1020
2026/07/13 04:41:26.116, 100, 32, 12139, 15360, 67.73, 1005
2026/07/13 04:41:27.129, 100, 39, 12139, 15360, 65.12, 1035
2026/07/13 04:41:28.141, 100, 43, 12139, 15360, 65.42, 1020
2026/07/13 04:41:29.149, 100, 40, 12139, 15360, 71.22, 1035
2026/07/13 04:41:30.162, 100, 41, 12139, 15360, 60.65, 1035
2026/07/13 04:41:31.170, 100, 40, 12139, 15360, 66.06, 1245
2026/07/13 04:41:32.182, 100, 49, 12139, 15360, 66.85, 870
2026/07/13 04:41:33.191, 100, 39, 12139, 15360, 65.18, 990
2026/07/13 04:41:34.200, 100, 45, 12139, 15360, 66.85, 690
2026/07/13 04:41:35.210, 100, 39, 12139, 15360, 67.28, 1035
2026/07/13 04:41:36.218, 100, 53, 12139, 15360, 71.47, 855
2026/07/13 04:41:37.228, 100, 40, 12139, 15360, 65.81, 1050
2026/07/13 04:41:38.249, 100, 53, 12139, 15360, 66.46, 930
2026/07/13 04:41:39.265, 100, 41, 12139, 15360, 65.12, 1035
2026/07/13 04:41:40.299, 100, 45, 12139, 15360, 57.64, 1005
2026/07/13 04:41:41.321, 100, 41, 12139, 15360, 66.16, 1050
2026/07/13 04:41:42.330, 100, 52, 12139, 15360, 68.28, 750
2026/07/13 04:41:43.339, 100, 41, 12139, 15360, 66.11, 1035
2026/07/13 04:41:44.348, 100, 55, 12139, 15360, 67.59, 1035
2026/07/13 04:41:45.356, 100, 40, 12139, 15360, 65.71, 1020
2026/07/13 04:41:46.366, 100, 56, 12139, 15360, 66.75, 1020
2026/07/13 04:41:47.376, 100, 40, 12139, 15360, 66.79, 1035
2026/07/13 04:41:48.385, 100, 55, 12139, 15360, 65.32, 1020
2026/07/13 04:41:49.395, 100, 41, 12139, 15360, 66.06, 1035
2026/07/13 04:41:50.406, 100, 55, 12139, 15360, 66.36, 1035
2026/07/13 04:41:51.418, 100, 41, 12139, 15360, 66.60, 1005
2026/07/13 04:41:52.442, 100, 55, 12139, 15360, 66.36, 1020
2026/07/13 04:41:53.455, 100, 42, 12139, 15360, 65.71, 1020
2026/07/13 04:41:54.467, 100, 56, 12139, 15360, 65.81, 1035
2026/07/13 04:41:55.479, 100, 40, 12139, 15360, 66.60, 1035
2026/07/13 04:41:56.487, 96, 61, 12139, 15360, 67.24, 1035
2026/07/13 04:41:57.496, 100, 37, 12139, 15360, 66.26, 1020
2026/07/13 04:41:58.505, 96, 56, 12139, 15360, 65.81, 1035
2026/07/13 04:41:59.515, 100, 36, 12139, 15360, 65.32, 1020
2026/07/13 04:42:00.526, 96, 49, 12139, 15360, 69.55, 1020
2026/07/13 04:42:01.534, 100, 31, 12139, 15360, 60.68, 1020
2026/07/13 04:42:02.543, 100, 38, 12139, 15360, 64.93, 1080
2026/07/13 04:42:03.553, 100, 44, 12139, 15360, 66.95, 705
2026/07/13 04:42:04.564, 100, 41, 12139, 15360, 66.75, 1005
2026/07/13 04:42:05.573, 100, 49, 12139, 15360, 66.95, 765
2026/07/13 04:42:06.584, 100, 38, 12139, 15360, 64.99, 1020
2026/07/13 04:42:07.599, 100, 45, 12139, 15360, 57.93, 780
2026/07/13 04:42:08.636, 100, 41, 12139, 15360, 64.10, 1020
2026/07/13 04:42:09.654, 100, 54, 12139, 15360, 70.04, 870
2026/07/13 04:42:10.675, 100, 39, 12139, 15360, 65.38, 1020
2026/07/13 04:42:11.683, 100, 55, 12139, 15360, 68.77, 750
2026/07/13 04:42:12.692, 100, 41, 12139, 15360, 65.91, 1020
2026/07/13 04:42:13.700, 100, 55, 12139, 15360, 67.49, 1020
2026/07/13 04:42:14.710, 100, 41, 12139, 15360, 65.57, 1035
2026/07/13 04:42:15.723, 100, 56, 12139, 15360, 66.65, 1020
2026/07/13 04:42:16.744, 100, 39, 12139, 15360, 65.52, 1005
2026/07/13 04:42:17.765, 100, 56, 12139, 15360, 69.55, 1020
2026/07/13 04:42:18.773, 100, 41, 12139, 15360, 65.93, 1020
2026/07/13 04:42:19.796, 100, 54, 12139, 15360, 66.26, 1035
2026/07/13 04:42:20.809, 100, 40, 12139, 15360, 66.69, 1035
2026/07/13 04:42:21.821, 94, 59, 12139, 15360, 66.26, 1020
2026/07/13 04:42:22.834, 100, 36, 12139, 15360, 65.03, 1020
2026/07/13 04:42:23.841, 96, 56, 12139, 15360, 66.56, 1020
2026/07/13 04:42:24.854, 100, 36, 12139, 15360, 65.42, 1020
2026/07/13 04:42:25.862, 100, 46, 12139, 15360, 67.09, 1020
2026/07/13 04:42:26.874, 100, 35, 12139, 15360, 64.99, 1020
2026/07/13 04:42:27.883, 100, 42, 12139, 15360, 72.00, 1035
2026/07/13 04:42:28.893, 100, 43, 12139, 15360, 62.02, 1005
2026/07/13 04:42:29.902, 100, 38, 12139, 15360, 66.75, 1050
2026/07/13 04:42:30.920, 100, 52, 12139, 15360, 66.85, 675
2026/07/13 04:42:31.930, 100, 41, 12139, 15360, 65.18, 1020
2026/07/13 04:42:32.941, 100, 48, 12139, 15360, 66.36, 675
2026/07/13 04:42:33.985, 100, 40, 12139, 15360, 65.52, 1035
2026/07/13 04:42:35.024, 100, 48, 12139, 15360, 64.34, 795
2026/07/13 04:42:36.044, 100, 39, 12139, 15360, 64.40, 1035
2026/07/13 04:42:37.058, 100, 44, 12139, 15360, 57.74, 990
2026/07/13 04:42:38.066, 100, 41, 12139, 15360, 64.04, 1005
2026/07/13 04:42:39.077, 100, 56, 12139, 15360, 72.05, 735
2026/07/13 04:42:40.087, 100, 41, 12139, 15360, 65.28, 1020
2026/07/13 04:42:41.095, 100, 55, 12139, 15360, 64.73, 990
2026/07/13 04:42:42.107, 100, 39, 12139, 15360, 64.44, 1050
2026/07/13 04:42:43.114, 100, 56, 12139, 15360, 66.56, 1005
2026/07/13 04:42:44.125, 100, 39, 12139, 15360, 66.65, 1005
2026/07/13 04:42:45.133, 100, 54, 12139, 15360, 65.48, 1035
2026/07/13 04:42:46.141, 100, 41, 12139, 15360, 66.75, 1035
2026/07/13 04:42:47.152, 100, 55, 12139, 15360, 64.89, 1005
2026/07/13 04:42:48.166, 100, 39, 12139, 15360, 64.89, 990
2026/07/13 04:42:49.187, 100, 55, 12139, 15360, 66.30, 1005
2026/07/13 04:42:50.198, 100, 40, 12139, 15360, 64.50, 1035
2026/07/13 04:42:51.209, 94, 62, 12139, 15360, 65.03, 1035
2026/07/13 04:42:52.220, 100, 36, 12139, 15360, 65.67, 990
2026/07/13 04:42:53.231, 96, 53, 12139, 15360, 65.61, 1020
2026/07/13 04:42:54.240, 100, 36, 12139, 15360, 64.20, 1035
2026/07/13 04:42:55.247, 100, 47, 12139, 15360, 71.81, 1050
2026/07/13 04:42:56.259, 100, 30, 12139, 15360, 62.12, 1035
2026/07/13 04:42:57.267, 100, 38, 12139, 15360, 65.28, 1080
2026/07/13 04:42:58.276, 100, 43, 12139, 15360, 67.34, 855
2026/07/13 04:42:59.287, 100, 41, 12139, 15360, 64.69, 1050
2026/07/13 04:43:00.297, 100, 46, 12139, 15360, 67.04, 705
2026/07/13 04:43:01.307, 100, 41, 12139, 15360, 64.44, 1035
2026/07/13 04:43:02.324, 100, 46, 12139, 15360, 70.10, 825
2026/07/13 04:43:03.341, 100, 41, 12139, 15360, 66.85, 990
2026/07/13 04:43:04.358, 100, 52, 12139, 15360, 66.46, 1020
2026/07/13 04:43:05.367, 100, 38, 12139, 15360, 66.06, 1020
2026/07/13 04:43:06.378, 100, 56, 12139, 15360, 65.67, 765
2026/07/13 04:43:07.387, 100, 41, 12139, 15360, 65.67, 1020
2026/07/13 04:43:08.397, 100, 56, 12139, 15360, 66.36, 1050
2026/07/13 04:43:09.406, 100, 42, 12139, 15360, 66.30, 1050
2026/07/13 04:43:10.415, 100, 54, 12139, 15360, 66.32, 1035
2026/07/13 04:43:11.427, 100, 41, 12139, 15360, 66.56, 1050
2026/07/13 04:43:12.439, 100, 55, 12139, 15360, 65.12, 1050
2026/07/13 04:43:13.451, 100, 41, 12139, 15360, 63.65, 1020
2026/07/13 04:43:14.469, 100, 54, 12139, 15360, 66.02, 1020
2026/07/13 04:43:15.482, 100, 41, 12139, 15360, 66.75, 1050
2026/07/13 04:43:16.511, 100, 56, 12139, 15360, 66.65, 1035
2026/07/13 04:43:17.520, 100, 40, 12139, 15360, 64.50, 1020
2026/07/13 04:43:18.530, 93, 59, 12139, 15360, 65.67, 1050
2026/07/13 04:43:19.551, 100, 36, 12139, 15360, 67.44, 1020
2026/07/13 04:43:20.560, 96, 57, 12139, 15360, 68.52, 1035
2026/07/13 04:43:21.578, 100, 37, 12139, 15360, 65.28, 1020
2026/07/13 04:43:22.593, 96, 53, 12139, 15360, 65.38, 1050
2026/07/13 04:43:23.606, 100, 31, 12139, 15360, 65.61, 1050
2026/07/13 04:43:24.615, 100, 39, 12139, 15360, 65.28, 1035
2026/07/13 04:43:25.627, 100, 42, 12139, 15360, 64.57, 1005
2026/07/13 04:43:26.635, 100, 41, 12139, 15360, 72.74, 1050
2026/07/13 04:43:27.646, 100, 42, 12139, 15360, 62.12, 1035
2026/07/13 04:43:28.653, 100, 41, 12139, 15360, 64.44, 1245
2026/07/13 04:43:29.666, 100, 50, 12139, 15360, 59.51, 855
2026/07/13 04:43:30.678, 100, 41, 12139, 15360, 63.46, 1050
2026/07/13 04:43:31.706, 100, 44, 12139, 15360, 70.49, 690
2026/07/13 04:43:32.716, 100, 39, 12139, 15360, 64.18, 1035
2026/07/13 04:43:33.733, 100, 43, 12139, 15360, 70.59, 795
2026/07/13 04:43:34.743, 100, 39, 12139, 15360, 67.44, 1020
2026/07/13 04:43:35.754, 100, 52, 12139, 15360, 57.64, 945
2026/07/13 04:43:36.763, 100, 40, 12139, 15360, 66.56, 1005
2026/07/13 04:43:37.781, 100, 45, 12139, 15360, 71.17, 780
2026/07/13 04:43:38.798, 100, 40, 12139, 15360, 65.83, 1005
2026/07/13 04:43:39.807, 100, 53, 12139, 15360, 67.83, 765
2026/07/13 04:43:40.816, 100, 41, 12139, 15360, 68.43, 1035
2026/07/13 04:43:41.826, 100, 54, 12139, 15360, 66.36, 1020
2026/07/13 04:43:42.837, 100, 38, 12139, 15360, 64.73, 1035
2026/07/13 04:43:43.846, 100, 56, 12139, 15360, 65.67, 1020
2026/07/13 04:43:44.871, 100, 41, 12139, 15360, 67.30, 1020
2026/07/13 04:43:45.891, 100, 56, 12139, 15360, 66.71, 1035
2026/07/13 04:43:46.904, 100, 40, 12139, 15360, 64.89, 1050
2026/07/13 04:43:47.919, 100, 56, 12139, 15360, 64.99, 1035
2026/07/13 04:43:48.929, 100, 41, 12139, 15360, 65.87, 1020
2026/07/13 04:43:49.938, 100, 55, 12139, 15360, 65.22, 1020
2026/07/13 04:43:50.946, 100, 38, 12139, 15360, 65.71, 990
2026/07/13 04:43:51.955, 96, 61, 12139, 15360, 67.54, 1020
2026/07/13 04:43:52.964, 100, 37, 12139, 15360, 67.24, 1020
2026/07/13 04:43:53.977, 96, 54, 12139, 15360, 65.48, 1020
2026/07/13 04:43:55.001, 100, 32, 12139, 15360, 65.97, 1005
2026/07/13 04:43:56.013, 100, 44, 12139, 15360, 68.77, 1035
2026/07/13 04:43:57.023, 100, 41, 12139, 15360, 55.48, 1005
2026/07/13 04:43:58.035, 100, 38, 12139, 15360, 65.08, 1050
2026/07/13 04:43:59.077, 100, 41, 12139, 15360, 68.77, 855
2026/07/13 04:44:00.099, 100, 41, 12139, 15360, 64.63, 1035
2026/07/13 04:44:01.138, 100, 49, 12139, 15360, 67.79, 675
2026/07/13 04:44:02.148, 100, 41, 12139, 15360, 64.69, 1005
2026/07/13 04:44:03.162, 100, 50, 12139, 15360, 69.06, 750
2026/07/13 04:44:04.171, 100, 40, 12139, 15360, 64.97, 1035
2026/07/13 04:44:05.183, 100, 54, 12139, 15360, 62.18, 870
2026/07/13 04:44:06.201, 100, 41, 12139, 15360, 64.89, 1020
2026/07/13 04:44:07.210, 100, 54, 12139, 15360, 72.64, 750
2026/07/13 04:44:08.218, 100, 39, 12139, 15360, 63.61, 1035
2026/07/13 04:44:09.228, 100, 54, 12139, 15360, 68.28, 1020
2026/07/13 04:44:10.241, 100, 40, 12139, 15360, 66.56, 1035
2026/07/13 04:44:11.256, 100, 56, 12139, 15360, 67.24, 1035
2026/07/13 04:44:12.269, 100, 42, 12139, 15360, 67.30, 1020
2026/07/13 04:44:13.296, 100, 55, 12139, 15360, 67.14, 1035
2026/07/13 04:44:14.330, 100, 39, 12139, 15360, 65.32, 1035
2026/07/13 04:44:15.358, 100, 55, 12139, 15360, 65.28, 1035
2026/07/13 04:44:16.372, 100, 41, 12139, 15360, 65.67, 1020
2026/07/13 04:44:17.383, 100, 54, 12139, 15360, 66.69, 1020
2026/07/13 04:44:18.391, 100, 40, 12139, 15360, 65.91, 1020
2026/07/13 04:44:19.399, 100, 56, 12139, 15360, 66.95, 1035
2026/07/13 04:44:20.410, 100, 40, 12139, 15360, 63.46, 975
2026/07/13 04:44:21.421, 96, 60, 12139, 15360, 64.99, 1035
2026/07/13 04:44:22.432, 100, 36, 12139, 15360, 66.56, 1020
2026/07/13 04:44:23.440, 96, 53, 12139, 15360, 65.81, 1005
2026/07/13 04:44:24.449, 100, 32, 12139, 15360, 65.18, 1005
2026/07/13 04:44:25.458, 100, 38, 12139, 15360, 61.49, 1200
2026/07/13 04:44:26.470, 100, 44, 12139, 15360, 55.05, 855
2026/07/13 04:44:27.483, 100, 41, 12139, 15360, 68.04, 1035
2026/07/13 04:44:28.495, 100, 45, 12139, 15360, 70.49, 690
2026/07/13 04:44:29.505, 100, 41, 12139, 15360, 64.83, 1035
2026/07/13 04:44:30.531, 100, 47, 12139, 15360, 72.64, 780
2026/07/13 04:44:31.545, 100, 41, 12139, 15360, 67.34, 1035
2026/07/13 04:44:32.553, 100, 51, 12139, 15360, 66.46, 855
2026/07/13 04:44:33.571, 100, 38, 12139, 15360, 66.30, 1020
2026/07/13 04:44:34.581, 100, 54, 12139, 15360, 74.65, 750
2026/07/13 04:44:35.590, 100, 41, 12139, 15360, 63.46, 1035
2026/07/13 04:44:36.599, 100, 54, 12139, 15360, 65.67, 1035
2026/07/13 04:44:37.610, 100, 41, 12139, 15360, 67.83, 1005
2026/07/13 04:44:38.619, 100, 55, 12139, 15360, 65.61, 1035
2026/07/13 04:44:39.630, 100, 39, 12139, 15360, 66.30, 1020
2026/07/13 04:44:40.650, 100, 56, 12139, 15360, 65.77, 1050
2026/07/13 04:44:41.667, 100, 40, 12139, 15360, 66.81, 1020
2026/07/13 04:44:42.684, 100, 54, 12139, 15360, 68.08, 1020
2026/07/13 04:44:43.696, 100, 41, 12139, 15360, 64.93, 1020
2026/07/13 04:44:44.703, 99, 56, 12139, 15360, 66.02, 1035
2026/07/13 04:44:45.714, 100, 39, 12139, 15360, 63.95, 1050
2026/07/13 04:44:46.721, 96, 60, 12139, 15360, 66.06, 1020
2026/07/13 04:44:47.732, 100, 36, 12139, 15360, 66.75, 1020
2026/07/13 04:44:48.743, 96, 53, 12139, 15360, 66.26, 1035
2026/07/13 04:44:49.753, 100, 32, 12139, 15360, 66.95, 1035
2026/07/13 04:44:50.764, 100, 44, 12139, 15360, 73.23, 1020
2026/07/13 04:44:51.775, 100, 39, 12139, 15360, 62.61, 1020
2026/07/13 04:44:52.787, 100, 41, 12139, 15360, 67.79, 1230
2026/07/13 04:44:53.796, 100, 42, 12139, 15360, 66.65, 945
2026/07/13 04:44:54.822, 100, 39, 12139, 15360, 65.52, 1020
2026/07/13 04:44:55.843, 100, 52, 12139, 15360, 65.03, 675
2026/07/13 04:44:56.854, 100, 41, 12139, 15360, 66.16, 1005
2026/07/13 04:44:57.875, 100, 46, 12139, 15360, 70.00, 855
2026/07/13 04:44:58.886, 100, 41, 12139, 15360, 67.83, 1020
2026/07/13 04:44:59.897, 100, 55, 12139, 15360, 71.96, 960
2026/07/13 04:45:00.906, 100, 39, 12139, 15360, 65.77, 1005
2026/07/13 04:45:01.923, 100, 55, 12139, 15360, 66.85, 765
2026/07/13 04:45:02.933, 100, 40, 12139, 15360, 65.52, 1005
2026/07/13 04:45:03.946, 100, 54, 12139, 15360, 72.50, 750
2026/07/13 04:45:04.978, 100, 41, 12139, 15360, 64.89, 990
2026/07/13 04:45:05.991, 100, 56, 12139, 15360, 66.06, 1035
2026/07/13 04:45:06.998, 100, 41, 12139, 15360, 66.16, 1035
2026/07/13 04:45:08.007, 100, 55, 12139, 15360, 65.28, 1035
2026/07/13 04:45:09.017, 100, 41, 12139, 15360, 69.01, 1020
2026/07/13 04:45:10.027, 100, 56, 12139, 15360, 65.38, 1035
2026/07/13 04:45:11.050, 100, 39, 12139, 15360, 66.56, 1020
2026/07/13 04:45:12.064, 100, 54, 12139, 15360, 67.24, 1050
2026/07/13 04:45:13.074, 100, 41, 12139, 15360, 65.22, 1020
2026/07/13 04:45:14.082, 100, 56, 12139, 15360, 65.81, 1035
2026/07/13 04:45:15.092, 100, 41, 12139, 15360, 65.08, 1035
2026/07/13 04:45:16.101, 100, 55, 12139, 15360, 66.95, 1050
2026/07/13 04:45:17.112, 100, 41, 12139, 15360, 64.59, 1005
2026/07/13 04:45:18.122, 96, 63, 12139, 15360, 67.83, 1020
2026/07/13 04:45:19.134, 100, 38, 12139, 15360, 64.79, 1050
2026/07/13 04:45:20.142, 96, 58, 12139, 15360, 67.79, 990
2026/07/13 04:45:21.153, 100, 37, 12139, 15360, 64.83, 1050
2026/07/13 04:45:22.162, 94, 49, 12139, 15360, 55.22, 1020
2026/07/13 04:45:23.188, 100, 33, 12139, 15360, 56.40, 1020
2026/07/13 04:45:24.215, 100, 38, 12139, 15360, 68.67, 1170
2026/07/13 04:45:25.244, 100, 44, 12139, 15360, 61.24, 1020
2026/07/13 04:45:26.277, 100, 39, 12139, 15360, 65.81, 1050
2026/07/13 04:45:27.285, 100, 41, 12139, 15360, 66.75, 825
2026/07/13 04:45:28.293, 100, 39, 12139, 15360, 63.79, 1050
2026/07/13 04:45:29.304, 100, 52, 12139, 15360, 67.04, 690
2026/07/13 04:45:30.314, 100, 40, 12139, 15360, 65.87, 1020
2026/07/13 04:45:31.325, 100, 45, 12139, 15360, 71.86, 780
2026/07/13 04:45:32.334, 100, 41, 12139, 15360, 67.04, 1035
2026/07/13 04:45:33.353, 100, 53, 12139, 15360, 66.46, 1020
2026/07/13 04:45:34.371, 100, 41, 12139, 15360, 66.20, 1035
2026/07/13 04:45:35.384, 100, 56, 12139, 15360, 74.26, 750
2026/07/13 04:45:36.394, 100, 41, 12139, 15360, 66.16, 1020
2026/07/13 04:45:37.412, 100, 54, 12139, 15360, 65.18, 840
2026/07/13 04:45:38.437, 100, 41, 12139, 15360, 65.87, 990
2026/07/13 04:45:39.466, 100, 56, 12139, 15360, 66.56, 1035
2026/07/13 04:45:40.479, 100, 41, 12139, 15360, 65.42, 990
2026/07/13 04:45:41.494, 100, 56, 12139, 15360, 67.04, 1020
2026/07/13 04:45:42.507, 100, 41, 12139, 15360, 66.16, 1020
2026/07/13 04:45:43.519, 100, 54, 12139, 15360, 66.51, 1035
2026/07/13 04:45:44.530, 100, 41, 12139, 15360, 65.52, 1020
2026/07/13 04:45:45.538, 100, 54, 12139, 15360, 66.36, 1050
2026/07/13 04:45:46.550, 100, 41, 12139, 15360, 64.83, 1020
2026/07/13 04:45:47.562, 96, 62, 12139, 15360, 66.16, 1050
2026/07/13 04:45:48.575, 100, 38, 12139, 15360, 66.85, 1020
2026/07/13 04:45:49.610, 100, 54, 12139, 15360, 66.01, 1020
2026/07/13 04:45:50.621, 100, 41, 12139, 15360, 66.36, 1020
2026/07/13 04:45:51.631, 100, 56, 12139, 15360, 66.46, 1035
2026/07/13 04:45:52.653, 100, 38, 12139, 15360, 67.63, 1035
2026/07/13 04:45:53.664, 94, 61, 12139, 15360, 66.95, 1020
2026/07/13 04:45:54.678, 100, 36, 12139, 15360, 65.53, 1035
2026/07/13 04:45:55.685, 96, 58, 12139, 15360, 70.04, 1020
2026/07/13 04:45:56.694, 100, 36, 12139, 15360, 65.77, 1050
2026/07/13 04:45:57.702, 96, 52, 12139, 15360, 64.93, 1095
2026/07/13 04:45:58.713, 100, 29, 12139, 15360, 57.84, 1020
2026/07/13 04:45:59.722, 100, 41, 12139, 15360, 67.20, 1035
2026/07/13 04:46:00.741, 100, 44, 12139, 15360, 68.96, 690
2026/07/13 04:46:01.752, 100, 39, 12139, 15360, 65.28, 1035
2026/07/13 04:46:02.764, 100, 42, 12139, 15360, 66.26, 690
2026/07/13 04:46:03.780, 100, 41, 12139, 15360, 67.89, 1035
2026/07/13 04:46:04.791, 100, 52, 12139, 15360, 57.44, 750
2026/07/13 04:46:05.801, 100, 41, 12139, 15360, 65.22, 1050
2026/07/13 04:46:06.822, 100, 48, 12139, 15360, 70.04, 975
2026/07/13 04:46:07.840, 100, 38, 12139, 15360, 69.36, 1050
2026/07/13 04:46:08.857, 100, 56, 12139, 15360, 66.95, 750
2026/07/13 04:46:09.870, 100, 40, 12139, 15360, 65.71, 1020
2026/07/13 04:46:10.884, 100, 54, 12139, 15360, 67.24, 1035
2026/07/13 04:46:11.894, 100, 41, 12139, 15360, 65.67, 1005
2026/07/13 04:46:12.908, 100, 54, 12139, 15360, 67.63, 1035
2026/07/13 04:46:13.931, 100, 39, 12139, 15360, 65.97, 1020
2026/07/13 04:46:14.942, 100, 55, 12139, 15360, 66.30, 1020
2026/07/13 04:46:15.953, 100, 41, 12139, 15360, 66.16, 1005
2026/07/13 04:46:16.961, 100, 55, 12139, 15360, 66.16, 1050
2026/07/13 04:46:17.972, 100, 41, 12139, 15360, 65.71, 1020
2026/07/13 04:46:18.991, 100, 56, 12139, 15360, 67.44, 1020
2026/07/13 04:46:20.010, 100, 38, 12139, 15360, 67.44, 990
2026/07/13 04:46:21.024, 94, 62, 12139, 15360, 66.06, 990
2026/07/13 04:46:22.043, 100, 37, 12139, 15360, 66.06, 1020
2026/07/13 04:46:23.061, 96, 53, 12139, 15360, 64.93, 1005
2026/07/13 04:46:24.075, 100, 32, 12139, 15360, 65.63, 1020
2026/07/13 04:46:25.083, 100, 47, 12139, 15360, 69.06, 1020
2026/07/13 04:46:26.095, 100, 36, 12139, 15360, 61.10, 1035
2026/07/13 04:46:27.105, 100, 41, 12139, 15360, 63.49, 1065
2026/07/13 04:46:28.114, 100, 41, 12139, 15360, 66.95, 1020
2026/07/13 04:46:29.126, 100, 38, 12139, 15360, 64.40, 1020
2026/07/13 04:46:30.147, 100, 52, 12139, 15360, 68.77, 690
2026/07/13 04:46:31.164, 100, 41, 12139, 15360, 66.46, 1035
2026/07/13 04:46:32.173, 100, 46, 12139, 15360, 70.04, 735
2026/07/13 04:46:33.192, 100, 41, 12139, 15360, 65.57, 1020
2026/07/13 04:46:34.237, 100, 46, 12139, 15360, 72.74, 780
2026/07/13 04:46:35.247, 100, 41, 12139, 15360, 65.28, 1020
2026/07/13 04:46:36.264, 100, 44, 12139, 15360, 66.16, 1020
2026/07/13 04:46:37.282, 100, 39, 12139, 15360, 65.77, 1020
2026/07/13 04:46:38.293, 100, 53, 12139, 15360, 69.80, 735
2026/07/13 04:46:39.301, 100, 41, 12139, 15360, 67.54, 1005
2026/07/13 04:46:40.312, 100, 55, 12139, 15360, 65.48, 1035
2026/07/13 04:46:41.322, 100, 42, 12139, 15360, 68.32, 1005
2026/07/13 04:46:42.332, 100, 54, 12139, 15360, 65.42, 1020
2026/07/13 04:46:43.341, 100, 40, 12139, 15360, 66.85, 990
2026/07/13 04:46:44.352, 100, 56, 12139, 15360, 67.54, 1035
2026/07/13 04:46:45.364, 100, 38, 12139, 15360, 65.71, 1020
2026/07/13 04:46:46.377, 100, 55, 12139, 15360, 66.36, 1035
2026/07/13 04:46:47.391, 100, 41, 12139, 15360, 67.83, 990
2026/07/13 04:46:48.425, 100, 56, 12139, 15360, 65.91, 1035
2026/07/13 04:46:49.436, 100, 38, 12139, 15360, 65.32, 1035
2026/07/13 04:46:50.452, 94, 56, 12139, 15360, 65.32, 1020
2026/07/13 04:46:51.460, 100, 38, 12139, 15360, 64.30, 1035
2026/07/13 04:46:52.469, 96, 56, 12139, 15360, 65.28, 1020
2026/07/13 04:46:53.478, 100, 37, 12139, 15360, 64.69, 1035
2026/07/13 04:46:54.487, 96, 52, 12139, 15360, 51.44, 1005
2026/07/13 04:46:55.497, 100, 29, 12139, 15360, 54.63, 1020
2026/07/13 04:46:56.507, 100, 41, 12139, 15360, 64.44, 1185
2026/07/13 04:46:57.521, 100, 44, 12139, 15360, 70.98, 840
2026/07/13 04:46:58.531, 100, 40, 12139, 15360, 66.69, 1035
2026/07/13 04:46:59.541, 100, 45, 12139, 15360, 69.16, 690
2026/07/13 04:47:00.552, 100, 39, 12139, 15360, 65.97, 1005
2026/07/13 04:47:01.575, 100, 48, 12139, 15360, 67.63, 795
2026/07/13 04:47:02.600, 100, 42, 12139, 15360, 66.85, 1035
2026/07/13 04:47:03.626, 100, 50, 12139, 15360, 57.44, 840
2026/07/13 04:47:04.644, 100, 41, 12139, 15360, 65.03, 1050
2026/07/13 04:47:05.657, 100, 55, 12139, 15360, 67.63, 765
2026/07/13 04:47:06.671, 100, 41, 12139, 15360, 65.36, 1035
2026/07/13 04:47:07.681, 100, 54, 12139, 15360, 66.26, 810
2026/07/13 04:47:08.690, 100, 39, 12139, 15360, 66.40, 1020
2026/07/13 04:47:09.701, 100, 56, 12139, 15360, 65.44, 1020
2026/07/13 04:47:10.708, 100, 40, 12139, 15360, 66.95, 1050
2026/07/13 04:47:11.717, 100, 54, 12139, 15360, 64.99, 1035
2026/07/13 04:47:12.729, 100, 41, 12139, 15360, 67.04, 1020
2026/07/13 04:47:13.737, 100, 56, 12139, 15360, 67.00, 1005
2026/07/13 04:47:14.746, 100, 41, 12139, 15360, 66.56, 1050
2026/07/13 04:47:15.756, 100, 55, 12139, 15360, 66.42, 1035
2026/07/13 04:47:16.769, 100, 38, 12139, 15360, 65.97, 1020
2026/07/13 04:47:17.782, 94, 61, 12139, 15360, 65.81, 1050
2026/07/13 04:47:18.792, 100, 36, 12139, 15360, 65.38, 1020
2026/07/13 04:47:19.801, 96, 55, 12139, 15360, 67.24, 1020
2026/07/13 04:47:20.826, 100, 36, 12139, 15360, 65.48, 1035
2026/07/13 04:47:21.850, 100, 48, 12139, 15360, 68.22, 1020
2026/07/13 04:47:22.864, 100, 32, 12139, 15360, 63.91, 1005
2026/07/13 04:47:23.874, 100, 41, 12139, 15360, 56.99, 1035
2026/07/13 04:47:24.885, 100, 44, 12139, 15360, 67.98, 1020
2026/07/13 04:47:25.897, 100, 42, 12139, 15360, 67.89, 1200
2026/07/13 04:47:26.908, 100, 49, 12139, 15360, 59.90, 945
2026/07/13 04:47:27.919, 100, 41, 12139, 15360, 65.71, 1020
2026/07/13 04:47:28.929, 100, 43, 12139, 15360, 67.69, 675
2026/07/13 04:47:29.939, 100, 39, 12139, 15360, 65.61, 1035
2026/07/13 04:47:30.980, 100, 42, 12139, 15360, 66.26, 780
2026/07/13 04:47:31.991, 100, 42, 12139, 15360, 67.79, 1050
2026/07/13 04:47:33.006, 100, 54, 12139, 15360, 57.34, 930
2026/07/13 04:47:34.015, 100, 41, 12139, 15360, 63.81, 1035
2026/07/13 04:47:35.024, 100, 48, 12139, 15360, 67.89, 765
2026/07/13 04:47:36.034, 100, 38, 12139, 15360, 65.22, 1035
2026/07/13 04:47:37.042, 100, 55, 12139, 15360, 67.04, 1020
2026/07/13 04:47:38.049, 100, 41, 12139, 15360, 66.85, 990
2026/07/13 04:47:39.060, 100, 56, 12139, 15360, 67.89, 1035
2026/07/13 04:47:40.070, 100, 42, 12139, 15360, 67.34, 1005
2026/07/13 04:47:41.078, 100, 55, 12139, 15360, 65.52, 1035
2026/07/13 04:47:42.086, 100, 41, 12139, 15360, 65.03, 1035
2026/07/13 04:47:43.098, 100, 56, 12139, 15360, 66.20, 1020
2026/07/13 04:47:44.126, 100, 39, 12139, 15360, 66.11, 1050
2026/07/13 04:47:45.143, 100, 54, 12139, 15360, 65.48, 1050
2026/07/13 04:47:46.168, 100, 41, 12139, 15360, 64.59, 990
2026/07/13 04:47:47.198, 100, 55, 12139, 15360, 65.71, 1035
2026/07/13 04:47:48.209, 100, 42, 12139, 15360, 67.38, 1050
2026/07/13 04:47:49.220, 96, 58, 12139, 15360, 65.48, 1035
2026/07/13 04:47:50.229, 100, 37, 12139, 15360, 65.44, 1035
2026/07/13 04:47:51.244, 96, 57, 12139, 15360, 65.48, 1035
2026/07/13 04:47:52.254, 100, 38, 12139, 15360, 67.79, 1020
2026/07/13 04:47:53.264, 96, 52, 12139, 15360, 65.28, 1020
2026/07/13 04:47:54.275, 100, 31, 12139, 15360, 65.03, 1035
2026/07/13 04:47:55.284, 100, 41, 12139, 15360, 70.49, 1035
2026/07/13 04:47:56.309, 100, 42, 12139, 15360, 65.38, 1050
2026/07/13 04:47:57.332, 100, 40, 12139, 15360, 64.14, 1185
2026/07/13 04:47:58.362, 100, 42, 12139, 15360, 60.10, 990
2026/07/13 04:47:59.385, 100, 40, 12139, 15360, 66.06, 1080
2026/07/13 04:48:00.421, 100, 52, 12139, 15360, 71.76, 915
2026/07/13 04:48:01.452, 100, 41, 12139, 15360, 68.18, 1035
2026/07/13 04:48:02.461, 100, 45, 12139, 15360, 67.44, 675
2026/07/13 04:48:03.470, 100, 38, 12139, 15360, 66.65, 1035
2026/07/13 04:48:04.480, 100, 53, 12139, 15360, 65.38, 765
2026/07/13 04:48:05.489, 100, 39, 12139, 15360, 67.14, 1035
2026/07/13 04:48:06.501, 100, 54, 12139, 15360, 65.08, 990
2026/07/13 04:48:07.513, 100, 41, 12139, 15360, 66.46, 1035
2026/07/13 04:48:08.522, 100, 45, 12139, 15360, 66.46, 765
2026/07/13 04:48:09.534, 100, 41, 12139, 15360, 66.16, 1020
2026/07/13 04:48:10.542, 100, 54, 12139, 15360, 70.19, 945
2026/07/13 04:48:11.552, 100, 41, 12139, 15360, 67.00, 1065
2026/07/13 04:48:12.572, 100, 55, 12139, 15360, 66.46, 1050
2026/07/13 04:48:13.583, 100, 41, 12139, 15360, 64.04, 1035
2026/07/13 04:48:14.598, 100, 56, 12139, 15360, 65.87, 1035
2026/07/13 04:48:15.615, 100, 41, 12139, 15360, 67.28, 1035
2026/07/13 04:48:16.624, 100, 56, 12139, 15360, 65.52, 1020
2026/07/13 04:48:17.632, 100, 41, 12139, 15360, 67.04, 1035
2026/07/13 04:48:18.641, 100, 56, 12139, 15360, 65.77, 1020
2026/07/13 04:48:19.649, 100, 41, 12139, 15360, 69.26, 1035
2026/07/13 04:48:20.658, 100, 55, 12139, 15360, 66.16, 1035
2026/07/13 04:48:21.667, 100, 41, 12139, 15360, 64.99, 1035
2026/07/13 04:48:22.676, 100, 54, 12139, 15360, 66.06, 1050
2026/07/13 04:48:23.688, 100, 41, 12139, 15360, 66.65, 1035
2026/07/13 04:48:24.698, 96, 62, 12139, 15360, 66.06, 1035
2026/07/13 04:48:25.707, 100, 36, 12139, 15360, 66.85, 1035
2026/07/13 04:48:26.718, 93, 58, 12139, 15360, 69.50, 1005
2026/07/13 04:48:27.746, 100, 35, 12139, 15360, 64.54, 1050
2026/07/13 04:48:28.757, 97, 49, 12139, 15360, 57.18, 1080
2026/07/13 04:48:29.767, 100, 31, 12139, 15360, 55.71, 990
2026/07/13 04:48:30.778, 100, 38, 12139, 15360, 63.85, 1065
2026/07/13 04:48:31.798, 100, 44, 12139, 15360, 69.65, 765
2026/07/13 04:48:32.809, 100, 39, 12139, 15360, 66.50, 1005
2026/07/13 04:48:33.821, 100, 46, 12139, 15360, 69.36, 705
2026/07/13 04:48:34.831, 100, 41, 12139, 15360, 65.03, 1020
2026/07/13 04:48:35.845, 100, 48, 12139, 15360, 61.14, 765
2026/07/13 04:48:36.854, 100, 41, 12139, 15360, 65.18, 1035
2026/07/13 04:48:37.863, 100, 50, 12139, 15360, 70.49, 990
2026/07/13 04:48:38.887, 100, 39, 12139, 15360, 67.30, 1020
2026/07/13 04:48:39.906, 100, 54, 12139, 15360, 68.96, 735
2026/07/13 04:48:40.918, 100, 41, 12139, 15360, 64.73, 1035
2026/07/13 04:48:41.945, 100, 55, 12139, 15360, 64.73, 1020
2026/07/13 04:48:42.959, 100, 38, 12139, 15360, 67.04, 1020
2026/07/13 04:48:43.967, 100, 55, 12139, 15360, 67.79, 1020
2026/07/13 04:48:44.976, 100, 42, 12139, 15360, 65.73, 1020
2026/07/13 04:48:45.990, 100, 54, 12139, 15360, 66.65, 1050
2026/07/13 04:48:47.001, 100, 41, 12139, 15360, 65.22, 1020
2026/07/13 04:48:48.013, 100, 54, 12139, 15360, 66.06, 1050
2026/07/13 04:48:49.022, 100, 41, 12139, 15360, 66.20, 1020
2026/07/13 04:48:50.029, 94, 58, 12139, 15360, 66.56, 1035
2026/07/13 04:48:51.040, 100, 38, 12139, 15360, 65.77, 1020
2026/07/13 04:48:52.049, 96, 57, 12139, 15360, 66.12, 1035
2026/07/13 04:48:53.060, 100, 36, 12139, 15360, 66.50, 1020
2026/07/13 04:48:54.084, 96, 49, 12139, 15360, 66.01, 1035
2026/07/13 04:48:55.111, 100, 28, 12139, 15360, 67.34, 1005
2026/07/13 04:48:56.135, 100, 38, 12139, 15360, 60.06, 1020
2026/07/13 04:48:57.154, 100, 43, 12139, 15360, 56.69, 1050
2026/07/13 04:48:58.166, 94, 50, 12139, 15360, 73.38, 1125
2026/07/13 04:48:59.185, 100, 31, 12139, 15360, 61.37, 930
2026/07/13 04:49:00.196, 100, 41, 12139, 15360, 66.65, 1035
2026/07/13 04:49:01.224, 100, 45, 12139, 15360, 67.54, 675
2026/07/13 04:49:02.234, 100, 41, 12139, 15360, 65.61, 1035
2026/07/13 04:49:03.246, 100, 45, 12139, 15360, 67.24, 825
2026/07/13 04:49:04.256, 100, 38, 12139, 15360, 67.04, 1020
2026/07/13 04:49:05.265, 100, 50, 12139, 15360, 58.13, 975
2026/07/13 04:49:06.273, 100, 41, 12139, 15360, 66.20, 960
2026/07/13 04:49:07.284, 100, 50, 12139, 15360, 70.24, 735
2026/07/13 04:49:08.294, 100, 41, 12139, 15360, 63.55, 1035
2026/07/13 04:49:09.316, 100, 54, 12139, 15360, 65.97, 1020
2026/07/13 04:49:10.333, 100, 42, 12139, 15360, 65.38, 1020
2026/07/13 04:49:11.354, 100, 55, 12139, 15360, 66.75, 1020
2026/07/13 04:49:12.368, 100, 39, 12139, 15360, 65.71, 1035
2026/07/13 04:49:13.384, 100, 54, 12139, 15360, 67.34, 1005
2026/07/13 04:49:14.398, 100, 41, 12139, 15360, 66.20, 1035
2026/07/13 04:49:15.405, 100, 54, 12139, 15360, 65.38, 1035
2026/07/13 04:49:16.416, 100, 40, 12139, 15360, 66.26, 1020
2026/07/13 04:49:17.425, 100, 54, 12139, 15360, 65.03, 1035
2026/07/13 04:49:18.436, 100, 41, 12139, 15360, 64.79, 1035
2026/07/13 04:49:19.444, 96, 59, 12139, 15360, 66.16, 1020
2026/07/13 04:49:20.456, 100, 38, 12139, 15360, 66.20, 1020
2026/07/13 04:49:21.466, 94, 55, 12139, 15360, 68.52, 1035
2026/07/13 04:49:22.493, 100, 37, 12139, 15360, 64.04, 1020
2026/07/13 04:49:23.526, 95, 49, 12139, 15360, 65.32, 1020
2026/07/13 04:49:24.571, 100, 31, 12139, 15360, 64.50, 1020
2026/07/13 04:49:25.579, 100, 38, 12139, 15360, 70.14, 1020
2026/07/13 04:49:26.590, 100, 43, 12139, 15360, 61.24, 1035
2026/07/13 04:49:27.599, 100, 38, 12139, 15360, 65.52, 1245
2026/07/13 04:49:28.614, 100, 45, 12139, 15360, 67.14, 870
2026/07/13 04:49:29.624, 100, 40, 12139, 15360, 65.38, 1035
2026/07/13 04:49:30.632, 100, 48, 12139, 15360, 66.26, 675
2026/07/13 04:49:31.643, 100, 41, 12139, 15360, 66.16, 1035
2026/07/13 04:49:32.655, 100, 50, 12139, 15360, 66.26, 795
2026/07/13 04:49:33.664, 100, 41, 12139, 15360, 65.87, 1050
2026/07/13 04:49:34.674, 100, 56, 12139, 15360, 66.16, 885
2026/07/13 04:49:35.691, 100, 39, 12139, 15360, 65.77, 1020
2026/07/13 04:49:36.741, 100, 45, 12139, 15360, 66.56, 765
2026/07/13 04:49:37.752, 100, 41, 12139, 15360, 66.61, 1020
2026/07/13 04:49:38.774, 100, 54, 12139, 15360, 73.77, 765
2026/07/13 04:49:39.784, 100, 41, 12139, 15360, 64.63, 1050
2026/07/13 04:49:40.792, 100, 55, 12139, 15360, 66.46, 1050
2026/07/13 04:49:41.803, 100, 41, 12139, 15360, 66.01, 1035
2026/07/13 04:49:42.812, 100, 54, 12139, 15360, 66.75, 1050
2026/07/13 04:49:43.822, 100, 41, 12139, 15360, 66.50, 1035
2026/07/13 04:49:44.834, 100, 56, 12139, 15360, 64.99, 1050
2026/07/13 04:49:45.846, 100, 41, 12139, 15360, 66.11, 1005
2026/07/13 04:49:46.856, 100, 54, 12139, 15360, 65.67, 1050
2026/07/13 04:49:47.866, 100, 39, 12139, 15360, 64.99, 1020
2026/07/13 04:49:48.880, 100, 56, 12139, 15360, 65.87, 1035
2026/07/13 04:49:49.890, 100, 41, 12139, 15360, 67.04, 1020
2026/07/13 04:49:50.903, 100, 56, 12139, 15360, 66.12, 1035
2026/07/13 04:49:51.927, 100, 41, 12139, 15360, 66.56, 990
2026/07/13 04:49:52.940, 93, 60, 12139, 15360, 64.83, 1020
2026/07/13 04:49:53.957, 100, 37, 12139, 15360, 67.04, 1035
2026/07/13 04:49:54.967, 96, 54, 12139, 15360, 68.47, 1050
2026/07/13 04:49:55.978, 100, 36, 12139, 15360, 65.71, 1020
2026/07/13 04:49:56.987, 100, 50, 12139, 15360, 57.70, 1005
2026/07/13 04:49:58.000, 100, 31, 12139, 15360, 55.31, 1005
2026/07/13 04:49:59.009, 100, 38, 12139, 15360, 66.99, 1065
2026/07/13 04:50:00.022, 100, 44, 12139, 15360, 68.96, 720
2026/07/13 04:50:01.032, 100, 39, 12139, 15360, 66.42, 1020
2026/07/13 04:50:02.043, 100, 45, 12139, 15360, 66.75, 705
2026/07/13 04:50:03.053, 100, 38, 12139, 15360, 67.24, 1005
2026/07/13 04:50:04.079, 100, 49, 12139, 15360, 57.54, 855
2026/07/13 04:50:05.093, 100, 40, 12139, 15360, 67.54, 1020
2026/07/13 04:50:06.112, 100, 51, 12139, 15360, 67.44, 1020
2026/07/13 04:50:07.120, 100, 40, 12139, 15360, 66.30, 1020
2026/07/13 04:50:08.128, 100, 55, 12139, 15360, 65.48, 765
2026/07/13 04:50:09.136, 100, 41, 12139, 15360, 65.57, 1020
2026/07/13 04:50:10.146, 100, 54, 12139, 15360, 67.34, 1035
2026/07/13 04:50:11.155, 100, 41, 12139, 15360, 66.75, 1035
2026/07/13 04:50:12.169, 100, 55, 12139, 15360, 67.10, 1020
2026/07/13 04:50:13.200, 100, 41, 12139, 15360, 66.16, 1020
2026/07/13 04:50:14.228, 100, 56, 12139, 15360, 66.51, 1035
2026/07/13 04:50:15.237, 100, 41, 12139, 15360, 68.28, 1035
2026/07/13 04:50:16.251, 100, 57, 12139, 15360, 66.79, 1005
2026/07/13 04:50:17.267, 100, 39, 12139, 15360, 67.93, 1035
2026/07/13 04:50:18.277, 100, 55, 12139, 15360, 65.67, 1020
2026/07/13 04:50:19.288, 100, 41, 12139, 15360, 66.32, 1020
2026/07/13 04:50:20.324, 100, 58, 12139, 15360, 66.06, 1035
2026/07/13 04:50:21.343, 100, 41, 12139, 15360, 66.06, 1050
2026/07/13 04:50:22.357, 96, 59, 12139, 15360, 65.77, 1020
2026/07/13 04:50:23.371, 100, 38, 12139, 15360, 65.32, 1035
2026/07/13 04:50:24.379, 96, 53, 12139, 15360, 66.06, 1035
2026/07/13 04:50:25.390, 100, 35, 12139, 15360, 66.56, 990
2026/07/13 04:50:26.399, 100, 47, 12139, 15360, 66.01, 1050
2026/07/13 04:50:27.408, 100, 32, 12139, 15360, 64.93, 1020
2026/07/13 04:50:28.418, 100, 41, 12139, 15360, 70.28, 1050
2026/07/13 04:50:29.429, 100, 44, 12139, 15360, 57.34, 1020
2026/07/13 04:50:30.439, 100, 42, 12139, 15360, 66.01, 1170
2026/07/13 04:50:31.449, 100, 49, 12139, 15360, 67.24, 915
2026/07/13 04:50:32.463, 100, 41, 12139, 15360, 65.57, 1080
2026/07/13 04:50:33.513, 100, 44, 12139, 15360, 67.63, 690
2026/07/13 04:50:34.525, 100, 38, 12139, 15360, 66.01, 1020
2026/07/13 04:50:35.545, 100, 43, 12139, 15360, 68.47, 690
2026/07/13 04:50:36.556, 100, 41, 12139, 15360, 69.16, 1035
2026/07/13 04:50:37.566, 100, 53, 12139, 15360, 70.68, 810
2026/07/13 04:50:38.575, 100, 41, 12139, 15360, 67.00, 1035
2026/07/13 04:50:39.585, 100, 44, 12139, 15360, 66.46, 990
2026/07/13 04:50:40.595, 100, 42, 12139, 15360, 66.11, 1035
2026/07/13 04:50:41.605, 100, 54, 12139, 15360, 72.05, 765
2026/07/13 04:50:42.613, 100, 41, 12139, 15360, 65.97, 1035
2026/07/13 04:50:43.623, 100, 54, 12139, 15360, 66.79, 1035
2026/07/13 04:50:44.632, 100, 41, 12139, 15360, 66.32, 1035
2026/07/13 04:50:45.642, 100, 54, 12139, 15360, 66.06, 1035
2026/07/13 04:50:46.665, 100, 41, 12139, 15360, 64.00, 1065
2026/07/13 04:50:47.691, 100, 54, 12139, 15360, 67.04, 1050
2026/07/13 04:50:48.705, 100, 41, 12139, 15360, 64.54, 1020
2026/07/13 04:50:49.718, 100, 54, 12139, 15360, 66.40, 1035
2026/07/13 04:50:50.727, 100, 39, 12139, 15360, 66.46, 1035
2026/07/13 04:50:51.735, 100, 54, 12139, 15360, 65.48, 1020
2026/07/13 04:50:52.748, 100, 39, 12139, 15360, 65.18, 1050
2026/07/13 04:50:53.756, 100, 56, 12139, 15360, 68.42, 1020
2026/07/13 04:50:54.765, 100, 39, 12139, 15360, 66.11, 1050
2026/07/13 04:50:55.772, 96, 62, 12139, 15360, 65.42, 1050
2026/07/13 04:50:56.780, 100, 36, 12139, 15360, 66.22, 1020
2026/07/13 04:50:57.788, 96, 58, 12139, 15360, 66.16, 1050
2026/07/13 04:50:58.800, 100, 36, 12139, 15360, 65.08, 1050
2026/07/13 04:50:59.809, 94, 49, 12139, 15360, 69.70, 1005
2026/07/13 04:51:00.820, 100, 29, 12139, 15360, 61.73, 1020
2026/07/13 04:51:01.830, 100, 42, 12139, 15360, 64.93, 1065
2026/07/13 04:51:02.856, 100, 45, 12139, 15360, 63.36, 1005
2026/07/13 04:51:03.880, 100, 40, 12139, 15360, 62.51, 1050
2026/07/13 04:51:04.896, 100, 46, 12139, 15360, 67.44, 765
2026/07/13 04:51:05.908, 100, 38, 12139, 15360, 65.67, 1020
2026/07/13 04:51:06.920, 100, 49, 12139, 15360, 68.08, 705
2026/07/13 04:51:07.930, 100, 41, 12139, 15360, 67.59, 1050
2026/07/13 04:51:08.941, 100, 51, 12139, 15360, 73.58, 765
2026/07/13 04:51:09.950, 100, 42, 12139, 15360, 66.60, 1035
2026/07/13 04:51:10.960, 100, 54, 12139, 15360, 65.77, 870
2026/07/13 04:51:11.978, 100, 41, 12139, 15360, 68.03, 1035
2026/07/13 04:51:12.990, 100, 54, 12139, 15360, 71.86, 765
2026/07/13 04:51:14.001, 100, 41, 12139, 15360, 67.89, 1035
2026/07/13 04:51:15.019, 100, 56, 12139, 15360, 65.28, 1050
2026/07/13 04:51:16.030, 100, 41, 12139, 15360, 65.28, 1035
2026/07/13 04:51:17.041, 100, 54, 12139, 15360, 65.28, 1035
2026/07/13 04:51:18.077, 100, 41, 12139, 15360, 65.48, 1050
2026/07/13 04:51:19.089, 100, 54, 12139, 15360, 65.38, 1020
2026/07/13 04:51:20.103, 100, 41, 12139, 15360, 66.81, 1035
2026/07/13 04:51:21.116, 100, 54, 12139, 15360, 64.89, 1050
2026/07/13 04:51:22.125, 100, 39, 12139, 15360, 63.55, 1050
2026/07/13 04:51:23.136, 100, 54, 12139, 15360, 66.06, 1020
2026/07/13 04:51:24.151, 100, 40, 12139, 15360, 66.12, 1020
2026/07/13 04:51:25.166, 100, 54, 12139, 15360, 65.44, 1035
2026/07/13 04:51:26.177, 100, 41, 12139, 15360, 64.30, 1020
2026/07/13 04:51:27.190, 100, 55, 12139, 15360, 66.06, 1050
2026/07/13 04:51:28.198, 100, 42, 12139, 15360, 66.46, 1035
2026/07/13 04:51:29.240, 93, 58, 12139, 15360, 63.91, 1035
2026/07/13 04:51:30.258, 100, 38, 12139, 15360, 68.12, 1020
2026/07/13 04:51:31.268, 94, 56, 12139, 15360, 63.71, 1020
2026/07/13 04:51:32.296, 100, 36, 12139, 15360, 65.32, 1050
2026/07/13 04:51:33.308, 96, 52, 12139, 15360, 72.40, 1020
2026/07/13 04:51:34.319, 100, 28, 12139, 15360, 61.33, 1005
2026/07/13 04:51:35.330, 100, 41, 12139, 15360, 65.44, 1200
2026/07/13 04:51:36.338, 100, 46, 12139, 15360, 66.75, 870
2026/07/13 04:51:37.349, 100, 41, 12139, 15360, 66.36, 1020
2026/07/13 04:51:38.359, 100, 45, 12139, 15360, 65.38, 675
2026/07/13 04:51:39.369, 100, 39, 12139, 15360, 66.85, 1020
2026/07/13 04:51:40.380, 100, 51, 12139, 15360, 68.08, 795
2026/07/13 04:51:41.389, 100, 40, 12139, 15360, 64.79, 1035
2026/07/13 04:51:42.402, 100, 51, 12139, 15360, 66.56, 885
2026/07/13 04:51:43.419, 100, 41, 12139, 15360, 64.30, 1005
2026/07/13 04:51:44.444, 100, 55, 12139, 15360, 66.06, 750
2026/07/13 04:51:45.454, 100, 41, 12139, 15360, 66.65, 1035
2026/07/13 04:51:46.469, 100, 55, 12139, 15360, 65.44, 1020
2026/07/13 04:51:47.477, 100, 40, 12139, 15360, 66.28, 1035
2026/07/13 04:51:48.486, 100, 54, 12139, 15360, 66.01, 1035
2026/07/13 04:51:49.494, 100, 38, 12139, 15360, 65.38, 990
2026/07/13 04:51:50.515, 100, 55, 12139, 15360, 66.71, 1020
2026/07/13 04:51:51.525, 100, 38, 12139, 15360, 64.20, 990
2026/07/13 04:51:52.536, 100, 54, 12139, 15360, 68.42, 1020
2026/07/13 04:51:53.548, 100, 41, 12139, 15360, 64.89, 1020
2026/07/13 04:51:54.558, 100, 56, 12139, 15360, 66.75, 1020
2026/07/13 04:51:55.571, 100, 41, 12139, 15360, 63.03, 1005
2026/07/13 04:51:56.587, 94, 62, 12139, 15360, 66.71, 1050
2026/07/13 04:51:57.605, 100, 38, 12139, 15360, 66.16, 1035
2026/07/13 04:51:58.616, 94, 55, 12139, 15360, 66.36, 1035
2026/07/13 04:51:59.625, 100, 36, 12139, 15360, 64.89, 1020
2026/07/13 04:52:00.655, 96, 51, 12139, 15360, 65.63, 1035
2026/07/13 04:52:01.665, 100, 30, 12139, 15360, 67.44, 1050
2026/07/13 04:52:02.674, 100, 41, 12139, 15360, 68.82, 990
2026/07/13 04:52:03.689, 100, 44, 12139, 15360, 65.48, 1050
2026/07/13 04:52:04.697, 100, 40, 12139, 15360, 64.24, 1110
2026/07/13 04:52:05.708, 100, 44, 12139, 15360, 61.73, 960
2026/07/13 04:52:06.718, 100, 38, 12139, 15360, 66.51, 1005
2026/07/13 04:52:07.730, 100, 50, 12139, 15360, 70.10, 675
2026/07/13 04:52:08.740, 100, 40, 12139, 15360, 64.93, 1035
2026/07/13 04:52:09.748, 100, 51, 12139, 15360, 71.96, 795
2026/07/13 04:52:10.768, 100, 41, 12139, 15360, 65.38, 1020
2026/07/13 04:52:11.791, 100, 54, 12139, 15360, 66.46, 1005
2026/07/13 04:52:12.801, 100, 38, 12139, 15360, 67.24, 1050
2026/07/13 04:52:13.825, 100, 46, 12139, 15360, 72.15, 750
2026/07/13 04:52:14.834, 100, 41, 12139, 15360, 65.32, 1035
2026/07/13 04:52:15.844, 100, 54, 12139, 15360, 65.12, 1020
2026/07/13 04:52:16.851, 100, 40, 12139, 15360, 65.08, 1005
2026/07/13 04:52:17.859, 100, 56, 12139, 15360, 67.34, 1005
2026/07/13 04:52:18.872, 100, 39, 12139, 15360, 65.71, 1035
2026/07/13 04:52:19.880, 100, 54, 12139, 15360, 65.83, 1035
2026/07/13 04:52:20.889, 100, 38, 12139, 15360, 65.22, 990
2026/07/13 04:52:21.901, 100, 54, 12139, 15360, 66.22, 1020
2026/07/13 04:52:22.911, 100, 40, 12139, 15360, 65.61, 1020
2026/07/13 04:52:23.925, 100, 56, 12139, 15360, 66.42, 1050
2026/07/13 04:52:24.941, 100, 41, 12139, 15360, 65.48, 1035
2026/07/13 04:52:25.954, 100, 55, 12139, 15360, 64.59, 1035
2026/07/13 04:52:26.966, 100, 40, 12139, 15360, 64.79, 1035
2026/07/13 04:52:27.981, 94, 54, 12139, 15360, 65.77, 1035
2026/07/13 04:52:28.995, 100, 36, 12139, 15360, 66.46, 1020
2026/07/13 04:52:30.004, 96, 59, 12139, 15360, 66.32, 1035
2026/07/13 04:52:31.016, 100, 36, 12139, 15360, 66.95, 1020
2026/07/13 04:52:32.029, 96, 51, 12139, 15360, 67.75, 1005
2026/07/13 04:52:33.040, 100, 32, 12139, 15360, 64.04, 1035
2026/07/13 04:52:34.051, 100, 39, 12139, 15360, 64.30, 1050
2026/07/13 04:52:35.063, 100, 44, 12139, 15360, 60.26, 690
2026/07/13 04:52:36.072, 100, 41, 12139, 15360, 65.93, 1035
2026/07/13 04:52:37.084, 100, 43, 12139, 15360, 70.19, 720
2026/07/13 04:52:38.094, 100, 41, 12139, 15360, 65.08, 1005
2026/07/13 04:52:39.111, 100, 55, 12139, 15360, 72.21, 765
2026/07/13 04:52:40.135, 100, 38, 12139, 15360, 67.30, 990
2026/07/13 04:52:41.157, 100, 50, 12139, 15360, 66.42, 990
2026/07/13 04:52:42.171, 100, 41, 12139, 15360, 63.42, 1035
2026/07/13 04:52:43.182, 100, 54, 12139, 15360, 70.49, 750
2026/07/13 04:52:44.191, 100, 41, 12139, 15360, 65.97, 1035
2026/07/13 04:52:45.202, 100, 54, 12139, 15360, 66.46, 1020
2026/07/13 04:52:46.215, 100, 38, 12139, 15360, 65.28, 1005
2026/07/13 04:52:47.223, 100, 54, 12139, 15360, 67.73, 990
2026/07/13 04:52:48.234, 100, 41, 12139, 15360, 66.95, 1020
2026/07/13 04:52:49.243, 100, 55, 12139, 15360, 64.85, 1035
2026/07/13 04:52:50.251, 100, 41, 12139, 15360, 65.48, 1020
2026/07/13 04:52:51.262, 100, 54, 12139, 15360, 67.89, 1020
2026/07/13 04:52:52.274, 100, 40, 12139, 15360, 66.32, 1020
2026/07/13 04:52:53.300, 100, 55, 12139, 15360, 65.87, 1050
2026/07/13 04:52:54.311, 100, 41, 12139, 15360, 66.01, 990
2026/07/13 04:52:55.328, 94, 58, 12139, 15360, 65.28, 1050
2026/07/13 04:52:56.342, 100, 37, 12139, 15360, 66.75, 1020
2026/07/13 04:52:57.367, 96, 54, 12139, 15360, 64.99, 1020
2026/07/13 04:52:58.376, 100, 33, 12139, 15360, 65.04, 1005
2026/07/13 04:52:59.383, 100, 46, 12139, 15360, 66.71, 1035
2026/07/13 04:53:00.394, 100, 36, 12139, 15360, 64.26, 1020
2026/07/13 04:53:01.405, 100, 41, 12139, 15360, 72.05, 1080
2026/07/13 04:53:02.417, 100, 43, 12139, 15360, 60.75, 1005
2026/07/13 04:53:03.426, 100, 40, 12139, 15360, 64.28, 1020
2026/07/13 04:53:04.447, 100, 51, 12139, 15360, 66.65, 690
2026/07/13 04:53:05.457, 100, 41, 12139, 15360, 66.06, 1035
2026/07/13 04:53:06.466, 100, 44, 12139, 15360, 64.30, 690
2026/07/13 04:53:07.512, 100, 40, 12139, 15360, 65.67, 1035
2026/07/13 04:53:08.536, 100, 44, 12139, 15360, 58.59, 825
2026/07/13 04:53:09.558, 100, 39, 12139, 15360, 68.08, 1005
2026/07/13 04:53:10.579, 100, 49, 12139, 15360, 69.70, 990
2026/07/13 04:53:11.587, 100, 41, 12139, 15360, 66.56, 1020
2026/07/13 04:53:12.595, 100, 51, 12139, 15360, 66.61, 750
2026/07/13 04:53:13.604, 100, 38, 12139, 15360, 67.98, 1050
2026/07/13 04:53:14.614, 100, 54, 12139, 15360, 65.08, 1020
2026/07/13 04:53:15.622, 100, 39, 12139, 15360, 65.12, 990
2026/07/13 04:53:16.633, 100, 55, 12139, 15360, 65.87, 1020
2026/07/13 04:53:17.644, 100, 41, 12139, 15360, 66.65, 1035
2026/07/13 04:53:18.651, 100, 56, 12139, 15360, 64.89, 1050
2026/07/13 04:53:19.660, 100, 41, 12139, 15360, 65.73, 990
2026/07/13 04:53:20.669, 100, 55, 12139, 15360, 66.06, 1035
2026/07/13 04:53:21.698, 100, 40, 12139, 15360, 64.24, 1005
2026/07/13 04:53:22.727, 100, 54, 12139, 15360, 65.52, 1035
2026/07/13 04:53:23.740, 100, 41, 12139, 15360, 65.28, 1035
2026/07/13 04:53:24.780, 100, 57, 12139, 15360, 65.63, 1050
2026/07/13 04:53:25.789, 100, 41, 12139, 15360, 63.85, 1005
2026/07/13 04:53:26.798, 96, 58, 12139, 15360, 65.18, 1035
2026/07/13 04:53:27.805, 100, 36, 12139, 15360, 66.89, 1020
2026/07/13 04:53:28.814, 96, 55, 12139, 15360, 64.20, 1035
2026/07/13 04:53:29.829, 100, 33, 12139, 15360, 62.47, 1035
2026/07/13 04:53:30.837, 100, 41, 12139, 15360, 58.13, 1020
2026/07/13 04:53:31.849, 100, 41, 12139, 15360, 55.81, 1020
2026/07/13 04:53:32.866, 100, 37, 12139, 15360, 69.50, 1050
2026/07/13 04:53:33.880, 100, 43, 12139, 15360, 69.75, 675
2026/07/13 04:53:34.891, 100, 42, 12139, 15360, 65.61, 1020
2026/07/13 04:53:35.915, 100, 51, 12139, 15360, 71.66, 675
2026/07/13 04:53:36.942, 100, 40, 12139, 15360, 65.12, 1035
2026/07/13 04:53:37.969, 100, 50, 12139, 15360, 71.37, 810
2026/07/13 04:53:39.004, 100, 41, 12139, 15360, 64.20, 1035
2026/07/13 04:53:40.013, 100, 55, 12139, 15360, 62.12, 1020
2026/07/13 04:53:41.021, 100, 38, 12139, 15360, 66.30, 1035
2026/07/13 04:53:42.029, 100, 29, 12139, 15360, 64.63, 1020
2026/07/13 04:53:43.051, 100, 29, 13675, 15360, 65.93, 990
2026/07/13 04:53:44.068, 96, 43, 8243, 15360, 83.50, 990
2026/07/13 04:53:45.077, 100, 28, 8243, 15360, 64.93, 1035
2026/07/13 04:53:46.085, 100, 45, 8243, 15360, 67.30, 945
2026/07/13 04:53:47.095, 100, 28, 8243, 15360, 66.36, 1020
2026/07/13 04:53:48.103, 100, 31, 8243, 15360, 67.00, 765
2026/07/13 04:53:49.113, 100, 29, 8243, 15360, 67.48, 1005
2026/07/13 04:53:50.140, 100, 31, 8243, 15360, 66.95, 765
2026/07/13 04:53:51.159, 100, 30, 8243, 15360, 64.79, 1020
2026/07/13 04:53:52.181, 100, 32, 8243, 15360, 66.95, 765
2026/07/13 04:53:53.208, 100, 29, 8243, 15360, 63.06, 1035
2026/07/13 04:53:54.216, 100, 32, 8243, 15360, 66.26, 765
2026/07/13 04:53:55.226, 100, 28, 8243, 15360, 64.34, 1020
2026/07/13 04:53:56.234, 100, 32, 8243, 15360, 66.69, 1020
2026/07/13 04:53:57.243, 100, 28, 8243, 15360, 64.83, 1020
2026/07/13 04:53:58.252, 100, 32, 8243, 15360, 66.61, 1020
2026/07/13 04:53:59.269, 100, 28, 8243, 15360, 64.73, 1005
2026/07/13 04:54:00.279, 100, 31, 8243, 15360, 67.34, 1020
2026/07/13 04:54:01.290, 100, 30, 8243, 15360, 65.12, 1005
2026/07/13 04:54:02.298, 100, 30, 8243, 15360, 66.46, 1020
2026/07/13 04:54:03.311, 96, 48, 8243, 15360, 66.36, 1020
2026/07/13 04:54:04.330, 100, 30, 8243, 15360, 64.73, 975
2026/07/13 04:54:05.352, 100, 46, 8243, 15360, 70.14, 1005
2026/07/13 04:54:06.364, 100, 30, 8243, 15360, 66.20, 1020
2026/07/13 04:54:07.380, 100, 31, 8243, 15360, 36.41, 1350
2026/07/13 04:54:08.387, 0, 0, 8243, 15360, 37.77, 1410
2026/07/13 04:54:09.397, 0, 0, 8243, 15360, 31.70, 585
2026/07/13 04:54:10.404, 0, 0, 8243, 15360, 33.09, 585
2026/07/13 04:54:11.413, 100, 33, 8243, 15360, 70.24, 1005
2026/07/13 04:54:12.422, 100, 27, 8243, 15360, 65.71, 1065
2026/07/13 04:54:13.431, 100, 33, 14387, 15360, 63.16, 1050
2026/07/13 04:54:14.440, 100, 33, 14387, 15360, 70.43, 990
2026/07/13 04:54:15.448, 100, 27, 14387, 15360, 65.52, 1065
2026/07/13 04:54:16.459, 100, 33, 14387, 15360, 63.95, 1050
2026/07/13 04:54:17.467, 100, 33, 14387, 15360, 67.34, 810
2026/07/13 04:54:18.486, 100, 33, 14387, 15360, 67.44, 810
2026/07/13 04:54:19.509, 100, 29, 14389, 15360, 64.34, 975
2026/07/13 04:54:20.529, 100, 32, 14389, 15360, 65.12, 1050
2026/07/13 04:54:21.541, 100, 33, 14389, 15360, 64.93, 1050
2026/07/13 04:54:22.550, 100, 33, 14389, 15360, 63.46, 1035
2026/07/13 04:54:23.558, 100, 33, 14389, 15360, 70.29, 1005
2026/07/13 04:54:24.567, 100, 29, 14389, 15360, 64.54, 960
2026/07/13 04:54:25.576, 100, 32, 14147, 15360, 67.04, 795
2026/07/13 04:54:26.585, 100, 32, 14147, 15360, 67.04, 795
2026/07/13 04:54:27.594, 46, 12, 14149, 15360, 79.98, 1125
2026/07/13 04:54:28.607, 100, 30, 14155, 15360, 65.61, 1005
2026/07/13 04:54:29.617, 100, 40, 14155, 15360, 67.14, 1050
2026/07/13 04:54:30.626, 100, 30, 14155, 15360, 65.91, 1065
2026/07/13 04:54:31.639, 100, 28, 14155, 15360, 63.69, 1080
2026/07/13 04:54:32.655, 100, 30, 14155, 15360, 64.93, 1020
2026/07/13 04:54:33.690, 0, 0, 14157, 15360, 42.29, 1545
2026/07/13 04:54:34.708, 46, 16, 14189, 15360, 65.22, 1095
2026/07/13 04:54:35.723, 54, 22, 14189, 15360, 61.63, 1590
2026/07/13 04:54:36.730, 60, 28, 14189, 15360, 60.77, 1590
2026/07/13 04:54:37.738, 67, 34, 14189, 15360, 68.67, 1575
2026/07/13 04:54:38.752, 73, 40, 14189, 15360, 68.38, 1485
2026/07/13 04:54:39.767, 19, 3, 14189, 15360, 48.03, 1590
2026/07/13 04:54:40.773, 18, 3, 14189, 15360, 36.19, 990
2026/07/13 04:54:41.782, 31, 4, 14189, 15360, 35.21, 885
2026/07/13 04:54:42.792, 34, 4, 14189, 15360, 35.40, 825
2026/07/13 04:54:43.800, 0, 0, 14189, 15360, 31.57, 615
2026/07/13 04:54:44.809, 0, 0, 14189, 15360, 31.39, 585
2026/07/13 04:54:45.826, 0, 0, 14189, 15360, 31.29, 585
2026/07/13 04:54:46.845, 0, 0, 14189, 15360, 31.19, 585
2026/07/13 04:54:47.868, 0, 0, 14189, 15360, 31.09, 585
2026/07/13 04:54:48.885, 0, 0, 14189, 15360, 31.37, 585
2026/07/13 04:54:49.902, 26, 10, 14189, 15360, 39.90, 1290
2026/07/13 04:54:50.910, 100, 62, 7427, 15360, 64.89, 1050
2026/07/13 04:54:51.920, 100, 37, 11761, 15360, 67.44, 1050
2026/07/13 04:54:52.930, 96, 56, 11839, 15360, 72.21, 1050
2026/07/13 04:54:53.938, 100, 37, 11839, 15360, 66.65, 1035
2026/07/13 04:54:54.945, 96, 55, 11839, 15360, 50.63, 1065
2026/07/13 04:54:55.956, 100, 35, 11839, 15360, 56.76, 1035
2026/07/13 04:54:56.964, 99, 49, 11839, 15360, 64.89, 1095
2026/07/13 04:54:57.973, 100, 29, 11839, 15360, 66.81, 870
2026/07/13 04:54:58.987, 100, 41, 11839, 15360, 64.59, 1035
2026/07/13 04:54:59.995, 100, 43, 11839, 15360, 69.80, 690
2026/07/13 04:55:01.005, 100, 41, 11839, 15360, 68.18, 1050
2026/07/13 04:55:02.031, 100, 45, 11839, 15360, 70.64, 825
2026/07/13 04:55:03.041, 100, 38, 11839, 15360, 64.79, 1020
2026/07/13 04:55:04.056, 100, 44, 11839, 15360, 67.10, 975
2026/07/13 04:55:05.065, 100, 38, 11839, 15360, 67.20, 1020
2026/07/13 04:55:06.078, 100, 52, 11839, 15360, 67.10, 735
2026/07/13 04:55:07.088, 100, 39, 11839, 15360, 66.81, 990
2026/07/13 04:55:08.100, 100, 54, 11839, 15360, 65.48, 990
2026/07/13 04:55:09.110, 100, 40, 11839, 15360, 65.34, 1005
2026/07/13 04:55:10.120, 100, 54, 11839, 15360, 64.10, 1020
2026/07/13 04:55:11.132, 100, 37, 11839, 15360, 64.06, 1020
2026/07/13 04:55:12.140, 100, 54, 11839, 15360, 67.44, 1005
2026/07/13 04:55:13.166, 100, 40, 11839, 15360, 69.90, 990
2026/07/13 04:55:14.175, 100, 54, 11839, 15360, 68.08, 1005
2026/07/13 04:55:15.193, 100, 36, 11839, 15360, 66.22, 1005
2026/07/13 04:55:16.219, 94, 56, 11839, 15360, 65.24, 975
2026/07/13 04:55:17.238, 100, 31, 11839, 15360, 67.89, 990
2026/07/13 04:55:18.261, 100, 41, 11839, 15360, 63.65, 1020
2026/07/13 04:55:19.271, 100, 40, 11839, 15360, 65.63, 870
2026/07/13 04:55:20.283, 100, 40, 11839, 15360, 64.69, 1005
2026/07/13 04:55:21.292, 100, 43, 11839, 15360, 68.53, 870
2026/07/13 04:55:22.301, 100, 40, 11839, 15360, 67.24, 975
2026/07/13 04:55:23.312, 100, 53, 11839, 15360, 69.02, 705
2026/07/13 04:55:24.321, 100, 37, 11839, 15360, 63.97, 1020
2026/07/13 04:55:25.330, 100, 54, 11839, 15360, 65.98, 975
2026/07/13 04:55:26.338, 100, 41, 11839, 15360, 63.49, 1005
2026/07/13 04:55:27.347, 100, 54, 11839, 15360, 67.35, 990
2026/07/13 04:55:28.358, 100, 39, 11839, 15360, 63.97, 1035
2026/07/13 04:55:29.388, 100, 54, 11839, 15360, 64.55, 990
2026/07/13 04:55:30.399, 100, 40, 11839, 15360, 64.85, 1020
2026/07/13 04:55:31.408, 94, 61, 11839, 15360, 65.53, 990
2026/07/13 04:55:32.418, 100, 36, 11839, 15360, 65.14, 1020
2026/07/13 04:55:33.425, 96, 53, 11839, 15360, 65.28, 1035
2026/07/13 04:55:34.437, 100, 33, 11839, 15360, 65.14, 1035
2026/07/13 04:55:35.445, 100, 45, 11839, 15360, 69.41, 1005
2026/07/13 04:55:36.454, 100, 37, 11839, 15360, 59.96, 1035
2026/07/13 04:55:37.468, 100, 41, 11839, 15360, 65.34, 1080
2026/07/13 04:55:38.475, 100, 42, 11839, 15360, 67.10, 945
2026/07/13 04:55:39.486, 100, 38, 11839, 15360, 67.04, 1020
2026/07/13 04:55:40.509, 100, 52, 11839, 15360, 64.30, 675
2026/07/13 04:55:41.519, 100, 41, 11839, 15360, 65.77, 990
2026/07/13 04:55:42.542, 100, 45, 11839, 15360, 67.49, 780
2026/07/13 04:55:43.553, 100, 41, 11839, 15360, 65.73, 1035
2026/07/13 04:55:44.586, 100, 55, 11839, 15360, 73.73, 765
2026/07/13 04:55:45.621, 100, 41, 11839, 15360, 67.79, 1020
2026/07/13 04:55:46.646, 100, 55, 11839, 15360, 63.16, 930
2026/07/13 04:55:47.656, 100, 41, 11839, 15360, 65.18, 1050
2026/07/13 04:55:48.668, 100, 48, 11839, 15360, 71.81, 780
2026/07/13 04:55:49.681, 100, 42, 11839, 15360, 66.22, 1020
2026/07/13 04:55:50.689, 100, 54, 11839, 15360, 66.51, 765
2026/07/13 04:55:51.697, 100, 40, 11839, 15360, 67.98, 1035
2026/07/13 04:55:52.705, 100, 54, 11839, 15360, 64.79, 1065
2026/07/13 04:55:53.716, 100, 41, 11839, 15360, 66.77, 1050
2026/07/13 04:55:54.728, 100, 56, 11839, 15360, 65.53, 1020
2026/07/13 04:55:55.740, 100, 42, 11839, 15360, 66.06, 1050
2026/07/13 04:55:56.750, 100, 54, 11839, 15360, 67.93, 1035
2026/07/13 04:55:57.782, 100, 39, 11839, 15360, 67.14, 1050
2026/07/13 04:55:58.804, 100, 57, 11839, 15360, 66.46, 1050
2026/07/13 04:55:59.845, 100, 42, 11839, 15360, 65.42, 1050
2026/07/13 04:56:00.853, 100, 54, 11839, 15360, 64.65, 1065
2026/07/13 04:56:01.864, 100, 39, 11839, 15360, 66.71, 1050
2026/07/13 04:56:02.873, 100, 56, 11839, 15360, 66.32, 1050
2026/07/13 04:56:03.884, 100, 42, 11839, 15360, 66.18, 1065
2026/07/13 04:56:04.892, 100, 56, 11839, 15360, 67.40, 1050
2026/07/13 04:56:05.901, 100, 39, 11839, 15360, 65.28, 1035
2026/07/13 04:56:06.910, 100, 57, 11839, 15360, 66.61, 1035
2026/07/13 04:56:07.921, 100, 41, 11839, 15360, 65.93, 1020
2026/07/13 04:56:08.931, 96, 62, 11839, 15360, 66.02, 1050
2026/07/13 04:56:09.942, 100, 38, 11839, 15360, 66.56, 1050
2026/07/13 04:56:10.959, 94, 57, 11839, 15360, 67.79, 1050
2026/07/13 04:56:11.988, 100, 38, 11839, 15360, 65.34, 1020
2026/07/13 04:56:13.014, 94, 53, 11839, 15360, 66.12, 1050
2026/07/13 04:56:14.033, 100, 31, 11839, 15360, 66.06, 1050
2026/07/13 04:56:15.041, 100, 46, 11839, 15360, 69.80, 1050
2026/07/13 04:56:16.053, 100, 36, 11839, 15360, 64.44, 1020
2026/07/13 04:56:17.062, 100, 41, 11839, 15360, 63.12, 1020
2026/07/13 04:56:18.075, 100, 43, 11839, 15360, 67.20, 1005
2026/07/13 04:56:19.084, 100, 41, 11839, 15360, 67.14, 1065
2026/07/13 04:56:20.092, 100, 49, 11839, 15360, 71.23, 735
2026/07/13 04:56:21.103, 100, 41, 11839, 15360, 63.81, 1020
2026/07/13 04:56:22.115, 100, 43, 11839, 15360, 69.41, 690
2026/07/13 04:56:23.125, 100, 40, 11839, 15360, 67.10, 1020
2026/07/13 04:56:24.137, 100, 53, 11839, 15360, 67.49, 795
2026/07/13 04:56:25.146, 100, 38, 11839, 15360, 66.81, 1005
2026/07/13 04:56:26.173, 100, 56, 11839, 15360, 61.20, 900
2026/07/13 04:56:27.227, 100, 41, 11839, 15360, 64.65, 1020
2026/07/13 04:56:28.248, 100, 47, 11839, 15360, 74.61, 765
2026/07/13 04:56:29.261, 100, 41, 11839, 15360, 64.99, 1035
2026/07/13 04:56:30.273, 100, 54, 11839, 15360, 68.08, 930
2026/07/13 04:56:31.281, 100, 39, 11839, 15360, 67.75, 1005
2026/07/13 04:56:32.289, 100, 56, 11839, 15360, 65.83, 1020
2026/07/13 04:56:33.300, 100, 41, 11839, 15360, 66.81, 1005
2026/07/13 04:56:34.315, 100, 55, 11839, 15360, 65.53, 1035
2026/07/13 04:56:35.322, 100, 39, 11839, 15360, 67.59, 990
2026/07/13 04:56:36.331, 100, 54, 11839, 15360, 65.24, 1020
2026/07/13 04:56:37.340, 100, 39, 11839, 15360, 67.59, 1005
2026/07/13 04:56:38.349, 100, 55, 11839, 15360, 67.20, 1020
2026/07/13 04:56:39.368, 100, 40, 11839, 15360, 67.93, 1035
2026/07/13 04:56:40.394, 94, 60, 11839, 15360, 65.83, 1020
2026/07/13 04:56:41.422, 100, 37, 11839, 15360, 65.77, 1035
2026/07/13 04:56:42.442, 95, 54, 11839, 15360, 65.24, 1005
2026/07/13 04:56:43.451, 100, 32, 11839, 15360, 65.18, 1005
2026/07/13 04:56:44.461, 100, 42, 11839, 15360, 71.62, 1020
2026/07/13 04:56:45.471, 100, 42, 11839, 15360, 60.06, 990
2026/07/13 04:56:46.482, 100, 38, 11839, 15360, 65.18, 1050
2026/07/13 04:56:47.492, 100, 43, 11839, 15360, 67.30, 660
2026/07/13 04:56:48.502, 100, 41, 11839, 15360, 66.26, 1005
2026/07/13 04:56:49.511, 100, 54, 11839, 15360, 67.10, 795
2026/07/13 04:56:50.522, 100, 38, 11839, 15360, 65.44, 1020
2026/07/13 04:56:51.533, 100, 50, 11839, 15360, 57.44, 930
2026/07/13 04:56:52.543, 100, 41, 11839, 15360, 64.95, 990
2026/07/13 04:56:53.562, 100, 55, 11839, 15360, 70.29, 750
2026/07/13 04:56:54.572, 100, 41, 11839, 15360, 65.42, 1035
2026/07/13 04:56:55.581, 100, 54, 11839, 15360, 67.20, 795
2026/07/13 04:56:56.610, 100, 38, 11839, 15360, 67.94, 1020
2026/07/13 04:56:57.622, 100, 56, 11839, 15360, 66.47, 1005
2026/07/13 04:56:58.630, 100, 39, 11839, 15360, 65.08, 1035
2026/07/13 04:56:59.638, 100, 55, 11839, 15360, 66.06, 1035
2026/07/13 04:57:00.649, 100, 41, 11839, 15360, 64.10, 1035
2026/07/13 04:57:01.660, 100, 55, 11839, 15360, 67.49, 1050
2026/07/13 04:57:02.669, 100, 41, 11839, 15360, 63.75, 1035
2026/07/13 04:57:03.681, 100, 56, 11839, 15360, 65.48, 1005
2026/07/13 04:57:04.696, 100, 41, 11839, 15360, 65.77, 1020
2026/07/13 04:57:05.707, 96, 58, 11839, 15360, 69.51, 1020
2026/07/13 04:57:06.717, 100, 37, 11839, 15360, 66.61, 1020
2026/07/13 04:57:07.755, 94, 57, 11839, 15360, 66.02, 1035
2026/07/13 04:57:08.780, 100, 37, 11839, 15360, 65.97, 1020
2026/07/13 04:57:09.792, 93, 52, 11839, 15360, 66.71, 1020
2026/07/13 04:57:10.815, 100, 32, 11839, 15360, 65.53, 1050
2026/07/13 04:57:11.826, 96, 61, 11839, 15360, 65.67, 1020
2026/07/13 04:57:12.836, 100, 36, 11839, 15360, 66.26, 1035
2026/07/13 04:57:13.850, 96, 58, 11839, 15360, 68.28, 1020
2026/07/13 04:57:14.860, 100, 35, 11839, 15360, 63.12, 1035
2026/07/13 04:57:15.871, 96, 51, 11839, 15360, 64.59, 1185
2026/07/13 04:57:16.881, 100, 30, 11839, 15360, 60.45, 960
2026/07/13 04:57:17.894, 100, 41, 11839, 15360, 67.20, 1035
2026/07/13 04:57:18.906, 100, 44, 11839, 15360, 69.41, 690
2026/07/13 04:57:19.916, 100, 40, 11839, 15360, 67.55, 1050
2026/07/13 04:57:20.924, 100, 41, 11839, 15360, 66.02, 705
2026/07/13 04:57:21.962, 100, 38, 11839, 15360, 64.99, 990
2026/07/13 04:57:22.977, 100, 52, 11839, 15360, 58.19, 810
2026/07/13 04:57:23.998, 100, 39, 11839, 15360, 67.89, 1050
2026/07/13 04:57:25.013, 100, 45, 11839, 15360, 67.10, 960
2026/07/13 04:57:26.025, 100, 41, 11839, 15360, 67.49, 1035
2026/07/13 04:57:27.035, 100, 53, 11839, 15360, 66.61, 765
2026/07/13 04:57:28.046, 100, 41, 11839, 15360, 65.83, 1035
2026/07/13 04:57:29.058, 100, 55, 11839, 15360, 73.18, 870
2026/07/13 04:57:30.068, 100, 38, 11839, 15360, 67.26, 1020
2026/07/13 04:57:31.077, 100, 54, 11839, 15360, 66.26, 1020
2026/07/13 04:57:32.088, 100, 39, 11839, 15360, 64.24, 990
2026/07/13 04:57:33.099, 100, 54, 11839, 15360, 66.46, 1035
2026/07/13 04:57:34.106, 100, 41, 11839, 15360, 66.36, 1050
2026/07/13 04:57:35.115, 100, 56, 11839, 15360, 65.24, 1020
2026/07/13 04:57:36.129, 100, 41, 11839, 15360, 65.63, 1035
2026/07/13 04:57:37.140, 100, 54, 11839, 15360, 66.32, 1020
2026/07/13 04:57:38.150, 100, 40, 11839, 15360, 65.38, 1020
2026/07/13 04:57:39.165, 100, 54, 11839, 15360, 66.12, 1035
2026/07/13 04:57:40.177, 100, 41, 11839, 15360, 63.42, 990
2026/07/13 04:57:41.187, 96, 60, 11839, 15360, 64.69, 1020
2026/07/13 04:57:42.195, 100, 38, 11839, 15360, 66.77, 1020
2026/07/13 04:57:43.206, 96, 54, 11839, 15360, 65.34, 1035
2026/07/13 04:57:44.216, 100, 36, 11839, 15360, 65.38, 1020
2026/07/13 04:57:45.225, 99, 49, 11839, 15360, 65.53, 1035
2026/07/13 04:57:46.238, 100, 30, 11839, 15360, 64.89, 1065
2026/07/13 04:57:47.247, 100, 38, 11839, 15360, 52.76, 1170
2026/07/13 04:57:48.257, 100, 42, 11839, 15360, 56.36, 945
2026/07/13 04:57:49.268, 100, 39, 11839, 15360, 64.00, 1020
2026/07/13 04:57:50.300, 100, 45, 11839, 15360, 69.31, 690
2026/07/13 04:57:51.319, 100, 41, 11839, 15360, 64.79, 1035
2026/07/13 04:57:52.346, 100, 48, 11839, 15360, 67.89, 690
2026/07/13 04:57:53.363, 100, 42, 11839, 15360, 64.44, 1020
2026/07/13 04:57:54.375, 100, 50, 11839, 15360, 57.25, 765
2026/07/13 04:57:55.385, 100, 41, 11839, 15360, 66.46, 1035
2026/07/13 04:57:56.405, 100, 56, 11839, 15360, 68.72, 1005
2026/07/13 04:57:57.424, 100, 39, 11839, 15360, 63.36, 990
2026/07/13 04:57:58.441, 100, 54, 11839, 15360, 66.71, 750
2026/07/13 04:57:59.449, 100, 39, 11839, 15360, 64.85, 1035
2026/07/13 04:58:00.459, 100, 55, 11839, 15360, 65.93, 1020
2026/07/13 04:58:01.467, 100, 41, 11839, 15360, 65.44, 1050
2026/07/13 04:58:02.483, 100, 55, 11839, 15360, 66.42, 1035
2026/07/13 04:58:03.495, 100, 41, 11839, 15360, 68.43, 990
2026/07/13 04:58:04.508, 100, 54, 11839, 15360, 65.73, 1050
2026/07/13 04:58:05.519, 100, 39, 11839, 15360, 67.69, 1020
2026/07/13 04:58:06.529, 100, 55, 11839, 15360, 66.28, 1020
2026/07/13 04:58:07.552, 100, 40, 11839, 15360, 62.79, 1020
2026/07/13 04:58:08.566, 100, 54, 11839, 15360, 65.73, 1050
2026/07/13 04:58:09.576, 100, 39, 11839, 15360, 64.75, 1020
2026/07/13 04:58:10.584, 100, 54, 11839, 15360, 64.55, 1035
2026/07/13 04:58:11.598, 100, 41, 11839, 15360, 66.51, 1035
2026/07/13 04:58:12.610, 96, 59, 11839, 15360, 65.73, 1035
2026/07/13 04:58:13.620, 100, 38, 11839, 15360, 65.34, 1035
2026/07/13 04:58:14.628, 96, 54, 11839, 15360, 65.38, 1005
2026/07/13 04:58:15.640, 100, 36, 11839, 15360, 66.75, 1020
2026/07/13 04:58:16.649, 96, 51, 11839, 15360, 64.79, 1125
2026/07/13 04:58:17.662, 100, 29, 11839, 15360, 59.76, 930
2026/07/13 04:58:18.676, 100, 41, 11839, 15360, 64.65, 1035
2026/07/13 04:58:19.698, 100, 43, 11839, 15360, 70.68, 675
2026/07/13 04:58:20.712, 100, 41, 11839, 15360, 66.38, 1035
2026/07/13 04:58:21.731, 100, 49, 11839, 15360, 72.01, 780
2026/07/13 04:58:22.740, 100, 38, 11839, 15360, 65.83, 1020
2026/07/13 04:58:23.750, 100, 45, 11839, 15360, 66.32, 1005
2026/07/13 04:58:24.769, 100, 41, 11839, 15360, 67.20, 1035
2026/07/13 04:58:25.781, 100, 53, 11839, 15360, 65.48, 735
2026/07/13 04:58:26.791, 100, 41, 11839, 15360, 65.67, 1005
2026/07/13 04:58:27.804, 100, 55, 11839, 15360, 66.16, 1035
2026/07/13 04:58:28.813, 100, 38, 11839, 15360, 65.24, 1050
2026/07/13 04:58:29.822, 100, 54, 11839, 15360, 67.04, 1035
2026/07/13 04:58:30.832, 100, 41, 11839, 15360, 67.16, 1020
2026/07/13 04:58:31.845, 100, 54, 11839, 15360, 65.14, 1020
2026/07/13 04:58:32.857, 100, 39, 11839, 15360, 66.02, 1005
2026/07/13 04:58:33.871, 100, 54, 11839, 15360, 66.75, 1020
2026/07/13 04:58:34.888, 100, 42, 11839, 15360, 65.73, 990
2026/07/13 04:58:35.899, 100, 54, 11839, 15360, 65.83, 1035
2026/07/13 04:58:36.910, 100, 40, 11839, 15360, 66.61, 1020
2026/07/13 04:58:37.918, 96, 61, 11839, 15360, 67.26, 1035
2026/07/13 04:58:38.927, 100, 36, 11839, 15360, 66.16, 1020
2026/07/13 04:58:39.939, 96, 55, 11839, 15360, 70.35, 1035
2026/07/13 04:58:40.951, 100, 35, 11839, 15360, 61.10, 1035
2026/07/13 04:58:41.960, 100, 46, 11839, 15360, 67.14, 990
2026/07/13 04:58:42.971, 100, 36, 11839, 15360, 66.36, 1035
2026/07/13 04:58:43.981, 100, 41, 11839, 15360, 64.40, 1035
2026/07/13 04:58:44.996, 100, 43, 11839, 15360, 65.83, 675
2026/07/13 04:58:46.008, 100, 41, 11839, 15360, 66.61, 1035
2026/07/13 04:58:47.028, 100, 51, 11839, 15360, 70.00, 690
2026/07/13 04:58:48.038, 100, 40, 11839, 15360, 66.81, 1020
2026/07/13 04:58:49.058, 100, 45, 11839, 15360, 71.91, 795
2026/07/13 04:58:50.073, 100, 41, 11839, 15360, 64.30, 1020
2026/07/13 04:58:51.086, 100, 54, 11839, 15360, 66.22, 900
2026/07/13 04:58:52.103, 100, 41, 11839, 15360, 65.34, 1035
2026/07/13 04:58:53.115, 100, 55, 11839, 15360, 71.62, 750
2026/07/13 04:58:54.125, 100, 40, 11839, 15360, 66.28, 1020
2026/07/13 04:58:55.139, 100, 56, 11839, 15360, 65.73, 1020
2026/07/13 04:58:56.153, 100, 41, 11839, 15360, 66.86, 1035
2026/07/13 04:58:57.167, 100, 54, 11839, 15360, 66.85, 990
2026/07/13 04:58:58.178, 100, 40, 11839, 15360, 65.08, 1020
2026/07/13 04:58:59.186, 100, 54, 11839, 15360, 67.30, 1020
2026/07/13 04:59:00.200, 100, 39, 11839, 15360, 64.59, 1020
2026/07/13 04:59:01.210, 100, 56, 11839, 15360, 66.16, 1050
2026/07/13 04:59:02.220, 100, 42, 11839, 15360, 66.42, 1020
2026/07/13 04:59:03.235, 93, 60, 11839, 15360, 65.38, 1020
2026/07/13 04:59:04.247, 100, 38, 11839, 15360, 64.63, 1035
2026/07/13 04:59:05.258, 96, 55, 11839, 15360, 65.03, 1035
2026/07/13 04:59:06.267, 100, 35, 11839, 15360, 66.28, 990
2026/07/13 04:59:07.275, 96, 51, 11839, 15360, 65.28, 1005
2026/07/13 04:59:08.285, 100, 29, 11839, 15360, 65.77, 1020
2026/07/13 04:59:09.294, 100, 41, 11839, 15360, 70.40, 1050
2026/07/13 04:59:10.304, 100, 44, 11839, 15360, 60.55, 1020
2026/07/13 04:59:11.317, 100, 41, 11839, 15360, 64.26, 1185
2026/07/13 04:59:12.327, 100, 47, 11839, 15360, 67.69, 855
2026/07/13 04:59:13.340, 100, 41, 11839, 15360, 63.26, 1020
2026/07/13 04:59:14.357, 100, 46, 11839, 15360, 67.69, 690
2026/07/13 04:59:15.367, 100, 41, 11839, 15360, 66.26, 975
2026/07/13 04:59:16.393, 100, 52, 11839, 15360, 57.74, 780
2026/07/13 04:59:17.411, 100, 41, 11839, 15360, 65.67, 1035
2026/07/13 04:59:18.422, 100, 56, 11839, 15360, 60.71, 1020
2026/07/13 04:59:19.446, 100, 40, 11839, 15360, 67.69, 1050
2026/07/13 04:59:20.457, 100, 47, 11839, 15360, 67.59, 750
2026/07/13 04:59:21.465, 100, 38, 11839, 15360, 66.02, 1005
2026/07/13 04:59:22.477, 100, 54, 11839, 15360, 64.85, 1035
2026/07/13 04:59:23.488, 100, 41, 11839, 15360, 66.56, 1005
2026/07/13 04:59:24.498, 100, 56, 11839, 15360, 65.08, 1020
2026/07/13 04:59:25.508, 100, 41, 11839, 15360, 64.46, 1020
2026/07/13 04:59:26.516, 100, 54, 11839, 15360, 66.38, 1035
2026/07/13 04:59:27.526, 100, 40, 11839, 15360, 67.20, 1020
2026/07/13 04:59:28.537, 100, 55, 11839, 15360, 65.28, 1035
2026/07/13 04:59:29.547, 100, 39, 11839, 15360, 65.77, 1005
2026/07/13 04:59:30.562, 100, 56, 11839, 15360, 67.44, 1020
2026/07/13 04:59:31.575, 100, 41, 11839, 15360, 67.69, 1020
2026/07/13 04:59:32.591, 100, 56, 11839, 15360, 66.18, 1035
2026/07/13 04:59:33.602, 100, 39, 11839, 15360, 65.04, 1035
2026/07/13 04:59:34.623, 96, 62, 11839, 15360, 65.83, 1020
2026/07/13 04:59:35.635, 100, 37, 11839, 15360, 65.04, 1020
2026/07/13 04:59:36.643, 96, 53, 11839, 15360, 69.76, 1020
2026/07/13 04:59:37.652, 100, 33, 11839, 15360, 61.89, 1005
2026/07/13 04:59:38.664, 100, 45, 11839, 15360, 63.51, 1185
2026/07/13 04:59:39.676, 100, 38, 11839, 15360, 67.30, 960
2026/07/13 04:59:40.687, 100, 40, 11839, 15360, 65.10, 1050
2026/07/13 04:59:41.696, 100, 42, 11839, 15360, 66.91, 690
2026/07/13 04:59:42.705, 100, 39, 11839, 15360, 66.86, 1005
2026/07/13 04:59:43.723, 100, 52, 11839, 15360, 67.59, 840
2026/07/13 04:59:44.741, 100, 42, 11839, 15360, 64.36, 1020
2026/07/13 04:59:45.757, 100, 48, 11839, 15360, 66.91, 1020
2026/07/13 04:59:46.766, 100, 38, 11839, 15360, 64.10, 1020
2026/07/13 04:59:47.776, 100, 55, 11839, 15360, 65.04, 765
2026/07/13 04:59:48.785, 100, 41, 11839, 15360, 64.85, 1035
2026/07/13 04:59:49.795, 100, 55, 11839, 15360, 66.16, 1005
2026/07/13 04:59:50.805, 100, 41, 11839, 15360, 68.14, 990
2026/07/13 04:59:51.813, 100, 54, 11839, 15360, 65.53, 1020
2026/07/13 04:59:52.823, 100, 39, 11839, 15360, 67.04, 1020
2026/07/13 04:59:53.832, 100, 54, 11839, 15360, 65.73, 1020
2026/07/13 04:59:54.840, 100, 41, 11839, 15360, 63.61, 1005
2026/07/13 04:59:55.852, 100, 55, 11839, 15360, 68.47, 1020
2026/07/13 04:59:56.878, 100, 40, 11839, 15360, 65.18, 1020
2026/07/13 04:59:57.902, 100, 55, 11839, 15360, 65.28, 1035
2026/07/13 04:59:58.916, 100, 41, 11839, 15360, 65.63, 1050
2026/07/13 04:59:59.942, 96, 59, 11839, 15360, 65.44, 1035
2026/07/13 05:00:00.952, 100, 36, 11839, 15360, 65.48, 1035
2026/07/13 05:00:01.965, 93, 52, 11839, 15360, 64.40, 1020
2026/07/13 05:00:02.973, 100, 33, 11839, 15360, 66.26, 1050
2026/07/13 05:00:03.984, 100, 41, 11839, 15360, 67.65, 1005
2026/07/13 05:00:04.994, 100, 42, 11839, 15360, 66.16, 1035
2026/07/13 05:00:06.005, 100, 40, 11839, 15360, 64.79, 1140
2026/07/13 05:00:07.017, 100, 43, 11839, 15360, 56.95, 945
2026/07/13 05:00:08.029, 100, 38, 11839, 15360, 64.99, 1005
2026/07/13 05:00:09.040, 100, 52, 11839, 15360, 70.39, 675
2026/07/13 05:00:10.050, 100, 41, 11839, 15360, 66.61, 1035
2026/07/13 05:00:11.071, 100, 46, 11839, 15360, 70.98, 810
2026/07/13 05:00:12.089, 100, 41, 11839, 15360, 67.34, 990
2026/07/13 05:00:13.113, 100, 54, 11839, 15360, 66.42, 945
2026/07/13 05:00:14.123, 100, 39, 11839, 15360, 63.32, 1020
2026/07/13 05:00:15.139, 100, 54, 11839, 15360, 72.99, 765
2026/07/13 05:00:16.152, 100, 41, 11839, 15360, 65.48, 1020
2026/07/13 05:00:17.164, 100, 54, 11839, 15360, 66.02, 945
2026/07/13 05:00:18.173, 100, 40, 11839, 15360, 68.33, 1050
2026/07/13 05:00:19.184, 100, 56, 11839, 15360, 64.75, 1050
2026/07/13 05:00:20.198, 100, 39, 11839, 15360, 64.44, 1020
2026/07/13 05:00:21.205, 100, 54, 11839, 15360, 66.12, 1035
2026/07/13 05:00:22.214, 100, 41, 11839, 15360, 66.46, 1035
2026/07/13 05:00:23.227, 100, 56, 11839, 15360, 67.30, 1020
2026/07/13 05:00:24.240, 100, 41, 11839, 15360, 69.16, 1020
2026/07/13 05:00:25.266, 100, 54, 11839, 15360, 66.12, 1005
2026/07/13 05:00:26.281, 100, 41, 11839, 15360, 65.97, 1035
2026/07/13 05:00:27.290, 100, 55, 11839, 15360, 66.51, 1050
2026/07/13 05:00:28.307, 100, 38, 11839, 15360, 65.93, 1035
2026/07/13 05:00:29.316, 100, 56, 11839, 15360, 66.28, 1020
2026/07/13 05:00:30.329, 100, 40, 11839, 15360, 66.06, 1035
2026/07/13 05:00:31.341, 96, 62, 11839, 15360, 66.36, 1020
2026/07/13 05:00:32.358, 100, 37, 11839, 15360, 64.26, 1020
2026/07/13 05:00:33.366, 96, 54, 11839, 15360, 66.57, 1035
2026/07/13 05:00:34.378, 100, 34, 11839, 15360, 64.10, 1050
2026/07/13 05:00:35.389, 100, 47, 11839, 15360, 64.99, 1125
2026/07/13 05:00:36.398, 100, 33, 11839, 15360, 56.66, 945
2026/07/13 05:00:37.410, 100, 39, 11839, 15360, 67.40, 1020
2026/07/13 05:00:38.422, 100, 43, 11839, 15360, 69.90, 690
2026/07/13 05:00:39.445, 100, 41, 11839, 15360, 66.42, 1020
2026/07/13 05:00:40.465, 100, 49, 11839, 15360, 69.21, 735
2026/07/13 05:00:41.488, 100, 42, 11839, 15360, 67.30, 1035
2026/07/13 05:00:42.501, 100, 43, 11839, 15360, 62.18, 780
2026/07/13 05:00:43.510, 100, 38, 11839, 15360, 68.63, 1020
2026/07/13 05:00:44.520, 100, 52, 11839, 15360, 73.43, 870
2026/07/13 05:00:45.558, 100, 39, 11839, 15360, 66.22, 1035
2026/07/13 05:00:46.581, 100, 55, 11839, 15360, 67.79, 735
2026/07/13 05:00:47.590, 100, 41, 11839, 15360, 64.59, 1035
2026/07/13 05:00:48.599, 100, 54, 11839, 15360, 66.91, 1005
2026/07/13 05:00:49.607, 100, 42, 11839, 15360, 67.10, 1035
2026/07/13 05:00:50.617, 100, 56, 11839, 15360, 65.28, 1050
2026/07/13 05:00:51.628, 100, 41, 11839, 15360, 65.38, 1005
2026/07/13 05:00:52.640, 100, 54, 11839, 15360, 66.12, 1050
2026/07/13 05:00:53.683, 100, 38, 11839, 15360, 63.91, 1020
2026/07/13 05:00:54.704, 100, 54, 11839, 15360, 64.83, 1035
2026/07/13 05:00:55.736, 100, 42, 11839, 15360, 65.77, 1035
2026/07/13 05:00:56.752, 100, 54, 11839, 15360, 66.85, 1020
2026/07/13 05:00:57.764, 100, 38, 11839, 15360, 67.63, 1035
2026/07/13 05:00:58.773, 100, 54, 11839, 15360, 66.12, 1035
2026/07/13 05:00:59.783, 100, 40, 11839, 15360, 65.34, 1005
2026/07/13 05:01:00.794, 100, 56, 11839, 15360, 66.42, 1035
2026/07/13 05:01:01.805, 100, 41, 11839, 15360, 65.04, 1020
2026/07/13 05:01:02.814, 96, 59, 11839, 15360, 66.42, 1050
2026/07/13 05:01:03.827, 100, 37, 11839, 15360, 66.61, 1035
2026/07/13 05:01:04.841, 96, 58, 11839, 15360, 66.46, 1020
2026/07/13 05:01:05.851, 100, 37, 11839, 15360, 65.14, 1035
2026/07/13 05:01:06.862, 94, 50, 11839, 15360, 75.83, 1020
2026/07/13 05:01:07.895, 100, 28, 11839, 15360, 59.53, 1035
2026/07/13 05:01:08.905, 100, 41, 11839, 15360, 64.55, 1065
2026/07/13 05:01:09.922, 100, 44, 11839, 15360, 67.40, 855
2026/07/13 05:01:10.939, 100, 40, 11839, 15360, 66.36, 1020
2026/07/13 05:01:11.949, 100, 46, 11839, 15360, 67.20, 690
2026/07/13 05:01:12.959, 100, 39, 11839, 15360, 67.54, 1035
2026/07/13 05:01:13.973, 100, 50, 11839, 15360, 60.12, 780
2026/07/13 05:01:14.982, 100, 41, 11839, 15360, 67.20, 1035
2026/07/13 05:01:15.993, 100, 50, 11839, 15360, 67.75, 1020
2026/07/13 05:01:17.016, 100, 41, 11839, 15360, 65.83, 1005
2026/07/13 05:01:18.028, 100, 55, 11839, 15360, 65.93, 735
2026/07/13 05:01:19.036, 100, 41, 11839, 15360, 66.22, 1020
2026/07/13 05:01:20.051, 100, 56, 11839, 15360, 65.69, 1035
2026/07/13 05:01:21.060, 100, 41, 11839, 15360, 66.32, 990
2026/07/13 05:01:22.075, 100, 56, 11839, 15360, 67.98, 1020
2026/07/13 05:01:23.097, 100, 40, 11839, 15360, 64.69, 1050
2026/07/13 05:01:24.141, 100, 54, 11839, 15360, 68.43, 1035
2026/07/13 05:01:25.151, 100, 41, 11839, 15360, 66.30, 1020
2026/07/13 05:01:26.159, 100, 56, 11839, 15360, 65.57, 1035
2026/07/13 05:01:27.166, 100, 41, 11839, 15360, 66.51, 1020
2026/07/13 05:01:28.177, 100, 55, 11839, 15360, 66.22, 1050
2026/07/13 05:01:29.188, 100, 39, 11839, 15360, 64.65, 1050
2026/07/13 05:01:30.199, 96, 61, 11839, 15360, 67.79, 1005
2026/07/13 05:01:31.208, 100, 37, 11839, 15360, 63.71, 1020
2026/07/13 05:01:32.220, 96, 57, 11839, 15360, 68.28, 1005
2026/07/13 05:01:33.229, 100, 35, 11839, 15360, 65.57, 1005
2026/07/13 05:01:34.241, 93, 49, 11839, 15360, 66.81, 1020
2026/07/13 05:01:35.252, 100, 30, 11839, 15360, 64.46, 1050
2026/07/13 05:01:36.262, 100, 40, 11839, 15360, 73.63, 975
2026/07/13 05:01:37.293, 100, 43, 11839, 15360, 60.81, 1035
2026/07/13 05:01:38.310, 100, 38, 11839, 15360, 65.48, 1200
2026/07/13 05:01:39.318, 100, 45, 11839, 15360, 66.81, 855
2026/07/13 05:01:40.331, 100, 42, 11839, 15360, 64.85, 1050
2026/07/13 05:01:41.339, 100, 48, 11839, 15360, 65.77, 675
2026/07/13 05:01:42.348, 100, 41, 11839, 15360, 66.32, 1050
2026/07/13 05:01:43.357, 100, 50, 11839, 15360, 70.93, 780
2026/07/13 05:01:44.365, 100, 41, 11839, 15360, 65.87, 1020
2026/07/13 05:01:45.375, 100, 56, 11839, 15360, 66.91, 990
2026/07/13 05:01:46.388, 100, 41, 11839, 15360, 65.89, 1050
2026/07/13 05:01:47.397, 100, 55, 11839, 15360, 72.21, 750
2026/07/13 05:01:48.407, 100, 40, 11839, 15360, 65.34, 1020
2026/07/13 05:01:49.419, 100, 56, 11839, 15360, 67.00, 1005
2026/07/13 05:01:50.449, 100, 41, 11839, 15360, 66.42, 1020
2026/07/13 05:01:51.473, 100, 56, 11839, 15360, 66.16, 1020
2026/07/13 05:01:52.487, 100, 40, 11839, 15360, 65.53, 1020
2026/07/13 05:01:53.495, 100, 54, 11839, 15360, 66.36, 1035
2026/07/13 05:01:54.503, 100, 40, 11839, 15360, 65.34, 1035
2026/07/13 05:01:55.512, 100, 55, 11839, 15360, 65.69, 1050
2026/07/13 05:01:56.522, 100, 41, 11839, 15360, 65.87, 1035
2026/07/13 05:01:57.531, 100, 55, 11839, 15360, 66.32, 1035
2026/07/13 05:01:58.543, 100, 42, 11839, 15360, 66.16, 1020
2026/07/13 05:01:59.560, 100, 55, 11839, 15360, 66.22, 1050
2026/07/13 05:02:00.584, 100, 40, 11839, 15360, 65.18, 1050
2026/07/13 05:02:01.604, 96, 56, 11839, 15360, 66.61, 1050
2026/07/13 05:02:02.618, 100, 37, 11839, 15360, 64.89, 990
2026/07/13 05:02:03.643, 94, 58, 11839, 15360, 64.10, 1035
2026/07/13 05:02:04.654, 100, 36, 11839, 15360, 66.91, 1020
2026/07/13 05:02:05.667, 93, 53, 11839, 15360, 74.26, 1035
2026/07/13 05:02:06.694, 100, 33, 11839, 15360, 61.85, 1020
2026/07/13 05:02:07.706, 100, 40, 11839, 15360, 63.46, 1035
2026/07/13 05:02:08.714, 100, 43, 11839, 15360, 67.79, 1005
2026/07/13 05:02:09.726, 100, 38, 11839, 15360, 66.16, 1050
2026/07/13 05:02:10.741, 100, 42, 11839, 15360, 70.19, 675
2026/07/13 05:02:11.752, 100, 38, 11839, 15360, 65.53, 1020
2026/07/13 05:02:12.769, 100, 53, 11839, 15360, 71.23, 690
2026/07/13 05:02:13.784, 100, 41, 11839, 15360, 64.65, 1005
2026/07/13 05:02:14.797, 100, 46, 11839, 15360, 66.71, 840
2026/07/13 05:02:15.806, 100, 41, 11839, 15360, 65.53, 1035
2026/07/13 05:02:16.818, 100, 55, 11839, 15360, 57.51, 1020
2026/07/13 05:02:17.857, 100, 41, 11839, 15360, 66.56, 1035
2026/07/13 05:02:18.877, 100, 56, 11839, 15360, 69.61, 765
2026/07/13 05:02:19.912, 100, 39, 11839, 15360, 65.87, 1050
2026/07/13 05:02:20.932, 100, 55, 11839, 15360, 67.59, 750
2026/07/13 05:02:21.947, 100, 41, 11839, 15360, 67.10, 1035
2026/07/13 05:02:22.954, 100, 55, 11839, 15360, 65.93, 1020
2026/07/13 05:02:23.962, 100, 41, 11839, 15360, 67.45, 1050
2026/07/13 05:02:24.977, 100, 56, 11839, 15360, 65.28, 1020
2026/07/13 05:02:25.988, 100, 41, 11839, 15360, 67.00, 1035
2026/07/13 05:02:26.999, 100, 55, 11839, 15360, 66.06, 1020
2026/07/13 05:02:28.012, 100, 41, 11839, 15360, 64.65, 1020
2026/07/13 05:02:29.020, 100, 56, 11839, 15360, 65.67, 1035
2026/07/13 05:02:30.028, 100, 39, 11839, 15360, 64.00, 1020
2026/07/13 05:02:31.043, 100, 54, 11839, 15360, 64.36, 1050
2026/07/13 05:02:32.056, 100, 40, 11839, 15360, 66.95, 1035
2026/07/13 05:02:33.069, 100, 56, 11839, 15360, 65.83, 1020
2026/07/13 05:02:34.084, 100, 41, 11839, 15360, 66.16, 1035
2026/07/13 05:02:35.100, 96, 59, 11839, 15360, 66.42, 1035
2026/07/13 05:02:36.112, 100, 38, 11839, 15360, 65.87, 1020
2026/07/13 05:02:37.120, 96, 58, 11839, 15360, 65.44, 1020
2026/07/13 05:02:38.128, 100, 37, 11839, 15360, 67.40, 1050
2026/07/13 05:02:39.142, 96, 50, 11839, 15360, 71.07, 1050
2026/07/13 05:02:40.157, 100, 30, 11839, 15360, 60.77, 1005
2026/07/13 05:02:41.167, 100, 40, 11839, 15360, 63.67, 1065
2026/07/13 05:02:42.187, 100, 45, 11839, 15360, 66.71, 675
2026/07/13 05:02:43.198, 100, 41, 11839, 15360, 66.42, 990
2026/07/13 05:02:44.207, 100, 45, 11839, 15360, 66.42, 795
2026/07/13 05:02:45.218, 100, 41, 11839, 15360, 63.61, 1035
2026/07/13 05:02:46.248, 100, 53, 11839, 15360, 69.80, 795
2026/07/13 05:02:47.268, 100, 39, 11839, 15360, 67.10, 1020
2026/07/13 05:02:48.284, 100, 48, 11839, 15360, 66.42, 960
2026/07/13 05:02:49.296, 100, 39, 11839, 15360, 67.00, 1005
2026/07/13 05:02:50.312, 100, 54, 11839, 15360, 68.08, 750
2026/07/13 05:02:51.321, 100, 41, 11839, 15360, 66.02, 1050
2026/07/13 05:02:52.334, 100, 56, 11839, 15360, 66.22, 1050
2026/07/13 05:02:53.342, 100, 41, 11839, 15360, 64.40, 1035
2026/07/13 05:02:54.352, 100, 54, 11839, 15360, 65.77, 1035
2026/07/13 05:02:55.364, 100, 41, 11839, 15360, 64.26, 1035
2026/07/13 05:02:56.376, 100, 54, 11839, 15360, 64.99, 1035
2026/07/13 05:02:57.387, 100, 40, 11839, 15360, 65.18, 1005
2026/07/13 05:02:58.398, 100, 56, 11839, 15360, 66.81, 1020
2026/07/13 05:02:59.409, 100, 38, 11839, 15360, 65.87, 1020
2026/07/13 05:03:00.421, 100, 56, 11839, 15360, 67.10, 1020
2026/07/13 05:03:01.432, 100, 41, 11839, 15360, 65.04, 1035
2026/07/13 05:03:02.470, 94, 56, 11839, 15360, 65.93, 1005
2026/07/13 05:03:03.494, 100, 38, 11839, 15360, 64.79, 1035
2026/07/13 05:03:04.510, 96, 58, 11839, 15360, 66.96, 1050
2026/07/13 05:03:05.524, 100, 37, 11839, 15360, 63.57, 1020
2026/07/13 05:03:06.535, 96, 49, 11839, 15360, 64.36, 1035
2026/07/13 05:03:07.559, 100, 31, 11839, 15360, 65.83, 975
2026/07/13 05:03:08.577, 100, 40, 11839, 15360, 67.14, 990
2026/07/13 05:03:09.589, 100, 45, 11839, 15360, 64.69, 1035
2026/07/13 05:03:10.598, 100, 41, 11839, 15360, 64.34, 1065
2026/07/13 05:03:11.607, 100, 45, 11839, 15360, 62.87, 1020
2026/07/13 05:03:12.619, 100, 41, 11839, 15360, 63.51, 1050
2026/07/13 05:03:13.639, 100, 34, 11839, 15360, 71.32, 705
2026/07/13 05:03:14.663, 100, 41, 11839, 15360, 65.04, 1005
2026/07/13 05:03:15.689, 100, 43, 11839, 15360, 68.53, 675
2026/07/13 05:03:16.716, 100, 41, 11839, 15360, 65.48, 1035
2026/07/13 05:03:17.741, 100, 49, 11839, 15360, 67.69, 840
2026/07/13 05:03:18.751, 100, 39, 11839, 15360, 65.18, 1005
2026/07/13 05:03:19.761, 100, 45, 11839, 15360, 57.51, 930
2026/07/13 05:03:20.770, 100, 38, 11839, 15360, 65.97, 1035
2026/07/13 05:03:21.779, 100, 53, 11839, 15360, 67.69, 840
2026/07/13 05:03:22.799, 100, 38, 11839, 15360, 65.08, 1035
2026/07/13 05:03:23.810, 100, 54, 11839, 15360, 66.12, 750
2026/07/13 05:03:24.820, 100, 38, 11839, 15360, 65.14, 1035
2026/07/13 05:03:25.829, 100, 54, 11839, 15360, 66.57, 1020
2026/07/13 05:03:26.839, 100, 38, 11839, 15360, 64.46, 1020
2026/07/13 05:03:27.870, 100, 56, 11839, 15360, 65.18, 1050
2026/07/13 05:03:28.880, 100, 38, 11839, 15360, 64.99, 1020
2026/07/13 05:03:29.906, 100, 54, 11839, 15360, 65.93, 1020
2026/07/13 05:03:30.938, 100, 41, 11839, 15360, 64.85, 1050
2026/07/13 05:03:31.950, 100, 54, 11839, 15360, 65.24, 1050
2026/07/13 05:03:32.959, 100, 41, 11839, 15360, 63.42, 1035
2026/07/13 05:03:33.970, 100, 56, 11839, 15360, 65.53, 1035
2026/07/13 05:03:34.981, 100, 42, 11839, 15360, 66.02, 1020
2026/07/13 05:03:35.992, 96, 60, 11839, 15360, 63.91, 1020
2026/07/13 05:03:37.003, 100, 38, 11839, 15360, 67.30, 1020
2026/07/13 05:03:38.011, 96, 57, 11839, 15360, 65.38, 1035
2026/07/13 05:03:39.020, 100, 37, 11839, 15360, 66.51, 1050
2026/07/13 05:03:40.028, 96, 50, 11839, 15360, 64.46, 1035
2026/07/13 05:03:41.041, 100, 32, 11839, 15360, 67.20, 1050
2026/07/13 05:03:42.052, 100, 39, 11839, 15360, 65.18, 990
2026/07/13 05:03:43.070, 100, 45, 11839, 15360, 64.69, 990
2026/07/13 05:03:44.088, 100, 42, 11839, 15360, 53.84, 1065
2026/07/13 05:03:45.116, 100, 44, 11839, 15360, 54.89, 1005
2026/07/13 05:03:46.137, 100, 49, 11839, 15360, 65.73, 1065
2026/07/13 05:03:47.152, 100, 29, 11839, 15360, 68.33, 870
2026/07/13 05:03:48.163, 100, 40, 11839, 15360, 65.73, 1035
2026/07/13 05:03:49.173, 100, 44, 11839, 15360, 66.51, 690
2026/07/13 05:03:50.185, 100, 38, 11839, 15360, 66.46, 1020
2026/07/13 05:03:51.196, 100, 45, 11839, 15360, 57.51, 810
2026/07/13 05:03:52.204, 100, 39, 11839, 15360, 64.99, 990
2026/07/13 05:03:53.215, 100, 49, 11839, 15360, 67.98, 1020
2026/07/13 05:03:54.238, 100, 42, 11839, 15360, 65.81, 1020
2026/07/13 05:03:55.251, 100, 50, 11839, 15360, 66.26, 735
2026/07/13 05:03:56.263, 100, 42, 11839, 15360, 66.46, 1020
2026/07/13 05:03:57.277, 100, 56, 11839, 15360, 67.40, 1035
2026/07/13 05:03:58.287, 100, 41, 11839, 15360, 64.85, 1050
2026/07/13 05:03:59.295, 100, 55, 11839, 15360, 66.12, 1035
2026/07/13 05:04:00.304, 100, 41, 11839, 15360, 64.69, 990
2026/07/13 05:04:01.315, 100, 54, 11839, 15360, 65.57, 1020
2026/07/13 05:04:02.327, 100, 38, 11839, 15360, 64.95, 1020
2026/07/13 05:04:03.339, 100, 55, 11839, 15360, 64.85, 1020
2026/07/13 05:04:04.351, 100, 40, 11839, 15360, 65.97, 1050
2026/07/13 05:04:05.368, 100, 55, 11839, 15360, 65.97, 990
2026/07/13 05:04:06.380, 100, 41, 11839, 15360, 65.24, 1035
2026/07/13 05:04:07.392, 100, 55, 11839, 15360, 65.63, 1050
2026/07/13 05:04:08.400, 100, 41, 11839, 15360, 66.51, 1005
2026/07/13 05:04:09.409, 96, 62, 11839, 15360, 65.87, 1005
2026/07/13 05:04:10.425, 100, 37, 11839, 15360, 64.46, 1005
2026/07/13 05:04:11.435, 94, 58, 11839, 15360, 65.44, 1050
2026/07/13 05:04:12.467, 100, 36, 11839, 15360, 64.79, 1035
2026/07/13 05:04:13.479, 97, 49, 11839, 15360, 74.70, 990
2026/07/13 05:04:14.489, 100, 29, 11839, 15360, 60.32, 1020
2026/07/13 05:04:15.506, 100, 40, 11839, 15360, 68.72, 1320
2026/07/13 05:04:16.519, 100, 44, 11839, 15360, 67.30, 930
2026/07/13 05:04:17.543, 100, 41, 11839, 15360, 66.56, 990
2026/07/13 05:04:18.566, 100, 47, 11839, 15360, 64.69, 675
2026/07/13 05:04:19.579, 100, 41, 11839, 15360, 66.06, 1050
2026/07/13 05:04:20.594, 100, 45, 11839, 15360, 65.24, 780
2026/07/13 05:04:21.605, 100, 41, 11839, 15360, 66.32, 1035
2026/07/13 05:04:22.615, 100, 51, 11839, 15360, 72.01, 915
2026/07/13 05:04:23.624, 100, 41, 11839, 15360, 64.89, 1005
2026/07/13 05:04:24.641, 100, 54, 11839, 15360, 66.81, 840
2026/07/13 05:04:25.662, 100, 41, 11839, 15360, 67.35, 1050
2026/07/13 05:04:26.683, 100, 54, 11839, 15360, 74.51, 750
2026/07/13 05:04:27.695, 100, 38, 11839, 15360, 65.69, 1050
2026/07/13 05:04:28.706, 100, 56, 11839, 15360, 65.14, 1035
2026/07/13 05:04:29.718, 100, 39, 11839, 15360, 65.28, 1020
2026/07/13 05:04:30.728, 100, 55, 11839, 15360, 65.83, 1020
2026/07/13 05:04:31.742, 100, 41, 11839, 15360, 65.93, 1020
2026/07/13 05:04:32.750, 100, 57, 11839, 15360, 64.95, 1020
2026/07/13 05:04:33.758, 100, 41, 11839, 15360, 65.34, 1020
2026/07/13 05:04:34.770, 100, 54, 11839, 15360, 67.45, 1035
2026/07/13 05:04:35.780, 100, 41, 11839, 15360, 64.99, 1020
2026/07/13 05:04:36.789, 96, 62, 11839, 15360, 65.73, 1020
2026/07/13 05:04:37.802, 100, 38, 11839, 15360, 65.67, 1035
2026/07/13 05:04:38.828, 100, 56, 11839, 15360, 66.16, 1035
2026/07/13 05:04:39.842, 100, 40, 11839, 15360, 64.79, 1035
2026/07/13 05:04:40.854, 100, 55, 11839, 15360, 67.10, 1050
2026/07/13 05:04:41.866, 100, 41, 11839, 15360, 64.36, 1035
2026/07/13 05:04:42.878, 96, 62, 11839, 15360, 65.87, 1035
2026/07/13 05:04:43.889, 100, 37, 11839, 15360, 64.50, 1050
2026/07/13 05:04:44.901, 96, 54, 11839, 15360, 60.51, 1050
2026/07/13 05:04:45.911, 100, 36, 11839, 15360, 56.26, 1020
2026/07/13 05:04:46.920, 100, 48, 11839, 15360, 65.28, 1065
2026/07/13 05:04:47.930, 100, 29, 11839, 15360, 67.40, 870
2026/07/13 05:04:48.941, 100, 38, 11839, 15360, 64.79, 1020
2026/07/13 05:04:49.950, 100, 43, 11839, 15360, 65.83, 690
2026/07/13 05:04:50.960, 100, 40, 11839, 15360, 65.08, 1020
2026/07/13 05:04:51.971, 100, 45, 11839, 15360, 58.88, 825
2026/07/13 05:04:52.982, 100, 40, 11839, 15360, 67.40, 1020
2026/07/13 05:04:54.011, 100, 48, 11839, 15360, 66.91, 1020
2026/07/13 05:04:55.021, 100, 42, 11839, 15360, 64.89, 1035
2026/07/13 05:04:56.035, 100, 50, 11839, 15360, 65.48, 735
2026/07/13 05:04:57.045, 100, 40, 11839, 15360, 66.22, 1035
2026/07/13 05:04:58.053, 100, 54, 11839, 15360, 64.99, 1005
2026/07/13 05:04:59.063, 100, 38, 11839, 15360, 64.73, 1005
2026/07/13 05:05:00.073, 100, 56, 11839, 15360, 66.67, 1035
2026/07/13 05:05:01.081, 100, 41, 11839, 15360, 65.93, 1020
2026/07/13 05:05:02.089, 100, 56, 11839, 15360, 65.44, 1035
2026/07/13 05:05:03.100, 100, 41, 11839, 15360, 65.57, 1020
2026/07/13 05:05:04.109, 100, 54, 11839, 15360, 67.65, 1050
2026/07/13 05:05:05.117, 100, 40, 11839, 15360, 66.91, 1035
2026/07/13 05:05:06.129, 100, 56, 11839, 15360, 66.32, 1020
2026/07/13 05:05:07.159, 100, 41, 11839, 15360, 66.61, 1035
2026/07/13 05:05:08.189, 100, 57, 11839, 15360, 66.42, 1050
2026/07/13 05:05:09.206, 100, 41, 11839, 15360, 64.36, 1035
2026/07/13 05:05:10.229, 96, 58, 11839, 15360, 65.34, 1050
2026/07/13 05:05:11.239, 100, 35, 11839, 15360, 65.52, 1035
2026/07/13 05:05:12.248, 96, 53, 11839, 15360, 64.85, 1035
2026/07/13 05:05:13.256, 100, 32, 11839, 15360, 66.22, 1035
2026/07/13 05:05:14.263, 100, 42, 11839, 15360, 64.40, 1020
2026/07/13 05:05:15.276, 100, 39, 11839, 15360, 55.87, 1005
2026/07/13 05:05:16.286, 100, 40, 11839, 15360, 65.98, 1050
2026/07/13 05:05:17.296, 100, 43, 11839, 15360, 68.14, 690
2026/07/13 05:05:18.305, 100, 40, 11839, 15360, 65.44, 1035
2026/07/13 05:05:19.313, 100, 52, 11839, 15360, 68.14, 765
2026/07/13 05:05:20.323, 100, 41, 11839, 15360, 66.42, 1020
2026/07/13 05:05:21.339, 100, 47, 11839, 15360, 61.30, 900
2026/07/13 05:05:22.349, 100, 39, 11839, 15360, 65.49, 1020
2026/07/13 05:05:23.367, 100, 56, 11839, 15360, 72.40, 765
2026/07/13 05:05:24.385, 100, 41, 11839, 15360, 64.50, 1035
2026/07/13 05:05:25.394, 100, 56, 11839, 15360, 66.42, 825
2026/07/13 05:05:26.403, 100, 41, 11839, 15360, 65.53, 1020
2026/07/13 05:05:27.421, 100, 55, 11839, 15360, 66.12, 1035
2026/07/13 05:05:28.435, 100, 41, 11839, 15360, 65.18, 1020
2026/07/13 05:05:29.456, 100, 54, 11839, 15360, 67.00, 1005
2026/07/13 05:05:30.466, 100, 41, 11839, 15360, 64.59, 1005
2026/07/13 05:05:31.476, 100, 54, 11839, 15360, 66.67, 1035
2026/07/13 05:05:32.486, 100, 39, 11839, 15360, 62.53, 1020
2026/07/13 05:05:33.497, 100, 55, 11839, 15360, 66.32, 1035
2026/07/13 05:05:34.509, 100, 42, 11839, 15360, 65.53, 1050
2026/07/13 05:05:35.521, 94, 58, 11839, 15360, 65.14, 1035
2026/07/13 05:05:36.532, 100, 37, 11839, 15360, 63.97, 1005
2026/07/13 05:05:37.544, 94, 52, 11839, 15360, 64.93, 1020
2026/07/13 05:05:38.559, 100, 32, 11839, 15360, 66.81, 1020
2026/07/13 05:05:39.568, 100, 39, 11839, 15360, 65.08, 990
2026/07/13 05:05:40.582, 100, 42, 11839, 15360, 65.38, 1035
2026/07/13 05:05:41.594, 100, 39, 11839, 15360, 72.85, 1035
2026/07/13 05:05:42.611, 100, 42, 11839, 15360, 59.47, 1005
2026/07/13 05:05:43.619, 100, 41, 11839, 15360, 65.48, 1065
2026/07/13 05:05:44.631, 100, 52, 11839, 15360, 67.20, 720
2026/07/13 05:05:45.642, 100, 41, 11839, 15360, 66.46, 1020
2026/07/13 05:05:46.654, 100, 47, 11839, 15360, 67.10, 720
2026/07/13 05:05:47.665, 100, 39, 11839, 15360, 64.40, 1020
2026/07/13 05:05:48.673, 100, 54, 11839, 15360, 57.70, 840
2026/07/13 05:05:49.683, 100, 41, 11839, 15360, 64.54, 1020
2026/07/13 05:05:50.694, 100, 54, 11839, 15360, 70.29, 780
2026/07/13 05:05:51.736, 100, 40, 11839, 15360, 65.04, 1005
2026/07/13 05:05:52.768, 100, 55, 11839, 15360, 66.12, 750
2026/07/13 05:05:53.778, 100, 40, 11839, 15360, 63.22, 1035
2026/07/13 05:05:54.785, 100, 54, 11839, 15360, 67.00, 1020
2026/07/13 05:05:55.793, 100, 40, 11839, 15360, 66.16, 1035
2026/07/13 05:05:56.802, 100, 56, 11839, 15360, 68.96, 1020
2026/07/13 05:05:57.811, 100, 39, 11839, 15360, 66.06, 990
2026/07/13 05:05:58.821, 100, 56, 11839, 15360, 66.12, 1035
2026/07/13 05:05:59.833, 100, 41, 11839, 15360, 65.77, 1035
2026/07/13 05:06:00.842, 100, 54, 11839, 15360, 65.14, 1020
2026/07/13 05:06:01.852, 100, 41, 11839, 15360, 68.82, 1035
2026/07/13 05:06:02.869, 100, 55, 11839, 15360, 64.16, 1050
2026/07/13 05:06:03.888, 100, 40, 11839, 15360, 64.30, 1035
2026/07/13 05:06:04.899, 94, 55, 11839, 15360, 66.06, 1020
2026/07/13 05:06:05.929, 100, 36, 11839, 15360, 65.77, 1005
2026/07/13 05:06:06.941, 96, 58, 11839, 15360, 64.65, 1035
2026/07/13 05:06:07.953, 100, 37, 11839, 15360, 67.49, 1020
2026/07/13 05:06:08.963, 96, 52, 11839, 15360, 66.22, 1035
2026/07/13 05:06:09.970, 100, 32, 11839, 15360, 64.30, 1020
2026/07/13 05:06:10.980, 100, 39, 11839, 15360, 53.12, 1200
2026/07/13 05:06:11.988, 100, 46, 11839, 15360, 55.67, 855
2026/07/13 05:06:12.996, 100, 41, 11839, 15360, 65.34, 1005
2026/07/13 05:06:14.005, 100, 44, 11839, 15360, 69.61, 690
2026/07/13 05:06:15.014, 100, 41, 11839, 15360, 64.20, 1035
2026/07/13 05:06:16.024, 100, 54, 11839, 15360, 69.51, 780
2026/07/13 05:06:17.033, 100, 38, 11839, 15360, 64.55, 1005
2026/07/13 05:06:18.066, 100, 51, 11839, 15360, 64.69, 990
2026/07/13 05:06:19.076, 100, 41, 11839, 15360, 66.16, 1020
2026/07/13 05:06:20.111, 100, 55, 11839, 15360, 74.51, 750
2026/07/13 05:06:21.135, 100, 38, 11839, 15360, 64.06, 1005
2026/07/13 05:06:22.143, 100, 55, 11839, 15360, 66.51, 1050
2026/07/13 05:06:23.150, 100, 41, 11839, 15360, 66.36, 1035
2026/07/13 05:06:24.158, 100, 54, 11839, 15360, 66.42, 1005
2026/07/13 05:06:25.167, 100, 41, 11839, 15360, 68.18, 1050
2026/07/13 05:06:26.179, 100, 55, 11839, 15360, 66.12, 1035
2026/07/13 05:06:27.190, 100, 40, 11839, 15360, 66.02, 990
2026/07/13 05:06:28.201, 100, 55, 11839, 15360, 67.69, 1020
2026/07/13 05:06:29.209, 100, 39, 11839, 15360, 66.26, 1050
2026/07/13 05:06:30.217, 100, 55, 11839, 15360, 66.91, 1035
2026/07/13 05:06:31.229, 100, 41, 11839, 15360, 65.67, 1020
2026/07/13 05:06:32.253, 93, 58, 11839, 15360, 65.38, 1020
2026/07/13 05:06:33.274, 100, 37, 11839, 15360, 66.81, 1050
2026/07/13 05:06:34.295, 93, 53, 11839, 15360, 68.47, 1035
2026/07/13 05:06:35.314, 100, 32, 11839, 15360, 67.89, 1035
2026/07/13 05:06:36.335, 100, 41, 11839, 15360, 66.12, 1020
2026/07/13 05:06:37.353, 100, 38, 11839, 15360, 67.49, 1020
2026/07/13 05:06:38.362, 96, 56, 11839, 15360, 70.19, 1020
2026/07/13 05:06:39.373, 100, 35, 11839, 15360, 63.81, 1020
2026/07/13 05:06:40.384, 96, 50, 11839, 15360, 65.81, 1215
2026/07/13 05:06:41.393, 100, 31, 11839, 15360, 66.81, 855
2026/07/13 05:06:42.403, 100, 41, 11839, 15360, 65.87, 1035
2026/07/13 05:06:43.411, 100, 43, 11839, 15360, 65.18, 690
2026/07/13 05:06:44.421, 100, 39, 11839, 15360, 64.85, 990
2026/07/13 05:06:45.440, 100, 45, 11839, 15360, 65.18, 795
2026/07/13 05:06:46.461, 100, 41, 11839, 15360, 65.93, 1005
2026/07/13 05:06:47.482, 100, 45, 11839, 15360, 66.51, 885
2026/07/13 05:06:48.514, 100, 39, 11839, 15360, 66.46, 1005
2026/07/13 05:06:49.542, 100, 53, 11839, 15360, 66.22, 765
2026/07/13 05:06:50.559, 100, 42, 11839, 15360, 65.04, 1035
2026/07/13 05:06:51.570, 100, 54, 11839, 15360, 65.44, 930
2026/07/13 05:06:52.578, 100, 40, 11839, 15360, 62.99, 1020
2026/07/13 05:06:53.587, 100, 56, 11839, 15360, 66.89, 1020
2026/07/13 05:06:54.596, 100, 38, 11839, 15360, 64.55, 1035
2026/07/13 05:06:55.604, 100, 55, 11839, 15360, 65.63, 1035
2026/07/13 05:06:56.612, 100, 41, 11839, 15360, 66.26, 1005
2026/07/13 05:06:57.623, 100, 54, 11839, 15360, 65.67, 1020
2026/07/13 05:06:58.631, 100, 40, 11839, 15360, 68.28, 1020
2026/07/13 05:06:59.643, 100, 54, 11839, 15360, 65.87, 1020
2026/07/13 05:07:00.674, 100, 41, 11839, 15360, 65.18, 1035
2026/07/13 05:07:01.688, 93, 57, 11839, 15360, 66.46, 1020
2026/07/13 05:07:02.709, 100, 38, 11839, 15360, 65.34, 1020
2026/07/13 05:07:03.725, 94, 56, 11839, 15360, 65.48, 1035
2026/07/13 05:07:04.736, 100, 36, 11839, 15360, 62.40, 1035
2026/07/13 05:07:05.744, 96, 51, 11839, 15360, 69.06, 1035
2026/07/13 05:07:06.755, 100, 30, 11839, 15360, 65.77, 1035
2026/07/13 05:07:07.765, 100, 41, 11839, 15360, 51.58, 990
2026/07/13 05:07:08.781, 100, 44, 11839, 15360, 55.08, 1035
2026/07/13 05:07:09.794, 100, 38, 11839, 15360, 63.55, 1050
2026/07/13 05:07:10.815, 100, 46, 11839, 15360, 69.70, 690
2026/07/13 05:07:11.831, 100, 41, 11839, 15360, 68.24, 1050
2026/07/13 05:07:12.840, 100, 45, 11839, 15360, 71.27, 720
2026/07/13 05:07:13.857, 100, 41, 11839, 15360, 65.24, 1020
2026/07/13 05:07:14.887, 100, 53, 11839, 15360, 68.47, 825
2026/07/13 05:07:15.911, 100, 39, 11839, 15360, 64.95, 1020
2026/07/13 05:07:16.940, 100, 52, 11839, 15360, 61.98, 945
2026/07/13 05:07:17.957, 100, 40, 11839, 15360, 64.95, 1020
2026/07/13 05:07:18.966, 100, 47, 11839, 15360, 72.69, 750
2026/07/13 05:07:19.975, 100, 41, 11839, 15360, 66.06, 1035
2026/07/13 05:07:20.985, 100, 54, 11839, 15360, 66.51, 1035
2026/07/13 05:07:21.994, 100, 42, 11839, 15360, 67.04, 1035
2026/07/13 05:07:23.005, 100, 55, 11839, 15360, 67.30, 1005
2026/07/13 05:07:24.014, 100, 41, 11839, 15360, 64.75, 1005
2026/07/13 05:07:25.026, 100, 56, 11839, 15360, 66.61, 1020
2026/07/13 05:07:26.038, 100, 41, 11839, 15360, 64.99, 1035
2026/07/13 05:07:27.048, 100, 54, 11839, 15360, 64.10, 1020
2026/07/13 05:07:28.056, 100, 38, 11839, 15360, 65.89, 1050
2026/07/13 05:07:29.065, 100, 54, 11839, 15360, 64.75, 1035
2026/07/13 05:07:30.081, 100, 41, 11839, 15360, 65.28, 1035
2026/07/13 05:07:31.100, 100, 55, 11839, 15360, 67.20, 1020
2026/07/13 05:07:32.112, 100, 41, 11839, 15360, 64.99, 1005
2026/07/13 05:07:33.121, 96, 62, 11839, 15360, 64.00, 1035
2026/07/13 05:07:34.131, 100, 38, 11839, 15360, 67.69, 1020
2026/07/13 05:07:35.140, 96, 57, 11839, 15360, 70.63, 1020
2026/07/13 05:07:36.148, 100, 35, 11839, 15360, 60.90, 1050
2026/07/13 05:07:37.159, 96, 51, 11839, 15360, 63.81, 1050
2026/07/13 05:07:38.169, 100, 29, 11839, 15360, 67.89, 1005
2026/07/13 05:07:39.180, 100, 41, 11839, 15360, 64.36, 1050
2026/07/13 05:07:40.202, 100, 45, 11839, 15360, 67.59, 705
2026/07/13 05:07:41.214, 100, 38, 11839, 15360, 65.12, 1005
2026/07/13 05:07:42.228, 100, 46, 11839, 15360, 69.61, 690
2026/07/13 05:07:43.264, 100, 40, 11839, 15360, 65.87, 1020
2026/07/13 05:07:44.292, 100, 47, 11839, 15360, 70.88, 810
2026/07/13 05:07:45.321, 100, 42, 11839, 15360, 66.65, 1050
2026/07/13 05:07:46.345, 100, 52, 11839, 15360, 65.38, 810
2026/07/13 05:07:47.368, 100, 39, 11839, 15360, 64.69, 1035
2026/07/13 05:07:48.385, 100, 54, 11839, 15360, 57.54, 900
2026/07/13 05:07:49.402, 100, 38, 11839, 15360, 64.89, 1020
2026/07/13 05:07:50.414, 100, 54, 11839, 15360, 67.69, 750
2026/07/13 05:07:51.425, 100, 40, 11839, 15360, 66.12, 1050
2026/07/13 05:07:52.440, 100, 56, 11839, 15360, 66.81, 1035
2026/07/13 05:07:53.449, 100, 41, 11839, 15360, 64.59, 1050
2026/07/13 05:07:54.460, 100, 54, 11839, 15360, 67.20, 1035
2026/07/13 05:07:55.468, 100, 40, 11839, 15360, 66.01, 1020
2026/07/13 05:07:56.480, 100, 54, 11839, 15360, 65.48, 1020
2026/07/13 05:07:57.493, 100, 41, 11839, 15360, 66.85, 1035
2026/07/13 05:07:58.530, 100, 56, 11839, 15360, 66.51, 1050
2026/07/13 05:07:59.556, 100, 41, 11839, 15360, 66.65, 1020
2026/07/13 05:08:00.566, 100, 55, 11839, 15360, 66.06, 1035
2026/07/13 05:08:01.576, 100, 41, 11839, 15360, 66.71, 1020
2026/07/13 05:08:02.586, 100, 54, 11839, 15360, 65.93, 1050
2026/07/13 05:08:03.594, 100, 40, 11839, 15360, 64.99, 1050
2026/07/13 05:08:04.602, 100, 56, 11839, 15360, 64.50, 1035
2026/07/13 05:08:05.614, 100, 41, 11839, 15360, 67.04, 1005
2026/07/13 05:08:06.622, 96, 60, 11839, 15360, 66.06, 1050
2026/07/13 05:08:07.631, 100, 37, 11839, 15360, 63.51, 1035
2026/07/13 05:08:08.641, 96, 60, 11839, 15360, 67.00, 1035
2026/07/13 05:08:09.650, 100, 36, 11839, 15360, 67.44, 1035
2026/07/13 05:08:10.664, 94, 54, 11839, 15360, 77.64, 1005
2026/07/13 05:08:11.685, 100, 33, 11839, 15360, 59.76, 1035
2026/07/13 05:08:12.700, 100, 47, 11839, 15360, 65.87, 1140
2026/07/13 05:08:13.723, 100, 36, 11839, 15360, 66.56, 1020
2026/07/13 05:08:14.734, 100, 41, 11839, 15360, 66.46, 1050
2026/07/13 05:08:15.760, 100, 43, 11839, 15360, 57.38, 705
2026/07/13 05:08:16.772, 100, 41, 11839, 15360, 63.44, 990
2026/07/13 05:08:17.784, 100, 48, 11839, 15360, 71.17, 690
2026/07/13 05:08:18.793, 100, 42, 11839, 15360, 65.08, 1005
2026/07/13 05:08:19.805, 100, 43, 11839, 15360, 70.98, 795
2026/07/13 05:08:20.814, 100, 41, 11839, 15360, 64.99, 1050
2026/07/13 05:08:21.823, 100, 53, 11839, 15360, 64.83, 960
2026/07/13 05:08:22.846, 100, 38, 11839, 15360, 66.36, 1005
2026/07/13 05:08:23.856, 100, 56, 11839, 15360, 75.19, 735
2026/07/13 05:08:24.866, 100, 40, 11839, 15360, 65.08, 1020
2026/07/13 05:08:25.899, 100, 56, 11839, 15360, 65.91, 1020
2026/07/13 05:08:26.913, 100, 39, 11839, 15360, 65.18, 1035
2026/07/13 05:08:27.922, 100, 56, 11839, 15360, 65.18, 1005
2026/07/13 05:08:28.937, 100, 41, 11839, 15360, 66.69, 1035
2026/07/13 05:08:29.949, 100, 55, 11839, 15360, 66.40, 1035
2026/07/13 05:08:30.961, 100, 39, 11839, 15360, 67.04, 1005
2026/07/13 05:08:31.970, 100, 55, 11839, 15360, 68.22, 1005
2026/07/13 05:08:32.980, 100, 42, 11839, 15360, 66.46, 1020
2026/07/13 05:08:33.987, 96, 61, 11839, 15360, 66.60, 1035
2026/07/13 05:08:34.998, 100, 36, 11839, 15360, 64.63, 1020
2026/07/13 05:08:36.007, 96, 58, 11839, 15360, 66.12, 1050
2026/07/13 05:08:37.015, 100, 35, 11839, 15360, 66.65, 1035
2026/07/13 05:08:38.026, 99, 49, 11839, 15360, 66.26, 1020
2026/07/13 05:08:39.046, 100, 31, 11839, 15360, 65.67, 1035
2026/07/13 05:08:40.082, 100, 39, 11839, 15360, 64.24, 975
2026/07/13 05:08:41.094, 100, 42, 11839, 15360, 63.95, 1050
2026/07/13 05:08:42.104, 100, 41, 11839, 15360, 58.59, 1155
2026/07/13 05:08:43.116, 100, 49, 11839, 15360, 56.59, 930
2026/07/13 05:08:44.128, 100, 40, 11839, 15360, 67.73, 1020
2026/07/13 05:08:45.136, 100, 45, 11839, 15360, 69.55, 675
2026/07/13 05:08:46.146, 100, 40, 11839, 15360, 64.69, 1005
2026/07/13 05:08:47.157, 100, 44, 11839, 15360, 69.85, 855
2026/07/13 05:08:48.167, 100, 39, 11839, 15360, 67.93, 1020
2026/07/13 05:08:49.179, 100, 46, 11839, 15360, 66.16, 915
2026/07/13 05:08:50.203, 100, 41, 11839, 15360, 66.40, 1020
2026/07/13 05:08:51.215, 100, 53, 11839, 15360, 71.37, 735
2026/07/13 05:08:52.226, 100, 39, 11839, 15360, 67.04, 1035
2026/07/13 05:08:53.247, 100, 55, 11839, 15360, 66.95, 1020
2026/07/13 05:08:54.261, 100, 41, 11839, 15360, 64.93, 1020
2026/07/13 05:08:55.278, 100, 56, 11839, 15360, 67.24, 990
2026/07/13 05:08:56.293, 100, 39, 11839, 15360, 66.65, 1005
2026/07/13 05:08:57.301, 100, 55, 11839, 15360, 65.57, 1020
2026/07/13 05:08:58.309, 100, 40, 11839, 15360, 66.46, 1035
2026/07/13 05:08:59.322, 100, 54, 11839, 15360, 66.16, 1005
2026/07/13 05:09:00.331, 100, 40, 11839, 15360, 66.46, 1035
2026/07/13 05:09:01.339, 100, 55, 11839, 15360, 66.12, 1020
2026/07/13 05:09:02.351, 100, 41, 11839, 15360, 66.95, 1020
2026/07/13 05:09:03.363, 96, 61, 11839, 15360, 66.85, 1035
2026/07/13 05:09:04.375, 100, 36, 11839, 15360, 66.50, 1050
2026/07/13 05:09:05.387, 96, 57, 11839, 15360, 67.40, 1020
2026/07/13 05:09:06.398, 100, 36, 11839, 15360, 61.69, 1035
2026/07/13 05:09:07.414, 100, 47, 11839, 15360, 63.46, 990
2026/07/13 05:09:08.448, 100, 34, 11839, 15360, 67.34, 1020
2026/07/13 05:09:09.467, 100, 41, 11839, 15360, 63.75, 1170
2026/07/13 05:09:10.486, 100, 41, 11839, 15360, 67.69, 690
2026/07/13 05:09:11.496, 100, 40, 11839, 15360, 67.83, 1035
2026/07/13 05:09:12.508, 100, 52, 11839, 15360, 67.34, 720
2026/07/13 05:09:13.518, 100, 41, 11839, 15360, 63.91, 1035
2026/07/13 05:09:14.526, 100, 46, 11839, 15360, 72.35, 795
2026/07/13 05:09:15.535, 100, 41, 11839, 15360, 66.32, 1035
2026/07/13 05:09:16.546, 100, 54, 11839, 15360, 66.65, 750
2026/07/13 05:09:17.558, 100, 38, 11839, 15360, 64.24, 1020
2026/07/13 05:09:18.570, 100, 54, 11839, 15360, 66.11, 930
2026/07/13 05:09:19.578, 100, 41, 11839, 15360, 65.91, 990
2026/07/13 05:09:20.590, 100, 54, 11839, 15360, 66.51, 1020
2026/07/13 05:09:21.603, 100, 38, 11839, 15360, 66.11, 1020
2026/07/13 05:09:22.615, 100, 55, 11839, 15360, 65.97, 1035
2026/07/13 05:09:23.649, 100, 39, 11839, 15360, 65.53, 1035
2026/07/13 05:09:24.669, 100, 55, 11839, 15360, 63.81, 1050
2026/07/13 05:09:25.683, 100, 41, 11839, 15360, 64.93, 1020
2026/07/13 05:09:26.693, 100, 54, 11839, 15360, 66.36, 1050
2026/07/13 05:09:27.705, 100, 39, 11839, 15360, 66.99, 975
2026/07/13 05:09:28.721, 96, 61, 11839, 15360, 65.52, 1050
2026/07/13 05:09:29.732, 100, 36, 11839, 15360, 65.87, 1005
2026/07/13 05:09:30.741, 96, 57, 11839, 15360, 67.04, 1035
2026/07/13 05:09:31.750, 100, 36, 11839, 15360, 65.87, 1035
2026/07/13 05:09:32.762, 98, 49, 11839, 15360, 67.10, 1035
2026/07/13 05:09:33.776, 100, 31, 11839, 15360, 63.71, 1035
2026/07/13 05:09:34.786, 100, 40, 11839, 15360, 57.93, 990
2026/07/13 05:09:35.822, 100, 42, 11839, 15360, 65.18, 1020
2026/07/13 05:09:36.842, 100, 42, 11839, 15360, 65.61, 1200
2026/07/13 05:09:37.863, 100, 32, 11839, 15360, 56.69, 1005
2026/07/13 05:09:38.879, 100, 38, 11839, 15360, 66.11, 1035
2026/07/13 05:09:39.899, 100, 44, 11839, 15360, 67.69, 675
2026/07/13 05:09:40.909, 100, 39, 11839, 15360, 64.69, 1005
2026/07/13 05:09:41.918, 100, 42, 11839, 15360, 65.97, 810
2026/07/13 05:09:42.927, 100, 41, 11839, 15360, 66.06, 1005
2026/07/13 05:09:43.936, 100, 52, 11839, 15360, 58.52, 885
2026/07/13 05:09:44.945, 100, 41, 11839, 15360, 65.73, 1035
2026/07/13 05:09:45.957, 100, 48, 11839, 15360, 67.69, 765
2026/07/13 05:09:46.968, 100, 41, 11839, 15360, 65.38, 1035
2026/07/13 05:09:47.980, 100, 54, 11839, 15360, 65.57, 885
2026/07/13 05:09:48.994, 100, 41, 11839, 15360, 65.12, 1020
2026/07/13 05:09:50.016, 100, 55, 11839, 15360, 64.14, 1035
2026/07/13 05:09:51.039, 100, 40, 11839, 15360, 65.67, 1035
2026/07/13 05:09:52.075, 100, 55, 11839, 15360, 67.34, 1050
2026/07/13 05:09:53.086, 100, 38, 11839, 15360, 65.03, 1005
2026/07/13 05:09:54.095, 100, 54, 11839, 15360, 65.57, 1020
2026/07/13 05:09:55.108, 100, 40, 11839, 15360, 65.08, 1050
2026/07/13 05:09:56.124, 100, 54, 11839, 15360, 64.63, 1035
2026/07/13 05:09:57.135, 100, 41, 11839, 15360, 65.97, 1020
2026/07/13 05:09:58.144, 100, 54, 11839, 15360, 65.08, 1035
2026/07/13 05:09:59.153, 100, 40, 11839, 15360, 67.04, 1035
2026/07/13 05:10:00.162, 100, 56, 11839, 15360, 67.14, 1035
2026/07/13 05:10:01.171, 100, 41, 11839, 15360, 67.09, 1050
2026/07/13 05:10:02.181, 96, 63, 11839, 15360, 66.46, 1050
2026/07/13 05:10:03.191, 100, 38, 11839, 15360, 65.38, 1020
2026/07/13 05:10:04.201, 94, 56, 11839, 15360, 67.14, 1035
2026/07/13 05:10:05.215, 100, 36, 11839, 15360, 67.18, 1035
2026/07/13 05:10:06.225, 94, 50, 11839, 15360, 66.01, 1035
2026/07/13 05:10:07.256, 100, 29, 11839, 15360, 65.91, 1035
2026/07/13 05:10:08.264, 100, 42, 11839, 15360, 71.48, 1050
2026/07/13 05:10:09.276, 100, 46, 11839, 15360, 59.43, 1005
2026/07/13 05:10:10.284, 100, 42, 11839, 15360, 66.81, 1080
2026/07/13 05:10:11.292, 100, 44, 11839, 15360, 66.42, 765
2026/07/13 05:10:12.302, 100, 40, 11839, 15360, 66.32, 1020
2026/07/13 05:10:13.314, 100, 52, 11839, 15360, 64.50, 705
2026/07/13 05:10:14.323, 100, 38, 11839, 15360, 65.57, 1035
2026/07/13 05:10:15.333, 100, 50, 11839, 15360, 61.79, 780
2026/07/13 05:10:16.342, 100, 41, 11839, 15360, 66.30, 1035
2026/07/13 05:10:17.351, 100, 54, 11839, 15360, 66.71, 960
2026/07/13 05:10:18.401, 100, 41, 11839, 15360, 64.99, 975
2026/07/13 05:10:19.424, 100, 54, 11839, 15360, 65.10, 750
2026/07/13 05:10:20.434, 100, 38, 11839, 15360, 66.02, 1035
2026/07/13 05:10:21.464, 100, 53, 11839, 15360, 68.82, 1035
2026/07/13 05:10:22.472, 100, 41, 11839, 15360, 67.69, 1020
2026/07/13 05:10:23.485, 100, 55, 11839, 15360, 66.22, 1035
2026/07/13 05:10:24.498, 100, 38, 11839, 15360, 66.65, 1005
2026/07/13 05:10:25.510, 100, 54, 11839, 15360, 64.89, 1005
2026/07/13 05:10:26.517, 100, 42, 11839, 15360, 69.02, 1020
2026/07/13 05:10:27.525, 100, 57, 11839, 15360, 64.85, 1035
2026/07/13 05:10:28.533, 100, 41, 11839, 15360, 63.65, 975
2026/07/13 05:10:29.549, 100, 54, 11839, 15360, 65.48, 1020
2026/07/13 05:10:30.563, 100, 41, 11839, 15360, 65.28, 1020
2026/07/13 05:10:31.571, 100, 54, 11839, 15360, 65.53, 1005
2026/07/13 05:10:32.587, 100, 38, 11839, 15360, 64.83, 1020
2026/07/13 05:10:33.608, 92, 62, 11839, 15360, 64.55, 1020
2026/07/13 05:10:34.631, 100, 37, 11839, 15360, 66.57, 1035
2026/07/13 05:10:35.644, 95, 54, 11839, 15360, 68.24, 1020
2026/07/13 05:10:36.656, 100, 33, 11839, 15360, 63.81, 1020
2026/07/13 05:10:37.665, 100, 46, 11839, 15360, 64.20, 1200
2026/07/13 05:10:38.679, 100, 39, 11839, 15360, 66.51, 840
2026/07/13 05:10:39.692, 100, 38, 11839, 15360, 66.06, 1020
2026/07/13 05:10:40.714, 100, 42, 11839, 15360, 63.91, 675
2026/07/13 05:10:41.724, 100, 41, 11839, 15360, 65.53, 990
2026/07/13 05:10:42.738, 100, 52, 11839, 15360, 59.83, 765
2026/07/13 05:10:43.746, 100, 41, 11839, 15360, 64.59, 1020
2026/07/13 05:10:44.759, 100, 47, 11839, 15360, 67.40, 900
2026/07/13 05:10:45.777, 100, 38, 11839, 15360, 64.65, 1020
2026/07/13 05:10:46.818, 100, 54, 11839, 15360, 67.20, 765
2026/07/13 05:10:47.839, 100, 40, 11839, 15360, 65.67, 1020
2026/07/13 05:10:48.871, 100, 54, 11839, 15360, 65.89, 765
2026/07/13 05:10:49.895, 100, 39, 11839, 15360, 64.69, 1050
2026/07/13 05:10:50.902, 100, 55, 11839, 15360, 67.69, 1005
2026/07/13 05:10:51.914, 100, 41, 11839, 15360, 64.85, 1035
2026/07/13 05:10:52.923, 100, 54, 11839, 15360, 67.49, 990
2026/07/13 05:10:53.937, 100, 38, 11839, 15360, 66.16, 1050
2026/07/13 05:10:54.945, 100, 56, 11839, 15360, 65.87, 1035
2026/07/13 05:10:55.952, 100, 41, 11839, 15360, 65.73, 1035
2026/07/13 05:10:56.961, 100, 55, 11839, 15360, 65.34, 1020
2026/07/13 05:10:57.969, 100, 41, 11839, 15360, 66.22, 1020
2026/07/13 05:10:58.979, 96, 59, 11839, 15360, 66.32, 1050
2026/07/13 05:10:59.989, 100, 37, 11839, 15360, 64.48, 1035
2026/07/13 05:11:01.000, 93, 54, 11839, 15360, 67.04, 1020
2026/07/13 05:11:02.023, 100, 32, 11839, 15360, 66.57, 1020
2026/07/13 05:11:03.049, 100, 47, 11839, 15360, 69.65, 1020
2026/07/13 05:11:04.070, 100, 37, 11839, 15360, 65.53, 1020
2026/07/13 05:11:05.078, 100, 41, 11839, 15360, 66.51, 1050
2026/07/13 05:11:06.085, 100, 44, 11839, 15360, 65.73, 1050
2026/07/13 05:11:07.095, 96, 53, 11839, 15360, 72.84, 1125
2026/07/13 05:11:08.105, 100, 48, 11839, 15360, 59.83, 960
2026/07/13 05:11:09.114, 100, 41, 11839, 15360, 67.79, 1035
2026/07/13 05:11:10.126, 100, 41, 11839, 15360, 67.30, 705
2026/07/13 05:11:11.135, 100, 40, 11839, 15360, 65.34, 1020
2026/07/13 05:11:12.145, 100, 43, 11839, 15360, 66.12, 810
2026/07/13 05:11:13.154, 100, 39, 11839, 15360, 64.89, 1020
2026/07/13 05:11:14.173, 100, 52, 11839, 15360, 72.21, 810
2026/07/13 05:11:15.191, 100, 39, 11839, 15360, 65.38, 1020
2026/07/13 05:11:16.202, 100, 44, 11839, 15360, 66.42, 885
2026/07/13 05:11:17.242, 100, 40, 11839, 15360, 66.06, 1020
2026/07/13 05:11:18.264, 100, 52, 11839, 15360, 72.99, 765
2026/07/13 05:11:19.273, 100, 41, 11839, 15360, 66.36, 1020
2026/07/13 05:11:20.280, 100, 56, 11839, 15360, 66.71, 1050
2026/07/13 05:11:21.288, 100, 40, 11839, 15360, 65.67, 1050
2026/07/13 05:11:22.295, 100, 56, 11839, 15360, 66.22, 1050
2026/07/13 05:11:23.306, 100, 41, 11839, 15360, 65.38, 1035
2026/07/13 05:11:24.316, 100, 54, 11839, 15360, 66.51, 1035
2026/07/13 05:11:25.328, 100, 41, 11839, 15360, 66.71, 1020
2026/07/13 05:11:26.337, 100, 54, 11839, 15360, 66.12, 1035
2026/07/13 05:11:27.345, 100, 41, 11839, 15360, 65.93, 1020
2026/07/13 05:11:28.358, 100, 55, 11839, 15360, 65.83, 1035
2026/07/13 05:11:29.371, 100, 41, 11839, 15360, 65.14, 1020
2026/07/13 05:11:30.381, 100, 56, 11839, 15360, 66.42, 1050
2026/07/13 05:11:31.392, 100, 41, 11839, 15360, 65.28, 1020
2026/07/13 05:11:32.402, 96, 62, 11839, 15360, 66.26, 1050
2026/07/13 05:11:33.412, 100, 39, 11839, 15360, 67.14, 1020
2026/07/13 05:11:34.421, 96, 58, 11839, 15360, 65.77, 1035
2026/07/13 05:11:35.429, 100, 38, 11839, 15360, 65.89, 990
2026/07/13 05:11:36.441, 96, 49, 11839, 15360, 69.12, 1050
2026/07/13 05:11:37.453, 100, 32, 11839, 15360, 60.61, 1050
2026/07/13 05:11:38.463, 100, 39, 11839, 15360, 68.72, 1125
2026/07/13 05:11:39.474, 100, 45, 11839, 15360, 67.40, 975
2026/07/13 05:11:40.485, 100, 39, 11839, 15360, 66.81, 1005
2026/07/13 05:11:41.496, 100, 41, 11839, 15360, 67.79, 675
2026/07/13 05:11:42.506, 100, 39, 11839, 15360, 65.97, 1035
2026/07/13 05:11:43.535, 100, 52, 11839, 15360, 71.52, 780
2026/07/13 05:11:44.548, 100, 41, 11839, 15360, 67.14, 1020
2026/07/13 05:11:45.569, 100, 46, 11839, 15360, 71.62, 780
2026/07/13 05:11:46.587, 100, 41, 11839, 15360, 67.20, 1020
2026/07/13 05:11:47.596, 100, 54, 11839, 15360, 66.12, 765
2026/07/13 05:11:48.614, 100, 38, 11839, 15360, 67.10, 1035
2026/07/13 05:11:49.638, 100, 56, 11839, 15360, 71.91, 765
2026/07/13 05:11:50.653, 100, 40, 11839, 15360, 65.63, 1020
2026/07/13 05:11:51.664, 100, 54, 11839, 15360, 66.61, 1035
2026/07/13 05:11:52.678, 100, 41, 11839, 15360, 64.46, 1035
2026/07/13 05:11:53.690, 100, 55, 11839, 15360, 65.53, 1035
2026/07/13 05:11:54.701, 100, 41, 11839, 15360, 64.65, 1020
2026/07/13 05:11:55.709, 100, 56, 11839, 15360, 66.02, 1035
2026/07/13 05:11:56.730, 100, 38, 11839, 15360, 65.93, 1020
2026/07/13 05:11:57.743, 100, 55, 11839, 15360, 67.10, 1005
2026/07/13 05:11:58.755, 100, 41, 11839, 15360, 64.79, 1050
2026/07/13 05:11:59.764, 93, 60, 11839, 15360, 66.61, 1020
2026/07/13 05:12:00.778, 100, 38, 11839, 15360, 65.14, 1020
2026/07/13 05:12:01.787, 96, 56, 11839, 15360, 66.36, 1035
2026/07/13 05:12:02.803, 100, 36, 11839, 15360, 65.04, 990
2026/07/13 05:12:03.815, 97, 49, 11839, 15360, 66.51, 1035
2026/07/13 05:12:04.824, 100, 29, 11839, 15360, 65.24, 1035
2026/07/13 05:12:05.832, 100, 39, 11839, 15360, 70.54, 1005
2026/07/13 05:12:06.842, 100, 44, 11839, 15360, 61.89, 1020
2026/07/13 05:12:07.849, 100, 40, 11839, 15360, 66.36, 1200
2026/07/13 05:12:08.859, 100, 47, 11839, 15360, 67.00, 945
2026/07/13 05:12:09.869, 100, 41, 11839, 15360, 66.81, 990
2026/07/13 05:12:10.900, 100, 43, 11839, 15360, 67.20, 690
2026/07/13 05:12:11.910, 100, 37, 11839, 15360, 66.32, 1035
2026/07/13 05:12:12.929, 100, 42, 11839, 15360, 67.49, 780
2026/07/13 05:12:13.944, 100, 41, 11839, 15360, 65.18, 1005
2026/07/13 05:12:14.954, 100, 52, 11839, 15360, 69.80, 825
2026/07/13 05:12:15.964, 100, 41, 11839, 15360, 63.91, 1020
2026/07/13 05:12:16.976, 100, 47, 11839, 15360, 66.51, 765
2026/07/13 05:12:17.986, 100, 38, 11839, 15360, 65.14, 1005
2026/07/13 05:12:18.996, 100, 56, 11839, 15360, 65.87, 945
2026/07/13 05:12:20.004, 100, 40, 11839, 15360, 65.28, 1035
2026/07/13 05:12:21.013, 100, 54, 11839, 15360, 66.71, 1050
2026/07/13 05:12:22.024, 100, 41, 11839, 15360, 65.18, 990
2026/07/13 05:12:23.033, 100, 55, 11839, 15360, 67.20, 1005
2026/07/13 05:12:24.055, 100, 41, 11839, 15360, 64.99, 1050
2026/07/13 05:12:25.068, 100, 56, 11839, 15360, 65.44, 1050
2026/07/13 05:12:26.078, 100, 38, 11839, 15360, 66.71, 975
2026/07/13 05:12:27.094, 100, 54, 11839, 15360, 66.51, 1050
2026/07/13 05:12:28.106, 100, 42, 11839, 15360, 65.18, 1035
2026/07/13 05:12:29.114, 100, 54, 11839, 15360, 64.79, 1005
2026/07/13 05:12:30.122, 100, 41, 11839, 15360, 65.93, 1035
2026/07/13 05:12:31.133, 96, 62, 11839, 15360, 64.50, 1035
2026/07/13 05:12:32.144, 100, 38, 11839, 15360, 67.20, 1020
2026/07/13 05:12:33.155, 96, 58, 11839, 15360, 65.38, 1020
2026/07/13 05:12:34.165, 100, 38, 11839, 15360, 66.02, 1020
2026/07/13 05:12:35.176, 96, 49, 11839, 15360, 71.72, 1020
2026/07/13 05:12:36.191, 100, 31, 11839, 15360, 62.18, 1035
2026/07/13 05:12:37.199, 100, 40, 11839, 15360, 67.79, 1110
2026/07/13 05:12:38.215, 100, 45, 11839, 15360, 67.00, 855
2026/07/13 05:12:39.228, 100, 41, 11839, 15360, 65.08, 1035
2026/07/13 05:12:40.255, 100, 45, 11839, 15360, 64.79, 690
2026/07/13 05:12:41.286, 100, 40, 11839, 15360, 64.46, 1005
2026/07/13 05:12:42.305, 100, 52, 11839, 15360, 64.20, 855
2026/07/13 05:12:43.314, 100, 39, 11839, 15360, 65.08, 1020
2026/07/13 05:12:44.325, 100, 48, 11839, 15360, 66.51, 990
2026/07/13 05:12:45.334, 100, 41, 11839, 15360, 65.34, 1035
2026/07/13 05:12:46.343, 100, 54, 11839, 15360, 67.75, 750
2026/07/13 05:12:47.352, 100, 42, 11839, 15360, 67.30, 990
2026/07/13 05:12:48.361, 100, 55, 11839, 15360, 66.85, 990
2026/07/13 05:12:49.370, 100, 38, 11839, 15360, 64.89, 1020
2026/07/13 05:12:50.386, 100, 55, 11839, 15360, 66.75, 1035
2026/07/13 05:12:51.398, 100, 41, 11839, 15360, 65.87, 1050
2026/07/13 05:12:52.407, 100, 56, 11839, 15360, 67.59, 1020
2026/07/13 05:12:53.445, 100, 40, 11839, 15360, 64.26, 1020
2026/07/13 05:12:54.466, 100, 56, 11839, 15360, 67.06, 1020
2026/07/13 05:12:55.483, 100, 41, 11839, 15360, 66.51, 975
2026/07/13 05:12:56.502, 100, 56, 11839, 15360, 65.14, 1050
2026/07/13 05:12:57.512, 100, 40, 11839, 15360, 66.36, 1020
2026/07/13 05:12:58.526, 96, 59, 11839, 15360, 64.59, 1035
2026/07/13 05:12:59.537, 100, 35, 11839, 15360, 67.30, 1035
2026/07/13 05:13:00.546, 96, 53, 11839, 15360, 63.77, 1050
2026/07/13 05:13:01.555, 100, 32, 11839, 15360, 65.57, 1020
2026/07/13 05:13:02.564, 100, 41, 11839, 15360, 67.79, 1035
2026/07/13 05:13:03.576, 100, 42, 11839, 15360, 64.59, 1035
2026/07/13 05:13:04.586, 100, 38, 11839, 15360, 54.43, 1050
2026/07/13 05:13:05.595, 100, 42, 11839, 15360, 55.94, 1005
2026/07/13 05:13:06.605, 100, 42, 11839, 15360, 65.73, 1050
2026/07/13 05:13:07.639, 100, 31, 11839, 15360, 69.31, 945
2026/07/13 05:13:08.682, 100, 38, 11839, 15360, 65.73, 990
2026/07/13 05:13:09.715, 100, 43, 11839, 15360, 68.63, 675
2026/07/13 05:13:10.725, 100, 41, 11839, 15360, 65.34, 990
2026/07/13 05:13:11.737, 100, 49, 11839, 15360, 68.57, 855
2026/07/13 05:13:12.745, 100, 40, 11839, 15360, 65.77, 1050
2026/07/13 05:13:13.759, 100, 43, 11839, 15360, 60.41, 990
2026/07/13 05:13:14.768, 100, 38, 11839, 15360, 64.30, 1020
2026/07/13 05:13:15.783, 100, 52, 11839, 15360, 70.98, 765
2026/07/13 05:13:16.795, 100, 40, 11839, 15360, 67.34, 1035
2026/07/13 05:13:17.807, 100, 56, 11839, 15360, 66.61, 855
2026/07/13 05:13:18.815, 100, 41, 11839, 15360, 67.16, 1020
2026/07/13 05:13:19.825, 100, 54, 11839, 15360, 65.63, 1035
2026/07/13 05:13:20.836, 100, 41, 11839, 15360, 64.69, 1050
2026/07/13 05:13:21.850, 100, 56, 11839, 15360, 65.34, 1035
2026/07/13 05:13:22.864, 100, 40, 11839, 15360, 66.77, 1005
2026/07/13 05:13:23.873, 100, 56, 11839, 15360, 66.61, 1050
2026/07/13 05:13:24.901, 100, 39, 11839, 15360, 67.20, 1020
2026/07/13 05:13:25.910, 100, 55, 11839, 15360, 65.73, 1035
2026/07/13 05:13:26.919, 100, 42, 11839, 15360, 65.14, 990
2026/07/13 05:13:27.927, 100, 57, 11839, 15360, 65.69, 1035
2026/07/13 05:13:28.937, 100, 40, 11839, 15360, 66.95, 1020
2026/07/13 05:13:29.947, 96, 59, 11839, 15360, 65.24, 1020
2026/07/13 05:13:30.961, 100, 36, 11839, 15360, 66.51, 990
2026/07/13 05:13:31.976, 96, 54, 11839, 15360, 68.43, 1020
2026/07/13 05:13:32.992, 100, 32, 11839, 15360, 68.92, 1050
2026/07/13 05:13:34.002, 100, 41, 11839, 15360, 67.24, 1020
2026/07/13 05:13:35.016, 100, 39, 11839, 15360, 64.59, 1020
2026/07/13 05:13:36.029, 100, 40, 11839, 15360, 56.36, 1185
2026/07/13 05:13:37.059, 100, 42, 11839, 15360, 55.48, 960
2026/07/13 05:13:38.069, 100, 38, 11839, 15360, 65.87, 1050
2026/07/13 05:13:39.100, 100, 52, 11839, 15360, 69.21, 675
2026/07/13 05:13:40.110, 100, 41, 11839, 15360, 66.95, 1035
2026/07/13 05:13:41.119, 100, 46, 11839, 15360, 67.69, 810
2026/07/13 05:13:42.127, 100, 41, 11839, 15360, 64.69, 1050
2026/07/13 05:13:43.138, 100, 55, 11839, 15360, 57.44, 885
2026/07/13 05:13:44.147, 100, 41, 11839, 15360, 64.95, 990
2026/07/13 05:13:45.158, 100, 55, 11839, 15360, 69.70, 750
2026/07/13 05:13:46.169, 100, 39, 11839, 15360, 66.81, 1020
2026/07/13 05:13:47.177, 100, 54, 11839, 15360, 65.73, 945
2026/07/13 05:13:48.188, 100, 39, 11839, 15360, 66.36, 1035
2026/07/13 05:13:49.198, 100, 56, 11839, 15360, 63.97, 1050
2026/07/13 05:13:50.230, 100, 40, 11839, 15360, 65.67, 1020
2026/07/13 05:13:51.266, 100, 56, 11839, 15360, 65.38, 1050
2026/07/13 05:13:52.308, 100, 41, 11839, 15360, 68.96, 1005
2026/07/13 05:13:53.321, 100, 54, 11839, 15360, 67.20, 1050
2026/07/13 05:13:54.332, 100, 39, 11839, 15360, 64.28, 1020
2026/07/13 05:13:55.343, 100, 56, 11839, 15360, 67.24, 1005
2026/07/13 05:13:56.352, 100, 40, 11839, 15360, 66.65, 1035
2026/07/13 05:13:57.361, 100, 54, 11839, 15360, 66.32, 1050
2026/07/13 05:13:58.371, 100, 42, 11839, 15360, 64.99, 1035
2026/07/13 05:13:59.381, 100, 56, 11839, 15360, 64.79, 1005
2026/07/13 05:14:00.389, 100, 41, 11839, 15360, 66.42, 1035
2026/07/13 05:14:01.400, 96, 60, 11839, 15360, 68.04, 1020
2026/07/13 05:14:02.409, 100, 38, 11839, 15360, 67.20, 1035
2026/07/13 05:14:03.424, 94, 54, 11839, 15360, 65.63, 1020
2026/07/13 05:14:04.475, 100, 36, 11839, 15360, 64.75, 1020
2026/07/13 05:14:05.490, 94, 49, 11839, 15360, 71.72, 1005
2026/07/13 05:14:06.513, 100, 29, 11839, 15360, 68.63, 1035
2026/07/13 05:14:07.527, 100, 40, 11839, 15360, 69.55, 990
2026/07/13 05:14:08.546, 100, 43, 11839, 15360, 63.42, 1020
2026/07/13 05:14:09.558, 100, 38, 11839, 15360, 63.42, 1050
2026/07/13 05:14:10.572, 100, 45, 11839, 15360, 66.81, 660
2026/07/13 05:14:11.582, 100, 41, 11839, 15360, 64.30, 1035
2026/07/13 05:14:12.590, 100, 49, 11839, 15360, 67.84, 750
2026/07/13 05:14:13.599, 100, 42, 11839, 15360, 64.89, 1005
2026/07/13 05:14:14.608, 100, 50, 11839, 15360, 72.11, 810
2026/07/13 05:14:15.617, 100, 41, 11839, 15360, 64.95, 990
2026/07/13 05:14:16.625, 100, 55, 11839, 15360, 66.42, 870
2026/07/13 05:14:17.663, 100, 39, 11839, 15360, 66.36, 1020
2026/07/13 05:14:18.697, 100, 56, 11839, 15360, 68.04, 765
2026/07/13 05:14:19.707, 100, 41, 11839, 15360, 68.04, 1050
2026/07/13 05:14:20.728, 100, 54, 11839, 15360, 65.87, 1020
2026/07/13 05:14:21.740, 100, 38, 11839, 15360, 66.85, 1020
2026/07/13 05:14:22.749, 100, 54, 11839, 15360, 65.93, 1035
2026/07/13 05:14:23.760, 100, 41, 11839, 15360, 65.14, 1020
2026/07/13 05:14:24.775, 100, 55, 11839, 15360, 64.99, 1050
2026/07/13 05:14:25.788, 100, 40, 11839, 15360, 65.38, 1020
2026/07/13 05:14:26.798, 100, 55, 11839, 15360, 66.71, 1050
2026/07/13 05:14:27.810, 100, 40, 11839, 15360, 66.56, 1020
2026/07/13 05:14:28.819, 100, 55, 11839, 15360, 66.22, 1035
2026/07/13 05:14:29.826, 100, 41, 11839, 15360, 65.04, 1020
2026/07/13 05:14:30.836, 100, 55, 11839, 15360, 65.63, 1020
2026/07/13 05:14:31.851, 100, 40, 11839, 15360, 65.63, 1005
2026/07/13 05:14:32.866, 94, 61, 11839, 15360, 66.32, 1035
2026/07/13 05:14:33.881, 100, 37, 11839, 15360, 65.44, 1035
2026/07/13 05:14:34.892, 92, 53, 11839, 15360, 66.22, 1020
2026/07/13 05:14:35.903, 100, 33, 11839, 15360, 66.06, 1005
2026/07/13 05:14:36.911, 100, 46, 11839, 15360, 60.10, 1155
2026/07/13 05:14:37.921, 100, 37, 11839, 15360, 55.12, 975
2026/07/13 05:14:38.930, 100, 41, 11839, 15360, 64.89, 1035
2026/07/13 05:14:39.942, 100, 43, 11839, 15360, 68.63, 660
2026/07/13 05:14:40.950, 100, 40, 11839, 15360, 65.18, 1035
2026/07/13 05:14:41.960, 100, 50, 11839, 15360, 67.69, 795
2026/07/13 05:14:42.968, 100, 40, 11839, 15360, 66.02, 1035
2026/07/13 05:14:43.975, 100, 45, 11839, 15360, 59.47, 1005
2026/07/13 05:14:44.987, 100, 42, 11839, 15360, 66.51, 1035
2026/07/13 05:14:46.009, 100, 55, 11839, 15360, 72.30, 750
2026/07/13 05:14:47.022, 100, 40, 11839, 15360, 66.71, 1035
2026/07/13 05:14:48.040, 100, 56, 11839, 15360, 67.35, 990
2026/07/13 05:14:49.049, 100, 38, 11839, 15360, 65.32, 1035
2026/07/13 05:14:50.060, 100, 54, 11839, 15360, 66.32, 1035
2026/07/13 05:14:51.074, 100, 38, 11839, 15360, 65.12, 1035
2026/07/13 05:14:52.086, 100, 55, 11839, 15360, 66.26, 1020
2026/07/13 05:14:53.098, 100, 41, 11839, 15360, 66.61, 1020
2026/07/13 05:14:54.105, 100, 54, 11839, 15360, 65.04, 1035
2026/07/13 05:14:55.120, 100, 41, 11839, 15360, 66.81, 1035
2026/07/13 05:14:56.127, 100, 55, 11839, 15360, 67.59, 1035
2026/07/13 05:14:57.137, 100, 41, 11839, 15360, 65.34, 1035
2026/07/13 05:14:58.145, 96, 54, 11839, 15360, 67.84, 1050
2026/07/13 05:14:59.157, 100, 40, 11839, 15360, 64.89, 1050
2026/07/13 05:15:00.169, 94, 58, 11839, 15360, 65.34, 1035
2026/07/13 05:15:01.214, 100, 36, 11839, 15360, 67.98, 990
2026/07/13 05:15:02.247, 93, 53, 11839, 15360, 65.83, 1035
2026/07/13 05:15:03.269, 100, 32, 11839, 15360, 65.93, 1035
2026/07/13 05:15:04.279, 100, 45, 11839, 15360, 64.69, 1020
2026/07/13 05:15:05.289, 100, 39, 11839, 15360, 65.77, 1035
2026/07/13 05:15:06.297, 100, 41, 11839, 15360, 69.70, 1110
2026/07/13 05:15:07.306, 100, 41, 11839, 15360, 60.81, 1005
2026/07/13 05:15:08.315, 100, 41, 11839, 15360, 64.63, 1005
2026/07/13 05:15:09.332, 100, 49, 11839, 15360, 66.71, 690
2026/07/13 05:15:10.343, 100, 39, 11839, 15360, 66.56, 1020
2026/07/13 05:15:11.352, 100, 45, 11839, 15360, 67.30, 705
2026/07/13 05:15:12.370, 100, 40, 11839, 15360, 66.18, 1050
2026/07/13 05:15:13.382, 100, 53, 11839, 15360, 71.42, 795
2026/07/13 05:15:14.401, 100, 39, 11839, 15360, 65.28, 1020
2026/07/13 05:15:15.426, 100, 53, 11839, 15360, 66.51, 885
2026/07/13 05:15:16.468, 100, 41, 11839, 15360, 65.14, 1035
2026/07/13 05:15:17.493, 100, 47, 11839, 15360, 65.28, 825
2026/07/13 05:15:18.510, 100, 40, 11839, 15360, 66.51, 1020
2026/07/13 05:15:19.519, 100, 55, 11839, 15360, 72.94, 750
2026/07/13 05:15:20.529, 100, 38, 11839, 15360, 66.75, 1020
2026/07/13 05:15:21.537, 100, 56, 11839, 15360, 66.42, 1005
2026/07/13 05:15:22.545, 100, 38, 11839, 15360, 65.98, 1035
2026/07/13 05:15:23.554, 100, 54, 11839, 15360, 66.67, 1050
2026/07/13 05:15:24.565, 100, 40, 11839, 15360, 64.89, 1020
2026/07/13 05:15:25.573, 100, 56, 11839, 15360, 68.38, 1005
2026/07/13 05:15:26.584, 100, 42, 11839, 15360, 67.14, 1050
2026/07/13 05:15:27.593, 100, 54, 11839, 15360, 66.12, 1050
2026/07/13 05:15:28.625, 100, 41, 11839, 15360, 64.95, 1035
2026/07/13 05:15:29.650, 100, 55, 11839, 15360, 64.91, 1035
2026/07/13 05:15:30.660, 100, 39, 11839, 15360, 67.73, 1035
2026/07/13 05:15:31.672, 96, 55, 11839, 15360, 66.02, 1035
2026/07/13 05:15:32.682, 100, 37, 11839, 15360, 64.75, 1020
2026/07/13 05:15:33.690, 96, 60, 11839, 15360, 65.42, 1005
2026/07/13 05:15:34.697, 100, 36, 11839, 15360, 65.97, 1035
2026/07/13 05:15:35.707, 96, 53, 11839, 15360, 66.81, 1020
2026/07/13 05:15:36.718, 100, 33, 11839, 15360, 64.16, 1035
2026/07/13 05:15:37.730, 100, 41, 11839, 15360, 51.31, 1080
2026/07/13 05:15:38.738, 100, 41, 11839, 15360, 55.64, 1020
2026/07/13 05:15:39.750, 100, 41, 11839, 15360, 66.36, 1050
2026/07/13 05:15:40.764, 100, 42, 11839, 15360, 69.21, 675
2026/07/13 05:15:41.774, 100, 40, 11839, 15360, 64.99, 975
2026/07/13 05:15:42.800, 100, 52, 11839, 15360, 69.70, 705
2026/07/13 05:15:43.818, 100, 41, 11839, 15360, 66.18, 1020
2026/07/13 05:15:44.850, 100, 48, 11839, 15360, 66.61, 840
2026/07/13 05:15:45.875, 100, 41, 11839, 15360, 64.99, 1035
2026/07/13 05:15:46.886, 100, 54, 11839, 15360, 58.78, 975
2026/07/13 05:15:47.895, 100, 38, 11839, 15360, 64.65, 1035
2026/07/13 05:15:48.914, 100, 54, 11839, 15360, 67.49, 765
2026/07/13 05:15:49.949, 100, 42, 11839, 15360, 66.96, 1020
2026/07/13 05:15:50.960, 100, 50, 11839, 15360, 65.53, 735
2026/07/13 05:15:51.969, 100, 41, 11839, 15360, 65.24, 1050
2026/07/13 05:15:52.977, 100, 54, 11839, 15360, 64.50, 1035
2026/07/13 05:15:53.988, 100, 38, 11839, 15360, 67.40, 990
2026/07/13 05:15:55.000, 100, 56, 11839, 15360, 65.53, 1050
2026/07/13 05:15:56.009, 100, 41, 11839, 15360, 65.14, 1035
2026/07/13 05:15:57.025, 100, 54, 11839, 15360, 66.57, 1050
2026/07/13 05:15:58.038, 100, 42, 11839, 15360, 66.61, 1020
2026/07/13 05:15:59.049, 100, 55, 11839, 15360, 66.86, 1020
2026/07/13 05:16:00.061, 100, 40, 11839, 15360, 64.79, 1035
2026/07/13 05:16:01.070, 100, 56, 11839, 15360, 65.63, 1020
2026/07/13 05:16:02.081, 100, 38, 11839, 15360, 65.34, 1035
2026/07/13 05:16:03.091, 100, 55, 11839, 15360, 66.42, 1035
2026/07/13 05:16:04.099, 100, 42, 11839, 15360, 67.40, 1005
2026/07/13 05:16:05.110, 96, 58, 11839, 15360, 65.44, 1005
2026/07/13 05:16:06.119, 100, 36, 11839, 15360, 65.83, 1020
2026/07/13 05:16:07.127, 96, 53, 11839, 15360, 58.72, 1050
2026/07/13 05:16:08.137, 100, 32, 11839, 15360, 55.38, 990
2026/07/13 05:16:09.150, 100, 41, 11839, 15360, 65.61, 1065
2026/07/13 05:16:10.172, 100, 41, 11839, 15360, 69.80, 720
2026/07/13 05:16:11.187, 100, 38, 11839, 15360, 64.20, 1005
2026/07/13 05:16:12.224, 100, 43, 11839, 15360, 69.21, 675
2026/07/13 05:16:13.234, 100, 42, 11839, 15360, 65.87, 990
2026/07/13 05:16:14.248, 100, 54, 11839, 15360, 71.13, 780
2026/07/13 05:16:15.257, 100, 38, 11839, 15360, 64.75, 1020
2026/07/13 05:16:16.275, 100, 50, 11839, 15360, 66.32, 885
2026/07/13 05:16:17.296, 100, 41, 11839, 15360, 64.99, 1035
2026/07/13 05:16:18.306, 100, 55, 11839, 15360, 73.82, 735
2026/07/13 05:16:19.315, 100, 38, 11839, 15360, 66.51, 1035
2026/07/13 05:16:20.323, 100, 56, 11839, 15360, 66.12, 1035
2026/07/13 05:16:21.334, 100, 41, 11839, 15360, 64.79, 1020
2026/07/13 05:16:22.350, 100, 56, 11839, 15360, 68.08, 1005
2026/07/13 05:16:23.361, 100, 39, 11839, 15360, 64.65, 1020
2026/07/13 05:16:24.384, 100, 56, 11839, 15360, 64.20, 1020
2026/07/13 05:16:25.399, 100, 41, 11839, 15360, 64.40, 1020
2026/07/13 05:16:26.420, 100, 54, 11839, 15360, 66.71, 1020
2026/07/13 05:16:27.433, 100, 38, 11839, 15360, 63.87, 990
2026/07/13 05:16:28.441, 96, 58, 11839, 15360, 66.71, 1020
2026/07/13 05:16:29.452, 100, 37, 11839, 15360, 65.38, 1035
2026/07/13 05:16:30.463, 96, 56, 11839, 15360, 66.22, 1035
2026/07/13 05:16:31.477, 100, 36, 11839, 15360, 66.56, 1035
2026/07/13 05:16:32.490, 96, 49, 11839, 15360, 70.19, 990
2026/07/13 05:16:33.501, 100, 31, 11839, 15360, 61.69, 1005
2026/07/13 05:16:34.512, 100, 40, 11839, 15360, 66.71, 1050
2026/07/13 05:16:35.523, 100, 43, 11839, 15360, 66.91, 1005
2026/07/13 05:16:36.533, 100, 41, 11839, 15360, 64.50, 1035
2026/07/13 05:16:37.551, 100, 51, 11839, 15360, 66.32, 660
2026/07/13 05:16:38.562, 100, 42, 11839, 15360, 65.77, 1020
2026/07/13 05:16:39.581, 100, 47, 11839, 15360, 65.77, 855
2026/07/13 05:16:40.590, 100, 38, 11839, 15360, 64.99, 1035
2026/07/13 05:16:41.608, 100, 54, 11839, 15360, 57.60, 1020
2026/07/13 05:16:42.617, 100, 41, 11839, 15360, 64.40, 1005
2026/07/13 05:16:43.627, 100, 56, 11839, 15360, 68.38, 735
2026/07/13 05:16:44.636, 100, 41, 11839, 15360, 64.99, 1020
2026/07/13 05:16:45.645, 100, 54, 11839, 15360, 65.73, 1020
2026/07/13 05:16:46.653, 100, 38, 11839, 15360, 65.73, 1035
2026/07/13 05:16:47.664, 100, 54, 11839, 15360, 65.48, 1035
2026/07/13 05:16:48.676, 100, 41, 11839, 15360, 66.85, 1005
2026/07/13 05:16:49.690, 100, 54, 11839, 15360, 65.87, 1020
2026/07/13 05:16:50.702, 100, 38, 11839, 15360, 67.83, 1005
2026/07/13 05:16:51.710, 100, 55, 11839, 15360, 65.04, 1050
2026/07/13 05:16:52.738, 100, 40, 11839, 15360, 63.91, 1035
2026/07/13 05:16:53.780, 100, 55, 11839, 15360, 66.32, 1020
2026/07/13 05:16:54.828, 100, 39, 11839, 15360, 64.93, 1005
2026/07/13 05:16:55.843, 100, 56, 11839, 15360, 66.36, 1005
2026/07/13 05:16:56.858, 100, 41, 11839, 15360, 66.06, 1050
2026/07/13 05:16:57.869, 96, 62, 11839, 15360, 65.18, 1020
2026/07/13 05:16:58.878, 100, 38, 11839, 15360, 66.22, 1035
2026/07/13 05:16:59.894, 96, 56, 11839, 15360, 65.24, 1050
2026/07/13 05:17:00.907, 100, 36, 11839, 15360, 65.28, 1020
2026/07/13 05:17:01.915, 96, 50, 11839, 15360, 67.20, 1020
2026/07/13 05:17:02.925, 100, 30, 11839, 15360, 63.42, 1035
2026/07/13 05:17:03.935, 100, 41, 11839, 15360, 64.00, 1155
2026/07/13 05:17:04.945, 100, 44, 11839, 15360, 67.20, 960
2026/07/13 05:17:05.962, 100, 39, 11839, 15360, 66.12, 1035
2026/07/13 05:17:06.986, 100, 45, 11839, 15360, 70.00, 690
2026/07/13 05:17:08.000, 100, 41, 11839, 15360, 68.08, 1005
2026/07/13 05:17:09.022, 100, 47, 11839, 15360, 73.53, 825
2026/07/13 05:17:10.031, 100, 41, 11839, 15360, 65.48, 1005
2026/07/13 05:17:11.041, 100, 50, 11839, 15360, 66.51, 990
2026/07/13 05:17:12.049, 100, 38, 11839, 15360, 64.16, 990
2026/07/13 05:17:13.060, 100, 55, 11839, 15360, 69.76, 735
2026/07/13 05:17:14.069, 100, 41, 11839, 15360, 66.06, 1005
2026/07/13 05:17:15.081, 100, 54, 11839, 15360, 66.06, 1005
2026/07/13 05:17:16.090, 100, 41, 11839, 15360, 65.67, 1020
2026/07/13 05:17:17.100, 100, 55, 11839, 15360, 67.00, 1035
2026/07/13 05:17:18.113, 100, 38, 11839, 15360, 67.24, 1020
2026/07/13 05:17:19.120, 100, 56, 11839, 15360, 65.77, 1050
2026/07/13 05:17:20.133, 100, 40, 11839, 15360, 64.20, 1050
2026/07/13 05:17:21.143, 100, 54, 11839, 15360, 65.57, 1020
2026/07/13 05:17:22.153, 100, 41, 11839, 15360, 63.81, 990
2026/07/13 05:17:23.166, 97, 54, 11839, 15360, 67.63, 1020
2026/07/13 05:17:24.178, 100, 37, 11839, 15360, 66.51, 1020
2026/07/13 05:17:25.187, 96, 61, 11839, 15360, 65.28, 1020
2026/07/13 05:17:26.198, 100, 36, 11839, 15360, 65.67, 1020
2026/07/13 05:17:27.206, 96, 52, 11839, 15360, 65.49, 1035
2026/07/13 05:17:28.214, 100, 33, 11839, 15360, 66.71, 1005
2026/07/13 05:17:29.223, 100, 39, 11839, 15360, 60.02, 1020
2026/07/13 05:17:30.234, 100, 44, 11839, 15360, 57.64, 1035
2026/07/13 05:17:31.245, 100, 40, 11839, 15360, 64.30, 1125
2026/07/13 05:17:32.256, 100, 43, 11839, 15360, 68.04, 885
2026/07/13 05:17:33.267, 100, 41, 11839, 15360, 65.18, 1035
2026/07/13 05:17:34.285, 100, 55, 11839, 15360, 68.92, 660
2026/07/13 05:17:35.296, 100, 40, 11839, 15360, 65.93, 1005
2026/07/13 05:17:36.322, 100, 49, 11839, 15360, 66.91, 780
2026/07/13 05:17:37.343, 100, 41, 11839, 15360, 65.53, 975
2026/07/13 05:17:38.390, 100, 52, 11839, 15360, 60.81, 900
2026/07/13 05:17:39.399, 100, 41, 11839, 15360, 65.83, 1005
2026/07/13 05:17:40.409, 100, 44, 11839, 15360, 70.39, 750
2026/07/13 05:17:41.419, 100, 41, 11839, 15360, 65.73, 1050
2026/07/13 05:17:42.429, 100, 54, 11839, 15360, 65.97, 975
2026/07/13 05:17:43.438, 100, 41, 11839, 15360, 67.00, 1035
2026/07/13 05:17:44.446, 100, 55, 11839, 15360, 65.24, 1035
2026/07/13 05:17:45.455, 100, 39, 11839, 15360, 68.92, 1020
2026/07/13 05:17:46.463, 100, 55, 11839, 15360, 67.35, 1035
2026/07/13 05:17:47.472, 100, 39, 11839, 15360, 63.61, 1035
2026/07/13 05:17:48.481, 100, 56, 11839, 15360, 66.12, 1020
2026/07/13 05:17:49.505, 100, 41, 11839, 15360, 67.41, 990
2026/07/13 05:17:50.524, 100, 56, 11839, 15360, 66.22, 1020
2026/07/13 05:17:51.549, 100, 38, 11839, 15360, 65.63, 1020
2026/07/13 05:17:52.571, 100, 54, 11839, 15360, 66.22, 1035
2026/07/13 05:17:53.580, 100, 42, 11839, 15360, 64.91, 1020
2026/07/13 05:17:54.588, 96, 60, 11839, 15360, 66.65, 1005
2026/07/13 05:17:55.596, 100, 38, 11839, 15360, 66.42, 1050
2026/07/13 05:17:56.607, 96, 56, 11839, 15360, 66.81, 1050
2026/07/13 05:17:57.618, 100, 35, 11839, 15360, 66.51, 1050
2026/07/13 05:17:58.630, 95, 51, 11839, 15360, 67.94, 1020
2026/07/13 05:17:59.637, 100, 28, 11839, 15360, 63.51, 1035
2026/07/13 05:18:00.646, 100, 41, 11839, 15360, 55.48, 1095
2026/07/13 05:18:01.655, 100, 44, 11839, 15360, 56.66, 765
2026/07/13 05:18:02.665, 100, 39, 11839, 15360, 67.14, 990
2026/07/13 05:18:03.688, 100, 45, 11839, 15360, 70.88, 690
2026/07/13 05:18:04.708, 100, 41, 11839, 15360, 65.77, 1020
2026/07/13 05:18:05.735, 100, 46, 11839, 15360, 72.30, 795
2026/07/13 05:18:06.751, 100, 41, 11839, 15360, 67.49, 1020
2026/07/13 05:18:07.764, 100, 52, 11839, 15360, 66.81, 960
2026/07/13 05:18:08.790, 100, 39, 11839, 15360, 62.91, 1005
2026/07/13 05:18:09.808, 100, 54, 11839, 15360, 74.41, 765
2026/07/13 05:18:10.822, 100, 39, 11839, 15360, 66.02, 1005
2026/07/13 05:18:11.833, 100, 56, 11839, 15360, 65.18, 825
2026/07/13 05:18:12.844, 100, 41, 11839, 15360, 64.79, 1035
2026/07/13 05:18:13.852, 100, 54, 11839, 15360, 65.34, 1035
2026/07/13 05:18:14.863, 100, 41, 11839, 15360, 64.79, 1035
2026/07/13 05:18:15.874, 100, 56, 11839, 15360, 67.24, 1035
2026/07/13 05:18:16.891, 100, 41, 11839, 15360, 67.45, 1020
2026/07/13 05:18:17.901, 100, 55, 11839, 15360, 65.34, 1050
2026/07/13 05:18:18.917, 100, 38, 11839, 15360, 63.42, 1035
2026/07/13 05:18:19.926, 100, 55, 11839, 15360, 66.51, 1035
2026/07/13 05:18:20.940, 100, 40, 11839, 15360, 66.02, 1035
2026/07/13 05:18:21.948, 96, 62, 11839, 15360, 66.65, 1050
2026/07/13 05:18:22.955, 100, 37, 11839, 15360, 68.57, 1020
2026/07/13 05:18:23.966, 95, 53, 11839, 15360, 66.26, 990
2026/07/13 05:18:24.974, 100, 34, 11839, 15360, 67.24, 1020
2026/07/13 05:18:25.983, 100, 47, 11839, 15360, 69.37, 1035
2026/07/13 05:18:26.994, 100, 34, 11839, 15360, 61.59, 1020
2026/07/13 05:18:28.003, 100, 41, 11839, 15360, 63.08, 1050
2026/07/13 05:18:29.012, 100, 43, 11839, 15360, 67.40, 1020
2026/07/13 05:18:30.026, 100, 42, 11839, 15360, 54.82, 1035
2026/07/13 05:18:31.043, 100, 49, 11839, 15360, 55.58, 855
2026/07/13 05:18:32.062, 100, 41, 11839, 15360, 67.79, 1035
2026/07/13 05:18:33.101, 100, 45, 11839, 15360, 70.29, 675
2026/07/13 05:18:34.111, 100, 41, 11839, 15360, 65.03, 1035
2026/07/13 05:18:35.138, 100, 44, 11839, 15360, 71.62, 825
2026/07/13 05:18:36.147, 100, 41, 11839, 15360, 64.95, 1005
2026/07/13 05:18:37.158, 100, 55, 11839, 15360, 64.69, 990
2026/07/13 05:18:38.167, 100, 41, 11839, 15360, 67.75, 1035
2026/07/13 05:18:39.175, 100, 47, 11839, 15360, 73.28, 750
2026/07/13 05:18:40.184, 100, 39, 11839, 15360, 65.08, 990
2026/07/13 05:18:41.193, 100, 55, 11839, 15360, 66.96, 1020
2026/07/13 05:18:42.202, 100, 41, 11839, 15360, 64.99, 1035
2026/07/13 05:18:43.214, 100, 56, 11839, 15360, 65.34, 1035
2026/07/13 05:18:44.229, 100, 41, 11839, 15360, 64.36, 1050
2026/07/13 05:18:45.246, 100, 54, 11839, 15360, 68.28, 1005
2026/07/13 05:18:46.282, 100, 38, 11839, 15360, 66.96, 1050
2026/07/13 05:18:47.294, 100, 54, 11839, 15360, 63.87, 1035
2026/07/13 05:18:48.319, 100, 41, 11839, 15360, 65.73, 1035
2026/07/13 05:18:49.332, 100, 56, 11839, 15360, 66.12, 1050
2026/07/13 05:18:50.342, 100, 41, 11839, 15360, 65.67, 1005
2026/07/13 05:18:51.351, 100, 54, 11839, 15360, 65.24, 1050
2026/07/13 05:18:52.358, 100, 41, 11839, 15360, 68.96, 1020
2026/07/13 05:18:53.368, 96, 61, 11839, 15360, 68.82, 1020
2026/07/13 05:18:54.380, 100, 36, 11839, 15360, 66.91, 1020
2026/07/13 05:18:55.387, 96, 56, 11839, 15360, 67.30, 1035
2026/07/13 05:18:56.401, 100, 36, 11839, 15360, 67.49, 1020
2026/07/13 05:18:57.409, 96, 51, 11839, 15360, 64.99, 1005
2026/07/13 05:18:58.418, 100, 29, 11839, 15360, 64.34, 990
2026/07/13 05:18:59.436, 100, 41, 11839, 15360, 45.96, 1050
2026/07/13 05:19:00.482, 100, 44, 11839, 15360, 55.48, 1035
2026/07/13 05:19:01.503, 100, 41, 11839, 15360, 65.53, 1305
2026/07/13 05:19:02.527, 100, 45, 11839, 15360, 69.51, 870
2026/07/13 05:19:03.537, 100, 39, 11839, 15360, 65.77, 1035
2026/07/13 05:19:04.547, 100, 49, 11839, 15360, 69.51, 690
2026/07/13 05:19:05.558, 100, 42, 11839, 15360, 64.46, 1050
2026/07/13 05:19:06.574, 100, 50, 11839, 15360, 66.71, 795
2026/07/13 05:19:07.583, 100, 41, 11839, 15360, 69.61, 1020
2026/07/13 05:19:08.592, 100, 56, 11839, 15360, 58.39, 990
2026/07/13 05:19:09.606, 100, 39, 11839, 15360, 66.51, 1020
2026/07/13 05:19:10.616, 100, 54, 11839, 15360, 67.75, 765
2026/07/13 05:19:11.625, 100, 38, 11839, 15360, 65.83, 1005
2026/07/13 05:19:12.635, 100, 54, 11839, 15360, 66.36, 1050
2026/07/13 05:19:13.657, 100, 40, 11839, 15360, 65.04, 1035
2026/07/13 05:19:14.676, 100, 55, 11839, 15360, 65.44, 1035
2026/07/13 05:19:15.710, 100, 39, 11839, 15360, 65.18, 1035
2026/07/13 05:19:16.718, 100, 55, 11839, 15360, 65.69, 1035
2026/07/13 05:19:17.727, 100, 42, 11839, 15360, 65.97, 1020
2026/07/13 05:19:18.737, 100, 56, 11839, 15360, 66.12, 1005
2026/07/13 05:19:19.748, 100, 41, 11839, 15360, 63.87, 1035
2026/07/13 05:19:20.755, 100, 56, 11839, 15360, 66.22, 1050
2026/07/13 05:19:21.766, 100, 38, 11839, 15360, 66.77, 1020
2026/07/13 05:19:22.780, 100, 54, 11839, 15360, 66.12, 1020
2026/07/13 05:19:23.789, 100, 40, 11839, 15360, 70.15, 1020
2026/07/13 05:19:24.798, 96, 58, 11839, 15360, 64.46, 1035
2026/07/13 05:19:25.811, 100, 37, 11839, 15360, 63.87, 1050
2026/07/13 05:19:26.825, 93, 57, 11839, 15360, 67.98, 1020
2026/07/13 05:19:27.853, 100, 37, 11839, 15360, 65.38, 1020
2026/07/13 05:19:28.880, 94, 49, 11839, 15360, 54.07, 1005
2026/07/13 05:19:29.908, 100, 32, 11839, 15360, 64.89, 1020
2026/07/13 05:19:30.929, 100, 39, 11839, 15360, 72.65, 1155
2026/07/13 05:19:31.940, 100, 44, 11839, 15360, 59.17, 960
2026/07/13 05:19:32.950, 100, 41, 11839, 15360, 66.06, 1020
2026/07/13 05:19:33.961, 100, 44, 11839, 15360, 67.49, 690
2026/07/13 05:19:34.970, 100, 41, 11839, 15360, 65.93, 1035
2026/07/13 05:19:35.978, 100, 54, 11839, 15360, 66.81, 810
2026/07/13 05:19:36.987, 100, 38, 11839, 15360, 68.77, 990
2026/07/13 05:19:37.996, 100, 49, 11839, 15360, 57.70, 1020
2026/07/13 05:19:39.004, 100, 41, 11839, 15360, 64.69, 1035
2026/07/13 05:19:40.014, 100, 54, 11839, 15360, 68.18, 750
2026/07/13 05:19:41.024, 100, 41, 11839, 15360, 66.32, 1050
2026/07/13 05:19:42.043, 100, 56, 11839, 15360, 67.40, 1035
2026/07/13 05:19:43.053, 100, 41, 11839, 15360, 64.95, 1020
2026/07/13 05:19:44.081, 100, 55, 11839, 15360, 65.00, 1035
2026/07/13 05:19:45.095, 100, 40, 11839, 15360, 65.77, 1020
2026/07/13 05:19:46.103, 100, 55, 11839, 15360, 66.32, 1035
2026/07/13 05:19:47.117, 100, 38, 11839, 15360, 64.55, 1020
2026/07/13 05:19:48.126, 100, 54, 11839, 15360, 67.30, 1005
2026/07/13 05:19:49.134, 100, 42, 11839, 15360, 65.77, 1020
2026/07/13 05:19:50.147, 100, 55, 11839, 15360, 67.63, 1020
2026/07/13 05:19:51.158, 100, 41, 11839, 15360, 64.30, 1035
2026/07/13 05:19:52.168, 96, 63, 11839, 15360, 65.83, 1035
2026/07/13 05:19:53.205, 100, 36, 11839, 15360, 66.22, 1035
2026/07/13 05:19:54.235, 96, 56, 11839, 15360, 66.81, 1035
2026/07/13 05:19:55.248, 100, 36, 11839, 15360, 65.93, 1035
2026/07/13 05:19:56.261, 94, 50, 11839, 15360, 67.69, 1035
2026/07/13 05:19:57.290, 100, 41, 11839, 15360, 66.51, 1005
2026/07/13 05:19:58.319, 93, 57, 11839, 15360, 64.40, 1005
2026/07/13 05:19:59.343, 100, 36, 11839, 15360, 64.40, 1035
2026/07/13 05:20:00.353, 97, 55, 11839, 15360, 71.67, 1020
2026/07/13 05:20:01.363, 100, 33, 11839, 15360, 59.67, 1020
2026/07/13 05:20:02.374, 100, 45, 11839, 15360, 64.59, 1200
2026/07/13 05:20:03.382, 100, 37, 11839, 15360, 66.51, 885
2026/07/13 05:20:04.394, 100, 42, 11839, 15360, 66.02, 1020
2026/07/13 05:20:05.403, 100, 43, 11839, 15360, 65.34, 690
2026/07/13 05:20:06.411, 100, 42, 11839, 15360, 66.02, 1020
2026/07/13 05:20:07.420, 100, 49, 11839, 15360, 68.43, 825
2026/07/13 05:20:08.429, 100, 41, 11839, 15360, 66.65, 1035
2026/07/13 05:20:09.437, 100, 42, 11839, 15360, 66.51, 1005
2026/07/13 05:20:10.446, 100, 39, 11839, 15360, 66.51, 1020
2026/07/13 05:20:11.473, 100, 53, 11839, 15360, 66.61, 750
2026/07/13 05:20:12.483, 100, 41, 11839, 15360, 64.36, 1020
2026/07/13 05:20:13.504, 100, 54, 11839, 15360, 65.93, 930
2026/07/13 05:20:14.518, 100, 41, 11839, 15360, 65.93, 1035
2026/07/13 05:20:15.526, 100, 56, 11839, 15360, 65.73, 1050
2026/07/13 05:20:16.536, 100, 41, 11839, 15360, 65.48, 1035
2026/07/13 05:20:17.547, 100, 55, 11839, 15360, 65.83, 1020
2026/07/13 05:20:18.560, 100, 41, 11839, 15360, 66.61, 1035
2026/07/13 05:20:19.568, 100, 54, 11839, 15360, 66.57, 1035
2026/07/13 05:20:20.577, 100, 38, 11839, 15360, 67.63, 1050
2026/07/13 05:20:21.586, 100, 56, 11839, 15360, 66.47, 1035
2026/07/13 05:20:22.597, 100, 40, 11839, 15360, 68.14, 1050
2026/07/13 05:20:23.609, 100, 56, 11839, 15360, 66.71, 1020
2026/07/13 05:20:24.621, 100, 41, 11839, 15360, 66.32, 1020
2026/07/13 05:20:25.651, 94, 58, 11839, 15360, 66.36, 1020
2026/07/13 05:20:26.667, 100, 38, 11839, 15360, 65.87, 990
2026/07/13 05:20:27.675, 96, 54, 11839, 15360, 65.67, 1020
2026/07/13 05:20:28.683, 100, 35, 11839, 15360, 66.26, 990
2026/07/13 05:20:29.692, 100, 46, 11839, 15360, 67.69, 1050
2026/07/13 05:20:30.703, 100, 34, 11839, 15360, 63.32, 1035
2026/07/13 05:20:31.715, 100, 41, 11839, 15360, 63.91, 1200
2026/07/13 05:20:32.727, 100, 43, 11839, 15360, 55.22, 885
2026/07/13 05:20:33.743, 100, 41, 11839, 15360, 66.65, 1035
2026/07/13 05:20:34.752, 100, 49, 11839, 15360, 70.00, 690
2026/07/13 05:20:35.761, 100, 41, 11839, 15360, 65.53, 1005
2026/07/13 05:20:36.770, 100, 43, 11839, 15360, 71.03, 780
2026/07/13 05:20:37.779, 100, 39, 11839, 15360, 66.71, 1020
2026/07/13 05:20:38.796, 100, 53, 11839, 15360, 60.81, 990
2026/07/13 05:20:39.807, 100, 38, 11839, 15360, 65.18, 1050
2026/07/13 05:20:40.830, 100, 55, 11839, 15360, 71.72, 765
2026/07/13 05:20:41.839, 100, 41, 11839, 15360, 64.26, 1035
2026/07/13 05:20:42.851, 100, 54, 11839, 15360, 65.38, 1050
2026/07/13 05:20:43.858, 100, 42, 11839, 15360, 67.10, 1020
2026/07/13 05:20:44.866, 100, 54, 11839, 15360, 66.57, 1005
2026/07/13 05:20:45.881, 100, 42, 11839, 15360, 67.30, 975
2026/07/13 05:20:46.892, 100, 56, 11839, 15360, 65.44, 1020
2026/07/13 05:20:47.901, 100, 40, 11839, 15360, 67.20, 1035
2026/07/13 05:20:48.912, 100, 54, 11839, 15360, 66.81, 1020
2026/07/13 05:20:49.922, 100, 40, 11839, 15360, 66.32, 1035
2026/07/13 05:20:50.932, 100, 56, 11839, 15360, 66.67, 1020
2026/07/13 05:20:51.944, 100, 40, 11839, 15360, 64.75, 1050
2026/07/13 05:20:52.973, 94, 59, 11839, 15360, 66.51, 1020
2026/07/13 05:20:53.989, 100, 36, 11839, 15360, 65.57, 1035
2026/07/13 05:20:55.018, 94, 57, 11839, 15360, 66.02, 1035
2026/07/13 05:20:56.037, 100, 36, 11839, 15360, 65.40, 1035
2026/07/13 05:20:57.052, 100, 57, 11839, 15360, 67.69, 1035
2026/07/13 05:20:58.062, 100, 41, 11839, 15360, 68.08, 1020
2026/07/13 05:20:59.071, 96, 58, 11839, 15360, 66.91, 1050
2026/07/13 05:21:00.085, 100, 38, 11839, 15360, 66.32, 1020
2026/07/13 05:21:01.106, 96, 53, 11839, 15360, 70.00, 1035
2026/07/13 05:21:02.123, 100, 35, 11839, 15360, 63.65, 1020
2026/07/13 05:21:03.131, 100, 47, 11839, 15360, 63.51, 1245
2026/07/13 05:21:04.142, 100, 32, 11839, 15360, 67.20, 885
2026/07/13 05:21:05.152, 100, 41, 11839, 15360, 64.55, 990
2026/07/13 05:21:06.161, 100, 44, 11839, 15360, 68.63, 690
2026/07/13 05:21:07.171, 100, 41, 11839, 15360, 64.46, 1020
2026/07/13 05:21:08.197, 100, 49, 11839, 15360, 68.33, 795
2026/07/13 05:21:09.206, 100, 38, 11839, 15360, 67.00, 1020
2026/07/13 05:21:10.222, 100, 45, 11839, 15360, 66.51, 990
2026/07/13 05:21:11.232, 100, 38, 11839, 15360, 64.73, 1020
2026/07/13 05:21:12.241, 100, 53, 11839, 15360, 72.94, 750
2026/07/13 05:21:13.250, 100, 40, 11839, 15360, 65.67, 1035
2026/07/13 05:21:14.260, 100, 56, 11839, 15360, 65.24, 1035
2026/07/13 05:21:15.268, 100, 41, 11839, 15360, 65.24, 990
2026/07/13 05:21:16.278, 100, 54, 11839, 15360, 66.36, 1020
2026/07/13 05:21:17.289, 100, 42, 11839, 15360, 67.63, 1035
2026/07/13 05:21:18.300, 100, 54, 11839, 15360, 66.12, 1050
2026/07/13 05:21:19.309, 100, 40, 11839, 15360, 65.97, 1035
2026/07/13 05:21:20.318, 100, 56, 11839, 15360, 67.44, 1020
2026/07/13 05:21:21.343, 100, 42, 11839, 15360, 69.26, 1035
2026/07/13 05:21:22.381, 100, 55, 11839, 15360, 67.04, 1035
2026/07/13 05:21:23.407, 100, 41, 11839, 15360, 67.30, 1020
2026/07/13 05:21:24.422, 100, 55, 11839, 15360, 65.28, 1020
2026/07/13 05:21:25.433, 100, 39, 11839, 15360, 66.81, 1020
2026/07/13 05:21:26.441, 96, 62, 11839, 15360, 65.93, 1035
2026/07/13 05:21:27.449, 100, 36, 11839, 15360, 64.46, 1035
2026/07/13 05:21:28.457, 96, 58, 11839, 15360, 66.22, 1020
2026/07/13 05:21:29.466, 100, 36, 11839, 15360, 65.48, 990
2026/07/13 05:21:30.478, 96, 50, 11839, 15360, 68.08, 1050
2026/07/13 05:21:31.486, 100, 29, 11839, 15360, 64.63, 1005
2026/07/13 05:21:32.497, 100, 41, 11839, 15360, 74.90, 1095
2026/07/13 05:21:33.512, 100, 44, 11839, 15360, 61.04, 1005
2026/07/13 05:21:34.528, 100, 41, 11839, 15360, 63.51, 1065
2026/07/13 05:21:35.563, 100, 45, 11839, 15360, 67.89, 855
2026/07/13 05:21:36.608, 100, 39, 11839, 15360, 66.51, 1035
2026/07/13 05:21:37.641, 100, 38, 11839, 15360, 67.79, 690
2026/07/13 05:21:38.657, 100, 41, 11839, 15360, 65.34, 1005
2026/07/13 05:21:39.666, 100, 42, 11839, 15360, 70.29, 810
2026/07/13 05:21:40.676, 100, 41, 11839, 15360, 65.93, 1005
2026/07/13 05:21:41.684, 100, 49, 11839, 15360, 73.92, 885
2026/07/13 05:21:42.695, 100, 40, 11839, 15360, 67.69, 1050
2026/07/13 05:21:43.706, 100, 44, 11839, 15360, 66.81, 765
2026/07/13 05:21:44.717, 100, 38, 11839, 15360, 62.24, 1005
2026/07/13 05:21:45.728, 100, 53, 11839, 15360, 75.19, 840
2026/07/13 05:21:46.738, 100, 41, 11839, 15360, 65.63, 1035
2026/07/13 05:21:47.752, 100, 56, 11839, 15360, 65.34, 1050
2026/07/13 05:21:48.773, 100, 42, 11839, 15360, 65.04, 1020
2026/07/13 05:21:49.785, 100, 54, 11839, 15360, 67.06, 1035
2026/07/13 05:21:50.795, 100, 41, 11839, 15360, 65.89, 1035
2026/07/13 05:21:51.807, 100, 56, 11839, 15360, 63.97, 1035
2026/07/13 05:21:52.816, 100, 39, 11839, 15360, 65.28, 1020
2026/07/13 05:21:53.823, 100, 55, 11839, 15360, 65.24, 1035
2026/07/13 05:21:54.833, 100, 41, 11839, 15360, 67.20, 990
2026/07/13 05:21:55.841, 100, 54, 11839, 15360, 66.16, 1050
2026/07/13 05:21:56.852, 100, 41, 11839, 15360, 64.85, 1020
2026/07/13 05:21:57.860, 100, 58, 11839, 15360, 67.55, 1050
2026/07/13 05:21:58.869, 100, 41, 11839, 15360, 68.57, 1035
2026/07/13 05:21:59.880, 96, 58, 11839, 15360, 67.14, 1035
2026/07/13 05:22:00.890, 100, 37, 11839, 15360, 67.98, 1020
2026/07/13 05:22:01.903, 93, 52, 11839, 15360, 73.14, 1050
2026/07/13 05:22:02.919, 100, 33, 11839, 15360, 62.34, 1035
2026/07/13 05:22:03.946, 100, 46, 11839, 15360, 63.12, 1035
2026/07/13 05:22:04.996, 100, 38, 11839, 15360, 65.48, 1035
2026/07/13 05:22:06.024, 100, 41, 11839, 15360, 61.49, 1230
2026/07/13 05:22:07.032, 100, 43, 11839, 15360, 57.15, 855
2026/07/13 05:22:08.041, 100, 41, 11839, 15360, 65.89, 990
2026/07/13 05:22:09.050, 100, 49, 11839, 15360, 70.10, 675
2026/07/13 05:22:10.060, 100, 38, 11839, 15360, 67.98, 1005
2026/07/13 05:22:11.068, 100, 45, 11839, 15360, 69.16, 795
2026/07/13 05:22:12.077, 100, 39, 11839, 15360, 64.79, 1020
2026/07/13 05:22:13.085, 100, 53, 11839, 15360, 58.39, 990
2026/07/13 05:22:14.095, 100, 40, 11839, 15360, 66.51, 1020
2026/07/13 05:22:15.105, 100, 56, 11839, 15360, 69.70, 750
2026/07/13 05:22:16.115, 100, 41, 11839, 15360, 66.36, 1020
2026/07/13 05:22:17.139, 100, 54, 11839, 15360, 67.24, 1035
2026/07/13 05:22:18.165, 100, 41, 11839, 15360, 65.67, 1035
2026/07/13 05:22:19.194, 100, 54, 11839, 15360, 67.14, 1020
2026/07/13 05:22:20.209, 100, 42, 11839, 15360, 64.59, 1020
2026/07/13 05:22:21.219, 100, 56, 11839, 15360, 65.67, 1050
2026/07/13 05:22:22.231, 100, 40, 11839, 15360, 65.97, 1020
2026/07/13 05:22:23.239, 100, 55, 11839, 15360, 67.89, 1020
2026/07/13 05:22:24.246, 100, 40, 11839, 15360, 65.67, 990
2026/07/13 05:22:25.257, 100, 54, 11839, 15360, 65.97, 1035
2026/07/13 05:22:26.267, 100, 41, 11839, 15360, 66.91, 1035
2026/07/13 05:22:27.275, 96, 60, 11839, 15360, 64.26, 1035
2026/07/13 05:22:28.283, 100, 37, 11839, 15360, 65.08, 1020
2026/07/13 05:22:29.291, 96, 53, 11839, 15360, 66.51, 1050
2026/07/13 05:22:30.302, 100, 35, 11839, 15360, 67.00, 1020
2026/07/13 05:22:31.319, 100, 48, 11839, 15360, 65.44, 1035
2026/07/13 05:22:32.346, 100, 37, 11839, 15360, 65.57, 1020
2026/07/13 05:22:33.354, 94, 58, 11839, 15360, 64.63, 1005
2026/07/13 05:22:34.370, 100, 37, 11839, 15360, 65.04, 990
2026/07/13 05:22:35.378, 96, 51, 11839, 15360, 75.43, 1125
2026/07/13 05:22:36.389, 100, 32, 11839, 15360, 59.37, 975
2026/07/13 05:22:37.399, 100, 38, 11839, 15360, 64.89, 1035
2026/07/13 05:22:38.408, 100, 44, 11839, 15360, 66.81, 690
2026/07/13 05:22:39.417, 100, 38, 11839, 15360, 64.67, 990
2026/07/13 05:22:40.430, 100, 43, 11839, 15360, 65.18, 825
2026/07/13 05:22:41.440, 100, 41, 11839, 15360, 64.99, 1020
2026/07/13 05:22:42.452, 100, 53, 11839, 15360, 65.38, 1005
2026/07/13 05:22:43.459, 100, 41, 11839, 15360, 64.46, 1005
2026/07/13 05:22:44.471, 100, 47, 11839, 15360, 66.42, 750
2026/07/13 05:22:45.482, 100, 38, 11839, 15360, 65.38, 1020
2026/07/13 05:22:46.493, 100, 54, 11839, 15360, 64.69, 1035
2026/07/13 05:22:47.503, 100, 41, 11839, 15360, 65.28, 1035
2026/07/13 05:22:48.515, 100, 55, 11839, 15360, 68.53, 1020
2026/07/13 05:22:49.525, 100, 41, 11839, 15360, 64.69, 1050
2026/07/13 05:22:50.533, 100, 54, 11839, 15360, 66.12, 1050
2026/07/13 05:22:51.544, 100, 38, 11839, 15360, 67.89, 1020
2026/07/13 05:22:52.555, 100, 54, 11839, 15360, 66.16, 1020
2026/07/13 05:22:53.565, 100, 41, 11839, 15360, 60.90, 1005
2026/07/13 05:22:54.577, 100, 55, 11839, 15360, 66.32, 1005
2026/07/13 05:22:55.587, 100, 41, 11839, 15360, 65.28, 1035
2026/07/13 05:22:56.597, 100, 56, 11839, 15360, 68.81, 990
2026/07/13 05:22:57.612, 100, 38, 11839, 15360, 65.24, 1035
2026/07/13 05:22:58.621, 96, 62, 11839, 15360, 64.14, 1020
2026/07/13 05:22:59.637, 100, 37, 11839, 15360, 64.93, 1020
2026/07/13 05:23:00.651, 93, 53, 11839, 15360, 70.24, 1005
2026/07/13 05:23:01.681, 100, 35, 11839, 15360, 63.97, 1020
2026/07/13 05:23:02.707, 100, 46, 11839, 15360, 64.99, 1035
2026/07/13 05:23:03.723, 100, 33, 11839, 15360, 56.10, 1035
2026/07/13 05:23:04.733, 100, 40, 11839, 15360, 65.38, 1050
2026/07/13 05:23:05.748, 100, 43, 11839, 15360, 70.29, 660
2026/07/13 05:23:06.758, 100, 41, 11839, 15360, 67.00, 1035
2026/07/13 05:23:07.766, 100, 48, 11839, 15360, 71.96, 765
2026/07/13 05:23:08.775, 100, 38, 11839, 15360, 67.98, 1020
2026/07/13 05:23:09.784, 100, 45, 11839, 15360, 66.22, 930
2026/07/13 05:23:10.794, 100, 39, 11839, 15360, 65.87, 1035
2026/07/13 05:23:11.802, 100, 53, 11839, 15360, 73.28, 765
2026/07/13 05:23:12.817, 100, 41, 11839, 15360, 65.57, 1035
2026/07/13 05:23:13.835, 100, 56, 11839, 15360, 66.71, 735
2026/07/13 05:23:14.857, 100, 41, 11839, 15360, 67.49, 1020
2026/07/13 05:23:15.887, 100, 56, 11839, 15360, 66.32, 1050
2026/07/13 05:23:16.902, 100, 39, 11839, 15360, 65.97, 1050
2026/07/13 05:23:17.918, 100, 54, 11839, 15360, 66.22, 1035
2026/07/13 05:23:18.927, 100, 39, 11839, 15360, 66.91, 1020
2026/07/13 05:23:19.939, 100, 55, 11839, 15360, 66.61, 1035
2026/07/13 05:23:20.950, 100, 41, 11839, 15360, 66.65, 1020
2026/07/13 05:23:21.961, 100, 54, 11839, 15360, 65.61, 1035
2026/07/13 05:23:22.969, 100, 41, 11839, 15360, 64.40, 1035
2026/07/13 05:23:23.977, 100, 58, 11839, 15360, 66.61, 1050
2026/07/13 05:23:24.989, 100, 40, 11839, 15360, 65.97, 1005
2026/07/13 05:23:25.996, 96, 58, 11839, 15360, 66.12, 1035
2026/07/13 05:23:27.006, 100, 35, 11839, 15360, 67.00, 1035
2026/07/13 05:23:28.024, 94, 53, 11839, 15360, 65.38, 1035
2026/07/13 05:23:29.049, 100, 31, 11839, 15360, 66.85, 1035
2026/07/13 05:23:30.076, 100, 41, 11839, 15360, 68.28, 1005
2026/07/13 05:23:31.094, 100, 36, 11839, 15360, 63.51, 1020
2026/07/13 05:23:32.105, 96, 58, 11839, 15360, 63.85, 1020
2026/07/13 05:23:33.115, 100, 35, 11839, 15360, 58.59, 1035
2026/07/13 05:23:34.126, 98, 49, 11839, 15360, 64.59, 1245
2026/07/13 05:23:35.142, 100, 30, 11839, 15360, 55.87, 870
2026/07/13 05:23:36.152, 100, 40, 11839, 15360, 65.87, 990
2026/07/13 05:23:37.161, 100, 44, 11839, 15360, 68.38, 690
2026/07/13 05:23:38.170, 100, 39, 11839, 15360, 64.83, 1035
2026/07/13 05:23:39.179, 100, 46, 11839, 15360, 68.18, 795
2026/07/13 05:23:40.188, 100, 41, 11839, 15360, 66.56, 1050
2026/07/13 05:23:41.201, 100, 48, 11839, 15360, 57.25, 1020
2026/07/13 05:23:42.226, 100, 42, 11839, 15360, 64.63, 1020
2026/07/13 05:23:43.243, 100, 50, 11839, 15360, 69.16, 765
2026/07/13 05:23:44.286, 100, 41, 11839, 15360, 66.26, 1020
2026/07/13 05:23:45.307, 100, 56, 11839, 15360, 66.16, 750
2026/07/13 05:23:46.317, 100, 41, 11839, 15360, 66.56, 990
2026/07/13 05:23:47.327, 100, 54, 11839, 15360, 65.52, 1035
2026/07/13 05:23:48.341, 100, 39, 11839, 15360, 66.93, 1035
2026/07/13 05:23:49.349, 100, 56, 11839, 15360, 67.14, 1020
2026/07/13 05:23:50.358, 100, 38, 11839, 15360, 65.18, 1020
2026/07/13 05:23:51.386, 100, 56, 11839, 15360, 66.16, 1035
2026/07/13 05:23:52.407, 100, 38, 11839, 15360, 65.48, 1020
2026/07/13 05:23:53.431, 100, 56, 11839, 15360, 66.36, 1020
2026/07/13 05:23:54.442, 100, 38, 11839, 15360, 65.81, 1005
2026/07/13 05:23:55.458, 100, 54, 11839, 15360, 68.81, 1020
2026/07/13 05:23:56.502, 100, 38, 11839, 15360, 65.52, 1035
2026/07/13 05:23:57.529, 93, 55, 11839, 15360, 66.46, 1005
2026/07/13 05:23:58.576, 100, 41, 11839, 15360, 65.71, 1035
2026/07/13 05:23:59.609, 100, 55, 11839, 15360, 66.30, 1020
2026/07/13 05:24:00.621, 100, 41, 11839, 15360, 67.14, 1005
2026/07/13 05:24:01.629, 100, 54, 11839, 15360, 65.12, 1020
2026/07/13 05:24:02.636, 100, 41, 11839, 15360, 66.85, 1050
2026/07/13 05:24:03.645, 96, 62, 11839, 15360, 66.26, 1035
2026/07/13 05:24:04.654, 100, 38, 11839, 15360, 66.79, 990
2026/07/13 05:24:05.663, 96, 55, 11839, 15360, 67.04, 1020
2026/07/13 05:24:06.674, 100, 35, 11839, 15360, 64.83, 1035
2026/07/13 05:24:07.683, 96, 52, 11839, 15360, 69.61, 1050
2026/07/13 05:24:08.692, 100, 29, 11839, 15360, 60.78, 1050
2026/07/13 05:24:09.703, 100, 41, 11839, 15360, 65.07, 1215
2026/07/13 05:24:10.732, 100, 45, 11839, 15360, 67.79, 705
2026/07/13 05:24:11.744, 100, 40, 11839, 15360, 66.30, 1020
2026/07/13 05:24:12.767, 100, 46, 11839, 15360, 67.73, 690
2026/07/13 05:24:13.778, 100, 41, 11839, 15360, 64.93, 1020
2026/07/13 05:24:14.788, 100, 48, 11839, 15360, 57.64, 855
2026/07/13 05:24:15.797, 100, 41, 11839, 15360, 65.04, 1050
2026/07/13 05:24:16.810, 100, 50, 11839, 15360, 67.49, 975
2026/07/13 05:24:17.831, 100, 41, 11839, 15360, 65.03, 1020
2026/07/13 05:24:18.841, 100, 56, 11839, 15360, 66.11, 750
2026/07/13 05:24:19.850, 100, 41, 11839, 15360, 65.32, 990
2026/07/13 05:24:20.861, 100, 54, 11839, 15360, 66.26, 1050
2026/07/13 05:24:21.870, 100, 38, 11839, 15360, 66.26, 1035
2026/07/13 05:24:22.881, 100, 55, 11839, 15360, 64.99, 1050
2026/07/13 05:24:23.893, 100, 41, 11839, 15360, 64.99, 1035
2026/07/13 05:24:24.906, 100, 54, 11839, 15360, 66.16, 990
2026/07/13 05:24:25.957, 100, 38, 11839, 15360, 65.67, 1020
2026/07/13 05:24:26.982, 100, 55, 11839, 15360, 66.42, 1020
2026/07/13 05:24:28.019, 100, 40, 11839, 15360, 65.57, 1050
2026/07/13 05:24:29.028, 100, 55, 11839, 15360, 65.67, 990
2026/07/13 05:24:30.039, 100, 41, 11839, 15360, 63.65, 1020
2026/07/13 05:24:31.049, 96, 62, 11839, 15360, 64.14, 1035
2026/07/13 05:24:32.057, 100, 38, 11839, 15360, 65.81, 1020
2026/07/13 05:24:33.067, 96, 53, 11839, 15360, 66.36, 1020
2026/07/13 05:24:34.083, 100, 39, 11839, 15360, 67.49, 1005
2026/07/13 05:24:35.094, 96, 56, 11839, 15360, 64.50, 1050
2026/07/13 05:24:36.102, 100, 36, 11839, 15360, 66.11, 1050
2026/07/13 05:24:37.110, 96, 58, 11839, 15360, 71.07, 990
2026/07/13 05:24:38.120, 100, 38, 11839, 15360, 62.51, 1005
2026/07/13 05:24:39.146, 94, 50, 11839, 15360, 73.67, 1020
2026/07/13 05:24:40.185, 100, 31, 11839, 15360, 62.51, 1020
2026/07/13 05:24:41.209, 100, 39, 11839, 15360, 63.65, 1260
2026/07/13 05:24:42.231, 100, 44, 11839, 15360, 67.69, 960
2026/07/13 05:24:43.245, 100, 40, 11839, 15360, 65.87, 1035
2026/07/13 05:24:44.257, 100, 41, 11839, 15360, 70.68, 690
2026/07/13 05:24:45.266, 100, 41, 11839, 15360, 66.56, 1020
2026/07/13 05:24:46.279, 100, 52, 11839, 15360, 70.14, 870
2026/07/13 05:24:47.288, 100, 41, 11839, 15360, 67.89, 1035
2026/07/13 05:24:48.298, 100, 46, 11839, 15360, 66.46, 945
2026/07/13 05:24:49.307, 100, 41, 11839, 15360, 64.44, 1035
2026/07/13 05:24:50.316, 100, 54, 11839, 15360, 73.77, 750
2026/07/13 05:24:51.325, 100, 38, 11839, 15360, 66.16, 1005
2026/07/13 05:24:52.334, 100, 56, 11839, 15360, 66.91, 1035
2026/07/13 05:24:53.346, 100, 38, 11839, 15360, 66.61, 1005
2026/07/13 05:24:54.374, 100, 55, 11839, 15360, 64.63, 1035
2026/07/13 05:24:55.390, 100, 41, 11839, 15360, 65.32, 990
2026/07/13 05:24:56.415, 100, 56, 11839, 15360, 65.97, 1050
2026/07/13 05:24:57.427, 100, 39, 11839, 15360, 64.79, 1005
2026/07/13 05:24:58.441, 100, 55, 11839, 15360, 64.63, 1035
2026/07/13 05:24:59.452, 100, 41, 11839, 15360, 65.71, 1035
2026/07/13 05:25:00.463, 100, 55, 11839, 15360, 66.06, 1035
2026/07/13 05:25:01.472, 100, 40, 11839, 15360, 66.01, 1020
2026/07/13 05:25:02.490, 96, 62, 11839, 15360, 65.71, 1005
2026/07/13 05:25:03.508, 100, 37, 11839, 15360, 64.79, 1050
2026/07/13 05:25:04.519, 96, 57, 11839, 15360, 67.14, 1035
2026/07/13 05:25:05.530, 100, 37, 11839, 15360, 67.00, 1005
2026/07/13 05:25:06.540, 100, 49, 11839, 15360, 64.34, 1020
2026/07/13 05:25:07.565, 100, 33, 11839, 15360, 65.12, 1035
2026/07/13 05:25:08.583, 100, 39, 11839, 15360, 72.79, 1005
2026/07/13 05:25:09.607, 100, 43, 11839, 15360, 58.52, 1035
2026/07/13 05:25:10.620, 100, 38, 11839, 15360, 65.28, 1215
2026/07/13 05:25:11.635, 100, 52, 11839, 15360, 67.98, 855
2026/07/13 05:25:12.649, 100, 41, 11839, 15360, 64.73, 1020
2026/07/13 05:25:13.659, 100, 44, 11839, 15360, 68.28, 690
2026/07/13 05:25:14.669, 100, 38, 11839, 15360, 64.04, 1020
2026/07/13 05:25:15.682, 100, 45, 11839, 15360, 59.11, 825
2026/07/13 05:25:16.691, 100, 39, 11839, 15360, 64.63, 1035
2026/07/13 05:25:17.702, 100, 48, 11839, 15360, 69.55, 975
2026/07/13 05:25:18.724, 100, 41, 11839, 15360, 64.40, 1020
2026/07/13 05:25:19.735, 100, 50, 11839, 15360, 65.18, 750
2026/07/13 05:25:20.744, 100, 41, 11839, 15360, 64.89, 1050
2026/07/13 05:25:21.765, 100, 54, 11839, 15360, 66.30, 1020
2026/07/13 05:25:22.779, 100, 40, 11839, 15360, 67.34, 1035
2026/07/13 05:25:23.792, 100, 55, 11839, 15360, 65.73, 1035
2026/07/13 05:25:24.806, 100, 41, 11839, 15360, 67.04, 1035
2026/07/13 05:25:25.818, 100, 54, 11839, 15360, 66.91, 1035
2026/07/13 05:25:26.831, 100, 41, 11839, 15360, 65.83, 1005
2026/07/13 05:25:27.842, 100, 55, 11839, 15360, 66.75, 1020
2026/07/13 05:25:28.850, 100, 40, 11839, 15360, 65.38, 1020
2026/07/13 05:25:29.860, 100, 54, 11839, 15360, 65.18, 1050
2026/07/13 05:25:30.872, 100, 39, 11839, 15360, 65.77, 1020
2026/07/13 05:25:31.880, 100, 55, 11839, 15360, 65.57, 1020
2026/07/13 05:25:32.890, 100, 41, 11839, 15360, 64.73, 1005
2026/07/13 05:25:33.905, 96, 61, 11839, 15360, 66.22, 1035
2026/07/13 05:25:34.917, 100, 37, 11839, 15360, 65.34, 1035
2026/07/13 05:25:35.929, 94, 54, 11839, 15360, 65.98, 1035
2026/07/13 05:25:36.944, 100, 36, 11839, 15360, 64.79, 1050
2026/07/13 05:25:37.964, 100, 49, 11839, 15360, 65.73, 1035
2026/07/13 05:25:38.998, 100, 32, 11839, 15360, 56.40, 1035
2026/07/13 05:25:40.008, 100, 39, 11839, 15360, 66.36, 1170
2026/07/13 05:25:41.016, 100, 44, 11839, 15360, 67.98, 930
2026/07/13 05:25:42.028, 100, 41, 11839, 15360, 67.00, 1035
2026/07/13 05:25:43.040, 100, 47, 11839, 15360, 65.38, 690
2026/07/13 05:25:44.049, 100, 42, 11839, 15360, 65.61, 1035
2026/07/13 05:25:45.061, 100, 48, 11839, 15360, 63.12, 825
2026/07/13 05:25:46.070, 100, 41, 11839, 15360, 66.16, 1035
2026/07/13 05:25:47.083, 100, 50, 11839, 15360, 66.71, 885
2026/07/13 05:25:48.100, 100, 42, 11839, 15360, 65.04, 1035
2026/07/13 05:25:49.110, 100, 54, 11839, 15360, 62.77, 780
2026/07/13 05:25:50.129, 100, 41, 11839, 15360, 65.04, 1050
2026/07/13 05:25:51.149, 100, 55, 11839, 15360, 71.03, 765
2026/07/13 05:25:52.159, 100, 41, 11839, 15360, 66.95, 1005
2026/07/13 05:25:53.177, 100, 54, 11839, 15360, 65.73, 990
2026/07/13 05:25:54.198, 100, 40, 11839, 15360, 65.67, 1020
2026/07/13 05:25:55.209, 100, 56, 11839, 15360, 66.71, 1035
2026/07/13 05:25:56.218, 100, 39, 11839, 15360, 66.40, 1020
2026/07/13 05:25:57.228, 100, 55, 11839, 15360, 66.12, 1050
2026/07/13 05:25:58.239, 100, 39, 11839, 15360, 66.22, 1020
2026/07/13 05:25:59.250, 100, 54, 11839, 15360, 66.02, 1020
2026/07/13 05:26:00.259, 100, 39, 11839, 15360, 67.59, 1005
2026/07/13 05:26:01.270, 96, 55, 11839, 15360, 66.46, 1020
2026/07/13 05:26:02.277, 100, 37, 11839, 15360, 64.85, 1020
2026/07/13 05:26:03.288, 94, 60, 11839, 15360, 65.18, 1035
2026/07/13 05:26:04.305, 100, 36, 11839, 15360, 65.97, 1035
2026/07/13 05:26:05.318, 94, 53, 11839, 15360, 65.73, 1020
2026/07/13 05:26:06.335, 100, 33, 11839, 15360, 64.69, 1005
2026/07/13 05:26:07.354, 100, 41, 11839, 15360, 67.20, 1035
2026/07/13 05:26:08.365, 100, 41, 11839, 15360, 66.36, 1020
2026/07/13 05:26:09.376, 100, 40, 11839, 15360, 72.01, 1020
2026/07/13 05:26:10.390, 100, 36, 11839, 15360, 59.73, 1020
2026/07/13 05:26:11.404, 96, 51, 11839, 15360, 65.57, 1155
2026/07/13 05:26:12.413, 100, 29, 11839, 15360, 67.00, 945
2026/07/13 05:26:13.425, 100, 41, 11839, 15360, 66.06, 1020
2026/07/13 05:26:14.433, 100, 43, 11839, 15360, 66.61, 720
2026/07/13 05:26:15.444, 100, 39, 11839, 15360, 64.50, 1035
2026/07/13 05:26:16.454, 100, 45, 11839, 15360, 57.70, 825
2026/07/13 05:26:17.463, 100, 41, 11839, 15360, 65.48, 1020
2026/07/13 05:26:18.491, 100, 44, 11839, 15360, 70.49, 930
2026/07/13 05:26:19.508, 100, 41, 11839, 15360, 67.24, 1005
2026/07/13 05:26:20.539, 100, 53, 11839, 15360, 67.30, 750
2026/07/13 05:26:21.549, 100, 38, 11839, 15360, 64.40, 1035
2026/07/13 05:26:22.558, 100, 55, 11839, 15360, 65.04, 1035
2026/07/13 05:26:23.567, 100, 41, 11839, 15360, 64.99, 1020
2026/07/13 05:26:24.574, 100, 56, 11839, 15360, 65.34, 1035
2026/07/13 05:26:25.584, 100, 40, 11839, 15360, 68.82, 1035
2026/07/13 05:26:26.592, 100, 56, 11839, 15360, 64.16, 1020
2026/07/13 05:26:27.600, 100, 41, 11839, 15360, 65.32, 1020
2026/07/13 05:26:28.607, 100, 55, 11839, 15360, 65.18, 1020
2026/07/13 05:26:29.616, 100, 38, 11839, 15360, 63.71, 1020
2026/07/13 05:26:30.625, 100, 55, 11839, 15360, 64.71, 1035
2026/07/13 05:26:31.635, 100, 41, 11839, 15360, 64.54, 1020
2026/07/13 05:26:32.644, 94, 59, 11839, 15360, 66.32, 1035
2026/07/13 05:26:33.678, 100, 36, 11839, 15360, 66.11, 1005
2026/07/13 05:26:34.705, 93, 53, 11839, 15360, 66.61, 1020
2026/07/13 05:26:35.719, 100, 32, 11839, 15360, 66.95, 1020
2026/07/13 05:26:36.727, 100, 43, 11839, 15360, 56.62, 1050
2026/07/13 05:26:37.736, 100, 37, 11839, 15360, 57.21, 1035
2026/07/13 05:26:38.747, 100, 40, 11839, 15360, 66.22, 1050
2026/07/13 05:26:39.762, 100, 41, 11839, 15360, 69.61, 660
2026/07/13 05:26:40.772, 100, 39, 11839, 15360, 63.87, 1020
2026/07/13 05:26:41.781, 100, 52, 11839, 15360, 67.10, 765
2026/07/13 05:26:42.795, 100, 41, 11839, 15360, 64.89, 1020
2026/07/13 05:26:43.805, 100, 48, 11839, 15360, 64.10, 930
2026/07/13 05:26:44.817, 100, 38, 11839, 15360, 65.04, 1020
2026/07/13 05:26:45.836, 100, 54, 11839, 15360, 73.48, 750
2026/07/13 05:26:46.846, 100, 41, 11839, 15360, 68.08, 1020
2026/07/13 05:26:47.880, 100, 54, 11839, 15360, 73.67, 735
2026/07/13 05:26:48.914, 100, 39, 11839, 15360, 66.02, 1020
2026/07/13 05:26:49.923, 100, 54, 11839, 15360, 65.63, 1035
2026/07/13 05:26:50.934, 100, 41, 11839, 15360, 66.30, 1035
2026/07/13 05:26:51.944, 100, 56, 11839, 15360, 67.20, 1020
2026/07/13 05:26:52.956, 100, 38, 11839, 15360, 64.46, 1020
2026/07/13 05:26:53.966, 100, 56, 11839, 15360, 66.61, 1035
2026/07/13 05:26:54.974, 100, 41, 11839, 15360, 66.47, 1050
2026/07/13 05:26:55.983, 100, 55, 11839, 15360, 67.30, 1035
2026/07/13 05:26:56.994, 100, 41, 11839, 15360, 66.85, 1050
2026/07/13 05:26:58.005, 96, 58, 11839, 15360, 66.81, 1050
2026/07/13 05:26:59.017, 100, 37, 11839, 15360, 64.99, 1020
2026/07/13 05:27:00.028, 94, 53, 11839, 15360, 65.93, 1050
2026/07/13 05:27:01.050, 100, 41, 11839, 15360, 65.53, 1035
2026/07/13 05:27:02.084, 94, 61, 11839, 15360, 65.08, 1050
2026/07/13 05:27:03.105, 100, 38, 11839, 15360, 66.56, 1005
2026/07/13 05:27:04.121, 96, 55, 11839, 15360, 65.44, 1050
2026/07/13 05:27:05.133, 100, 35, 11839, 15360, 66.51, 1050
2026/07/13 05:27:06.143, 96, 51, 11839, 15360, 69.80, 1020
2026/07/13 05:27:07.154, 100, 29, 11839, 15360, 64.79, 1005
2026/07/13 05:27:08.166, 100, 42, 11839, 15360, 64.69, 1080
2026/07/13 05:27:09.179, 100, 43, 11839, 15360, 63.22, 705
2026/07/13 05:27:10.188, 100, 41, 11839, 15360, 65.44, 1035
2026/07/13 05:27:11.202, 100, 45, 11839, 15360, 70.29, 705
2026/07/13 05:27:12.212, 100, 41, 11839, 15360, 65.18, 1020
2026/07/13 05:27:13.221, 100, 56, 11839, 15360, 70.68, 810
2026/07/13 05:27:14.232, 100, 40, 11839, 15360, 64.00, 1020
2026/07/13 05:27:15.255, 100, 47, 11839, 15360, 63.12, 945
2026/07/13 05:27:16.276, 100, 38, 11839, 15360, 65.87, 1050
2026/07/13 05:27:17.305, 100, 56, 11839, 15360, 72.01, 765
2026/07/13 05:27:18.315, 100, 41, 11839, 15360, 66.06, 1035
2026/07/13 05:27:19.332, 100, 56, 11839, 15360, 64.75, 1020
2026/07/13 05:27:20.349, 100, 39, 11839, 15360, 65.63, 1035
2026/07/13 05:27:21.364, 100, 55, 11839, 15360, 63.67, 1050
2026/07/13 05:27:22.375, 100, 41, 11839, 15360, 65.73, 1020
2026/07/13 05:27:23.383, 100, 54, 11839, 15360, 65.28, 1050
2026/07/13 05:27:24.394, 100, 38, 11839, 15360, 65.63, 1065
2026/07/13 05:27:25.401, 100, 54, 11839, 15360, 65.28, 1050
2026/07/13 05:27:26.413, 100, 40, 11839, 15360, 64.50, 1050
2026/07/13 05:27:27.421, 100, 56, 11839, 15360, 65.14, 1020
2026/07/13 05:27:28.431, 100, 40, 11839, 15360, 65.38, 1035
2026/07/13 05:27:29.445, 100, 56, 11839, 15360, 66.22, 1050
2026/07/13 05:27:30.477, 100, 41, 11839, 15360, 66.02, 1035
2026/07/13 05:27:31.504, 96, 60, 11839, 15360, 64.59, 1020
2026/07/13 05:27:32.512, 100, 37, 11839, 15360, 64.20, 1035
2026/07/13 05:27:33.520, 96, 54, 11839, 15360, 67.20, 1050
2026/07/13 05:27:34.528, 100, 33, 11839, 15360, 64.95, 990
2026/07/13 05:27:35.537, 100, 43, 11839, 15360, 63.77, 1005
2026/07/13 05:27:36.545, 100, 39, 11839, 15360, 65.97, 1020
2026/07/13 05:27:37.556, 100, 41, 11839, 15360, 69.65, 1080
2026/07/13 05:27:38.568, 100, 43, 11839, 15360, 60.71, 1005
2026/07/13 05:27:39.580, 100, 38, 11839, 15360, 66.26, 1050
2026/07/13 05:27:40.604, 100, 52, 11839, 15360, 67.10, 690
2026/07/13 05:27:41.616, 100, 41, 11839, 15360, 65.53, 1020
2026/07/13 05:27:42.651, 100, 44, 11839, 15360, 65.08, 690
2026/07/13 05:27:43.661, 100, 40, 11839, 15360, 65.28, 1050
2026/07/13 05:27:44.679, 100, 45, 11839, 15360, 58.10, 840
2026/07/13 05:27:45.702, 100, 41, 11839, 15360, 63.42, 1020
2026/07/13 05:27:46.712, 100, 46, 11839, 15360, 67.30, 960
2026/07/13 05:27:47.722, 100, 41, 11839, 15360, 63.81, 1005
2026/07/13 05:27:48.732, 100, 53, 11839, 15360, 65.93, 735
2026/07/13 05:27:49.740, 100, 38, 11839, 15360, 65.30, 1020
2026/07/13 05:27:50.749, 100, 55, 11839, 15360, 66.81, 1020
2026/07/13 05:27:51.757, 100, 42, 11839, 15360, 66.12, 1020
2026/07/13 05:27:52.766, 100, 54, 11839, 15360, 67.16, 1020
2026/07/13 05:27:53.776, 100, 41, 11839, 15360, 66.61, 1020
2026/07/13 05:27:54.802, 100, 54, 11839, 15360, 65.73, 1020
2026/07/13 05:27:55.834, 100, 40, 11839, 15360, 66.06, 1035
2026/07/13 05:27:56.846, 100, 54, 11839, 15360, 66.81, 1020
2026/07/13 05:27:57.859, 100, 41, 11839, 15360, 66.32, 1035
2026/07/13 05:27:58.879, 100, 55, 11839, 15360, 64.85, 1050
2026/07/13 05:27:59.893, 100, 38, 11839, 15360, 65.08, 1020
2026/07/13 05:28:00.902, 96, 58, 11839, 15360, 65.97, 1050
2026/07/13 05:28:01.911, 100, 37, 11839, 15360, 65.04, 1050
2026/07/13 05:28:02.920, 96, 58, 11839, 15360, 64.99, 1035
2026/07/13 05:28:03.928, 100, 37, 11839, 15360, 64.79, 1050
2026/07/13 05:28:04.935, 96, 51, 11839, 15360, 67.79, 1005
2026/07/13 05:28:05.945, 100, 29, 11839, 15360, 64.40, 975
2026/07/13 05:28:06.953, 100, 41, 11839, 15360, 64.10, 1140
2026/07/13 05:28:07.966, 100, 43, 11839, 15360, 66.91, 930
2026/07/13 05:28:08.979, 100, 38, 11839, 15360, 64.34, 1005
2026/07/13 05:28:09.987, 100, 46, 11839, 15360, 67.30, 660
2026/07/13 05:28:11.013, 100, 41, 11839, 15360, 64.79, 1035
2026/07/13 05:28:12.032, 100, 45, 11839, 15360, 62.87, 825
2026/07/13 05:28:13.054, 100, 40, 11839, 15360, 65.04, 1020
2026/07/13 05:28:14.068, 100, 54, 11839, 15360, 67.40, 1005
2026/07/13 05:28:15.077, 100, 41, 11839, 15360, 62.83, 1035
2026/07/13 05:28:16.086, 100, 54, 11839, 15360, 66.22, 735
2026/07/13 05:28:17.094, 100, 41, 11839, 15360, 65.87, 1005
2026/07/13 05:28:18.107, 100, 56, 11839, 15360, 65.34, 1020
2026/07/13 05:28:19.116, 100, 39, 11839, 15360, 66.91, 1020
2026/07/13 05:28:20.132, 100, 54, 11839, 15360, 66.42, 1035
2026/07/13 05:28:21.144, 100, 41, 11839, 15360, 66.02, 1035
2026/07/13 05:28:22.151, 100, 55, 11839, 15360, 66.26, 1035
2026/07/13 05:28:23.162, 100, 41, 11839, 15360, 64.89, 990
2026/07/13 05:28:24.173, 100, 55, 11839, 15360, 66.02, 1035
2026/07/13 05:28:25.184, 100, 39, 11839, 15360, 65.18, 1005
2026/07/13 05:28:26.198, 94, 56, 11839, 15360, 65.67, 1035
2026/07/13 05:28:27.210, 100, 36, 11839, 15360, 66.12, 1035
2026/07/13 05:28:28.222, 96, 58, 11839, 15360, 67.49, 1035
2026/07/13 05:28:29.230, 100, 37, 11839, 15360, 65.73, 990
2026/07/13 05:28:30.239, 96, 51, 11839, 15360, 65.67, 1020
2026/07/13 05:28:31.248, 100, 31, 11839, 15360, 65.93, 1035
2026/07/13 05:28:32.259, 100, 39, 11839, 15360, 53.35, 1020
2026/07/13 05:28:33.270, 100, 43, 11839, 15360, 55.48, 1035
2026/07/13 05:28:34.280, 100, 41, 11839, 15360, 66.28, 1245
2026/07/13 05:28:35.290, 100, 44, 11839, 15360, 70.00, 840
2026/07/13 05:28:36.299, 100, 38, 11839, 15360, 66.02, 1020
2026/07/13 05:28:37.309, 100, 48, 11839, 15360, 69.12, 705
2026/07/13 05:28:38.319, 100, 41, 11839, 15360, 66.91, 990
2026/07/13 05:28:39.347, 100, 50, 11839, 15360, 67.79, 780
2026/07/13 05:28:40.366, 100, 40, 11839, 15360, 65.77, 1035
2026/07/13 05:28:41.405, 100, 52, 11839, 15360, 62.57, 930
2026/07/13 05:28:42.427, 100, 41, 11839, 15360, 64.85, 1020
2026/07/13 05:28:43.444, 100, 47, 11839, 15360, 72.01, 750
2026/07/13 05:28:44.453, 100, 38, 11839, 15360, 66.71, 1035
2026/07/13 05:28:45.460, 100, 54, 11839, 15360, 65.04, 1020
2026/07/13 05:28:46.468, 100, 41, 11839, 15360, 65.14, 1035
2026/07/13 05:28:47.483, 100, 54, 11839, 15360, 65.77, 1035
2026/07/13 05:28:48.493, 100, 39, 11839, 15360, 66.02, 1035
2026/07/13 05:28:49.501, 100, 55, 11839, 15360, 65.97, 1035
2026/07/13 05:28:50.510, 100, 41, 11839, 15360, 66.42, 1020
2026/07/13 05:28:51.518, 100, 55, 11839, 15360, 68.18, 1035
2026/07/13 05:28:52.526, 100, 39, 11839, 15360, 65.48, 990
2026/07/13 05:28:53.540, 100, 56, 11839, 15360, 65.89, 1020
2026/07/13 05:28:54.553, 100, 41, 11839, 15360, 66.42, 1020
2026/07/13 05:28:55.567, 100, 58, 11839, 15360, 66.71, 1035
2026/07/13 05:28:56.587, 100, 40, 11839, 15360, 65.87, 1005
2026/07/13 05:28:57.596, 96, 59, 11839, 15360, 67.20, 1050
2026/07/13 05:28:58.607, 100, 35, 11839, 15360, 65.04, 1020
2026/07/13 05:28:59.615, 96, 53, 11839, 15360, 51.51, 990
2026/07/13 05:29:00.625, 100, 32, 11839, 15360, 67.45, 1035
2026/07/13 05:29:01.636, 100, 39, 11839, 15360, 65.48, 1305
2026/07/13 05:29:02.647, 100, 32, 14911, 15360, 65.04, 1020
2026/07/13 05:29:03.657, 100, 32, 14911, 15360, 67.20, 780
2026/07/13 05:29:04.666, 100, 31, 8243, 15360, 67.83, 1005
2026/07/13 05:29:05.675, 100, 31, 8243, 15360, 64.79, 1020
2026/07/13 05:29:06.684, 100, 32, 8243, 15360, 66.12, 1020
2026/07/13 05:29:07.707, 100, 29, 8243, 15360, 64.50, 1020
2026/07/13 05:29:08.724, 100, 32, 8243, 15360, 65.08, 1020
2026/07/13 05:29:09.747, 100, 28, 8243, 15360, 65.83, 1020
2026/07/13 05:29:10.776, 100, 31, 8243, 15360, 64.69, 1035
2026/07/13 05:29:11.787, 100, 29, 8243, 15360, 67.93, 990
2026/07/13 05:29:12.796, 98, 48, 8243, 15360, 64.30, 1020
2026/07/13 05:29:13.812, 100, 32, 8243, 15360, 66.26, 1035
2026/07/13 05:29:14.821, 98, 47, 8243, 15360, 68.24, 1035
2026/07/13 05:29:15.831, 100, 32, 8243, 15360, 65.08, 1020
2026/07/13 05:29:16.841, 100, 32, 8243, 15360, 61.89, 1035
2026/07/13 05:29:17.855, 100, 31, 8243, 15360, 64.34, 1020
2026/07/13 05:29:18.866, 100, 32, 8243, 15360, 67.20, 885
2026/07/13 05:29:19.884, 100, 28, 8243, 15360, 66.61, 1035
2026/07/13 05:29:20.897, 100, 33, 8243, 15360, 67.20, 780
2026/07/13 05:29:21.912, 100, 32, 8243, 15360, 67.14, 1020
2026/07/13 05:29:22.934, 100, 31, 8243, 15360, 67.10, 780
2026/07/13 05:29:23.957, 100, 31, 8243, 15360, 65.28, 1020
2026/07/13 05:29:24.974, 100, 32, 8243, 15360, 66.71, 780
2026/07/13 05:29:25.983, 100, 32, 8243, 15360, 64.10, 1020
2026/07/13 05:29:26.991, 100, 30, 8243, 15360, 66.32, 765
2026/07/13 05:29:28.000, 0, 0, 8243, 15360, 42.14, 1590
2026/07/13 05:29:29.012, 0, 0, 8243, 15360, 41.95, 1590
2026/07/13 05:29:30.018, 0, 0, 8243, 15360, 31.47, 585
2026/07/13 05:29:31.027, 100, 34, 8243, 15360, 65.67, 1065
2026/07/13 05:29:32.049, 100, 26, 8243, 15360, 65.48, 1005
2026/07/13 05:29:33.070, 100, 33, 8243, 15360, 65.08, 1065
2026/07/13 05:29:34.078, 100, 33, 14387, 15360, 63.46, 1050
2026/07/13 05:29:35.087, 100, 28, 14387, 15360, 67.10, 990
2026/07/13 05:29:36.107, 100, 33, 14387, 15360, 65.08, 975
2026/07/13 05:29:37.136, 100, 28, 14387, 15360, 67.20, 810
2026/07/13 05:29:38.157, 100, 33, 14387, 15360, 67.30, 810
2026/07/13 05:29:39.175, 100, 33, 14389, 15360, 63.95, 1035
2026/07/13 05:29:40.186, 100, 32, 14389, 15360, 62.28, 1035
2026/07/13 05:29:41.199, 100, 33, 14389, 15360, 66.91, 1020
2026/07/13 05:29:42.209, 100, 33, 14389, 15360, 65.08, 930
2026/07/13 05:29:43.224, 100, 33, 14389, 15360, 64.99, 1065
2026/07/13 05:29:44.232, 100, 33, 14389, 15360, 65.28, 1050
2026/07/13 05:29:45.240, 97, 28, 14147, 15360, 65.63, 780
2026/07/13 05:29:46.249, 100, 32, 14147, 15360, 67.30, 780
2026/07/13 05:29:47.258, 4, 2, 14149, 15360, 42.51, 1515
2026/07/13 05:29:48.266, 58, 25, 14155, 15360, 70.00, 1020
2026/07/13 05:29:49.274, 100, 28, 14155, 15360, 63.32, 1050
2026/07/13 05:29:50.293, 100, 36, 14155, 15360, 64.40, 1080
2026/07/13 05:29:51.305, 100, 37, 14155, 15360, 64.50, 960
2026/07/13 05:29:52.331, 100, 28, 14155, 15360, 66.81, 1035
2026/07/13 05:29:53.355, 98, 74, 14157, 15360, 74.07, 1155
2026/07/13 05:29:54.365, 73, 23, 14189, 15360, 65.57, 1065
2026/07/13 05:29:55.374, 50, 21, 14189, 15360, 62.44, 1560
2026/07/13 05:29:56.381, 58, 27, 14189, 15360, 65.41, 1575
2026/07/13 05:29:57.389, 64, 33, 14189, 15360, 67.40, 1530
2026/07/13 05:29:58.396, 61, 34, 14189, 15360, 65.79, 1455
2026/07/13 05:29:59.404, 20, 3, 14189, 15360, 47.15, 1590
2026/07/13 05:30:00.411, 20, 4, 14189, 15360, 37.46, 975
2026/07/13 05:30:01.419, 34, 4, 14189, 15360, 35.28, 900
2026/07/13 05:30:02.428, 36, 4, 14189, 15360, 34.12, 855
2026/07/13 05:30:03.440, 0, 0, 14189, 15360, 31.67, 585
2026/07/13 05:30:04.452, 0, 0, 14189, 15360, 31.57, 585
2026/07/13 05:30:05.474, 0, 0, 14189, 15360, 31.47, 585
2026/07/13 05:30:06.493, 0, 0, 14189, 15360, 31.37, 585
2026/07/13 05:30:07.501, 14, 1, 14189, 15360, 31.77, 585
2026/07/13 05:30:08.509, 77, 26, 14189, 15360, 67.89, 750
2026/07/13 05:30:09.518, 100, 64, 8003, 15360, 65.38, 1005
2026/07/13 05:30:10.529, 100, 38, 11763, 15360, 69.02, 1020
2026/07/13 05:30:11.536, 96, 57, 11839, 15360, 66.61, 1035
2026/07/13 05:30:12.545, 100, 39, 11839, 15360, 63.32, 1035
2026/07/13 05:30:13.556, 96, 52, 11839, 15360, 50.30, 1050
2026/07/13 05:30:14.566, 100, 32, 11839, 15360, 56.00, 1020
2026/07/13 05:30:15.576, 100, 41, 11839, 15360, 65.57, 1200
2026/07/13 05:30:16.585, 100, 41, 11839, 15360, 68.18, 915
2026/07/13 05:30:17.600, 100, 40, 11839, 15360, 67.10, 1020
2026/07/13 05:30:18.612, 100, 42, 11839, 15360, 66.91, 675
2026/07/13 05:30:19.622, 100, 39, 11839, 15360, 64.55, 1020
2026/07/13 05:30:20.643, 100, 52, 11839, 15360, 66.22, 810
2026/07/13 05:30:21.653, 100, 39, 11839, 15360, 65.53, 1020
2026/07/13 05:30:22.664, 100, 49, 11839, 15360, 57.80, 855
2026/07/13 05:30:23.683, 100, 41, 11839, 15360, 66.61, 1020
2026/07/13 05:30:24.692, 100, 54, 11839, 15360, 74.02, 840
2026/07/13 05:30:25.702, 100, 41, 11839, 15360, 65.97, 990
2026/07/13 05:30:26.711, 100, 54, 11839, 15360, 64.75, 1005
2026/07/13 05:30:27.718, 100, 41, 11839, 15360, 66.46, 990
2026/07/13 05:30:28.726, 100, 54, 11839, 15360, 67.63, 990
2026/07/13 05:30:29.736, 100, 41, 11839, 15360, 64.36, 975
2026/07/13 05:30:30.751, 100, 54, 11839, 15360, 66.91, 990
2026/07/13 05:30:31.762, 100, 38, 11839, 15360, 66.61, 1035
2026/07/13 05:30:32.780, 94, 59, 11839, 15360, 65.73, 990
2026/07/13 05:30:33.803, 100, 36, 11839, 15360, 66.36, 990
2026/07/13 05:30:34.817, 96, 53, 11839, 15360, 66.06, 990
2026/07/13 05:30:35.830, 100, 30, 11839, 15360, 68.47, 990
2026/07/13 05:30:36.840, 100, 41, 11839, 15360, 54.69, 1155
2026/07/13 05:30:37.852, 100, 42, 11839, 15360, 66.42, 840
2026/07/13 05:30:38.862, 100, 38, 11839, 15360, 67.00, 1005
2026/07/13 05:30:39.871, 100, 52, 11839, 15360, 65.73, 750
2026/07/13 05:30:40.883, 100, 40, 11839, 15360, 65.34, 1020
2026/07/13 05:30:41.896, 100, 48, 11839, 15360, 57.80, 990
2026/07/13 05:30:42.905, 100, 42, 11839, 15360, 67.89, 1020
2026/07/13 05:30:43.915, 100, 55, 11839, 15360, 70.29, 720
2026/07/13 05:30:44.924, 100, 38, 11839, 15360, 69.51, 1020
2026/07/13 05:30:45.944, 100, 54, 11839, 15360, 67.00, 1050
2026/07/13 05:30:46.962, 100, 41, 11839, 15360, 64.99, 1020
2026/07/13 05:30:47.975, 100, 54, 11839, 15360, 66.51, 1035
2026/07/13 05:30:48.984, 100, 41, 11839, 15360, 65.28, 1035
2026/07/13 05:30:49.993, 100, 54, 11839, 15360, 64.30, 1020
2026/07/13 05:30:51.000, 100, 39, 11839, 15360, 65.83, 1035
2026/07/13 05:30:52.008, 100, 54, 11839, 15360, 65.63, 1020
2026/07/13 05:30:53.020, 100, 41, 11839, 15360, 65.73, 1020
2026/07/13 05:30:54.029, 96, 60, 11839, 15360, 65.38, 1020
2026/07/13 05:30:55.039, 100, 38, 11839, 15360, 65.63, 1020
2026/07/13 05:30:56.050, 96, 56, 11839, 15360, 65.57, 1020
2026/07/13 05:30:57.057, 100, 35, 11839, 15360, 67.98, 1020
2026/07/13 05:30:58.066, 96, 50, 11839, 15360, 64.65, 1050
2026/07/13 05:30:59.078, 100, 30, 11839, 15360, 66.32, 1035
2026/07/13 05:31:00.086, 100, 41, 11839, 15360, 64.63, 1035
2026/07/13 05:31:01.101, 100, 44, 11839, 15360, 56.59, 1020
2026/07/13 05:31:02.128, 100, 41, 11839, 15360, 66.26, 1155
2026/07/13 05:31:03.164, 100, 44, 11839, 15360, 62.18, 975
2026/07/13 05:31:04.176, 100, 41, 11839, 15360, 63.81, 1080
2026/07/13 05:31:05.199, 100, 56, 11839, 15360, 67.49, 690
2026/07/13 05:31:06.208, 100, 42, 11839, 15360, 65.08, 990
2026/07/13 05:31:07.220, 100, 48, 11839, 15360, 70.93, 705
2026/07/13 05:31:08.230, 100, 41, 11839, 15360, 65.24, 1050
2026/07/13 05:31:09.240, 100, 45, 11839, 15360, 70.10, 795
2026/07/13 05:31:10.250, 100, 42, 11839, 15360, 67.69, 1020
2026/07/13 05:31:11.258, 100, 52, 11839, 15360, 57.44, 1035
2026/07/13 05:31:12.267, 100, 38, 11839, 15360, 65.34, 1035
2026/07/13 05:31:13.276, 100, 54, 11839, 15360, 66.61, 765
2026/07/13 05:31:14.285, 100, 41, 11839, 15360, 67.04, 1035
2026/07/13 05:31:15.305, 100, 53, 11839, 15360, 66.71, 765
2026/07/13 05:31:16.320, 100, 38, 11839, 15360, 64.59, 990
2026/07/13 05:31:17.335, 100, 54, 11839, 15360, 65.28, 1035
2026/07/13 05:31:18.342, 100, 38, 11839, 15360, 64.95, 1020
2026/07/13 05:31:19.350, 100, 55, 11839, 15360, 66.32, 1035
2026/07/13 05:31:20.358, 100, 41, 11839, 15360, 65.93, 1050
2026/07/13 05:31:21.365, 100, 54, 11839, 15360, 64.46, 1035
2026/07/13 05:31:22.373, 100, 39, 11839, 15360, 66.51, 1035
2026/07/13 05:31:23.383, 100, 56, 11839, 15360, 65.63, 1035
2026/07/13 05:31:24.394, 100, 40, 11839, 15360, 66.42, 1050
2026/07/13 05:31:25.402, 100, 56, 11839, 15360, 65.93, 1050
2026/07/13 05:31:26.414, 100, 41, 11839, 15360, 66.32, 1020
2026/07/13 05:31:27.422, 100, 55, 11839, 15360, 67.20, 1035
2026/07/13 05:31:28.440, 100, 38, 11839, 15360, 66.30, 1035
2026/07/13 05:31:29.454, 93, 54, 11839, 15360, 65.14, 1005
2026/07/13 05:31:30.491, 100, 36, 11839, 15360, 66.61, 1035
2026/07/13 05:31:31.528, 96, 58, 11839, 15360, 66.42, 1035
2026/07/13 05:31:32.540, 100, 38, 11839, 15360, 64.46, 1020
2026/07/13 05:31:33.553, 96, 51, 11839, 15360, 67.94, 1050
2026/07/13 05:31:34.563, 100, 32, 11839, 15360, 67.00, 1020
2026/07/13 05:31:35.574, 100, 38, 11839, 15360, 70.54, 1095
2026/07/13 05:31:36.583, 100, 45, 11839, 15360, 60.51, 930
2026/07/13 05:31:37.592, 100, 41, 11839, 15360, 66.51, 990
2026/07/13 05:31:38.604, 100, 45, 11839, 15360, 67.30, 675
2026/07/13 05:31:39.614, 100, 40, 11839, 15360, 64.40, 1035
2026/07/13 05:31:40.623, 100, 49, 11839, 15360, 66.22, 825
2026/07/13 05:31:41.632, 100, 41, 11839, 15360, 65.18, 1020
2026/07/13 05:31:42.655, 100, 52, 11839, 15360, 58.00, 1005
2026/07/13 05:31:43.664, 100, 38, 11839, 15360, 64.54, 1035
2026/07/13 05:31:44.685, 100, 56, 11839, 15360, 74.70, 750
2026/07/13 05:31:45.697, 100, 41, 11839, 15360, 64.95, 1020
2026/07/13 05:31:46.708, 100, 54, 11839, 15360, 67.59, 1020
2026/07/13 05:31:47.720, 100, 39, 11839, 15360, 65.08, 1035
2026/07/13 05:31:48.735, 100, 54, 11839, 15360, 67.04, 1035
2026/07/13 05:31:49.748, 100, 41, 11839, 15360, 67.98, 990
2026/07/13 05:31:50.761, 100, 54, 11839, 15360, 65.77, 1020
2026/07/13 05:31:51.771, 100, 38, 11839, 15360, 67.26, 1005
2026/07/13 05:31:52.781, 100, 54, 11839, 15360, 66.51, 1035
2026/07/13 05:31:53.789, 100, 41, 11839, 15360, 64.69, 990
2026/07/13 05:31:54.802, 96, 62, 11839, 15360, 66.95, 990
2026/07/13 05:31:55.814, 100, 36, 11839, 15360, 64.69, 1020
2026/07/13 05:31:56.825, 94, 55, 11839, 15360, 63.97, 1035
2026/07/13 05:31:57.838, 100, 33, 11839, 15360, 65.24, 1020
2026/07/13 05:31:58.852, 100, 45, 11839, 15360, 71.57, 990
2026/07/13 05:31:59.877, 100, 39, 11839, 15360, 61.00, 1050
2026/07/13 05:32:00.888, 100, 39, 11839, 15360, 63.22, 1095
2026/07/13 05:32:01.900, 100, 42, 11839, 15360, 66.51, 990
2026/07/13 05:32:02.910, 100, 40, 11839, 15360, 66.71, 1050
2026/07/13 05:32:03.934, 100, 52, 11839, 15360, 67.94, 675
2026/07/13 05:32:04.943, 100, 42, 11839, 15360, 64.99, 1035
2026/07/13 05:32:05.951, 100, 46, 11839, 15360, 71.81, 750
2026/07/13 05:32:06.960, 100, 41, 11839, 15360, 65.93, 1035
2026/07/13 05:32:07.969, 100, 54, 11839, 15360, 66.51, 840
2026/07/13 05:32:08.979, 100, 39, 11839, 15360, 65.04, 1020
2026/07/13 05:32:09.991, 100, 54, 11839, 15360, 65.63, 750
2026/07/13 05:32:11.001, 100, 41, 11839, 15360, 66.16, 1020
2026/07/13 05:32:12.033, 100, 53, 11839, 15360, 73.92, 825
2026/07/13 05:32:13.042, 100, 40, 11839, 15360, 64.65, 1005
2026/07/13 05:32:14.068, 100, 56, 11839, 15360, 65.14, 1020
2026/07/13 05:32:15.078, 100, 41, 11839, 15360, 64.50, 1035
2026/07/13 05:32:16.087, 100, 55, 11839, 15360, 66.81, 1035
2026/07/13 05:32:17.098, 100, 42, 11839, 15360, 64.28, 1035
2026/07/13 05:32:18.109, 100, 55, 11839, 15360, 64.00, 1020
2026/07/13 05:32:19.118, 100, 41, 11839, 15360, 63.71, 1020
2026/07/13 05:32:20.132, 100, 54, 11839, 15360, 67.59, 1035
2026/07/13 05:32:21.145, 100, 40, 11839, 15360, 66.22, 1020
2026/07/13 05:32:22.157, 100, 54, 11839, 15360, 67.49, 1035
2026/07/13 05:32:23.172, 100, 38, 11839, 15360, 66.36, 1035
2026/07/13 05:32:24.182, 100, 56, 11839, 15360, 66.02, 1050
2026/07/13 05:32:25.218, 100, 41, 11839, 15360, 67.04, 1035
2026/07/13 05:32:26.243, 94, 62, 11839, 15360, 65.63, 1035
2026/07/13 05:32:27.270, 100, 37, 11839, 15360, 64.99, 1035
2026/07/13 05:32:28.281, 96, 54, 11839, 15360, 66.71, 1035
2026/07/13 05:32:29.292, 100, 37, 11839, 15360, 64.89, 1035
2026/07/13 05:32:30.301, 97, 50, 11839, 15360, 65.34, 1020
2026/07/13 05:32:31.310, 100, 29, 11839, 15360, 64.16, 1020
2026/07/13 05:32:32.320, 100, 41, 11839, 15360, 65.93, 1110
2026/07/13 05:32:33.330, 100, 44, 11839, 15360, 61.30, 1005
2026/07/13 05:32:34.341, 100, 41, 11839, 15360, 64.55, 1035
2026/07/13 05:32:35.360, 100, 44, 11839, 15360, 66.91, 690
2026/07/13 05:32:36.369, 100, 41, 11839, 15360, 64.89, 1005
2026/07/13 05:32:37.379, 100, 55, 11839, 15360, 64.79, 780
2026/07/13 05:32:38.388, 100, 40, 11839, 15360, 65.87, 1020
2026/07/13 05:32:39.417, 100, 47, 11839, 15360, 67.59, 765
2026/07/13 05:32:40.439, 100, 40, 11839, 15360, 65.83, 1020
2026/07/13 05:32:41.463, 100, 54, 11839, 15360, 66.71, 1005
2026/07/13 05:32:42.479, 100, 41, 11839, 15360, 66.71, 1035
2026/07/13 05:32:43.492, 100, 55, 11839, 15360, 66.91, 765
2026/07/13 05:32:44.501, 100, 41, 11839, 15360, 66.71, 1020
2026/07/13 05:32:45.512, 100, 56, 11839, 15360, 66.16, 1005
2026/07/13 05:32:46.523, 100, 41, 11839, 15360, 67.10, 1020
2026/07/13 05:32:47.532, 100, 54, 11839, 15360, 67.00, 1035
2026/07/13 05:32:48.542, 100, 40, 11839, 15360, 63.61, 1050
2026/07/13 05:32:49.554, 100, 55, 11839, 15360, 66.02, 1050
2026/07/13 05:32:50.565, 100, 41, 11839, 15360, 66.42, 1020
2026/07/13 05:32:51.574, 100, 55, 11839, 15360, 65.67, 1035
2026/07/13 05:32:52.587, 100, 40, 11839, 15360, 65.67, 1020
2026/07/13 05:32:53.600, 94, 54, 11839, 15360, 66.22, 1020
2026/07/13 05:32:54.613, 100, 36, 11839, 15360, 65.93, 1005
2026/07/13 05:32:55.626, 94, 59, 11839, 15360, 65.34, 1020
2026/07/13 05:32:56.635, 100, 36, 11839, 15360, 65.83, 1005
2026/07/13 05:32:57.645, 96, 54, 11839, 15360, 65.38, 1035
2026/07/13 05:32:58.653, 100, 32, 11839, 15360, 65.93, 1020
2026/07/13 05:32:59.663, 100, 44, 11839, 15360, 67.65, 1050
2026/07/13 05:33:00.674, 100, 37, 11839, 15360, 65.87, 1020
2026/07/13 05:33:01.685, 100, 41, 11839, 15360, 53.18, 1020
2026/07/13 05:33:02.696, 100, 43, 11839, 15360, 55.51, 1035
2026/07/13 05:33:03.707, 100, 41, 11839, 15360, 64.26, 1230
2026/07/13 05:33:04.715, 100, 50, 11839, 15360, 69.61, 870
2026/07/13 05:33:05.728, 100, 40, 11839, 15360, 65.38, 990
2026/07/13 05:33:06.739, 100, 45, 11839, 15360, 67.98, 690
2026/07/13 05:33:07.767, 100, 42, 11839, 15360, 66.12, 1050
2026/07/13 05:33:08.795, 100, 44, 11839, 15360, 65.73, 825
2026/07/13 05:33:09.805, 100, 41, 11839, 15360, 67.63, 1035
2026/07/13 05:33:10.823, 100, 55, 11839, 15360, 58.88, 780
2026/07/13 05:33:11.833, 100, 41, 11839, 15360, 65.73, 1050
2026/07/13 05:33:12.843, 100, 48, 11839, 15360, 66.61, 855
2026/07/13 05:33:13.860, 100, 40, 11839, 15360, 65.44, 1005
2026/07/13 05:33:14.869, 100, 56, 11839, 15360, 64.65, 765
2026/07/13 05:33:15.878, 100, 40, 11839, 15360, 68.63, 1020
2026/07/13 05:33:16.887, 100, 54, 11839, 15360, 66.71, 1035
2026/07/13 05:33:17.896, 100, 42, 11839, 15360, 67.00, 1035
2026/07/13 05:33:18.904, 100, 56, 11839, 15360, 66.86, 1005
2026/07/13 05:33:19.916, 100, 42, 11839, 15360, 64.89, 1035
2026/07/13 05:33:20.930, 100, 55, 11839, 15360, 65.93, 1050
2026/07/13 05:33:21.945, 100, 41, 11839, 15360, 65.38, 1020
2026/07/13 05:33:22.971, 100, 55, 11839, 15360, 65.73, 1020
2026/07/13 05:33:24.001, 100, 40, 11839, 15360, 65.38, 1050
2026/07/13 05:33:25.018, 100, 55, 11839, 15360, 66.32, 1050
2026/07/13 05:33:26.027, 100, 38, 11839, 15360, 64.79, 1020
2026/07/13 05:33:27.037, 96, 57, 11839, 15360, 64.73, 1035
2026/07/13 05:33:28.055, 100, 37, 11839, 15360, 67.59, 1035
2026/07/13 05:33:29.068, 96, 61, 11839, 15360, 65.18, 1020
2026/07/13 05:33:30.078, 100, 36, 11839, 15360, 65.18, 1020
2026/07/13 05:33:31.091, 96, 53, 11839, 15360, 66.61, 1020
2026/07/13 05:33:32.103, 100, 32, 11839, 15360, 67.14, 1035
2026/07/13 05:33:33.111, 100, 40, 11839, 15360, 67.94, 1035
2026/07/13 05:33:34.121, 100, 43, 11839, 15360, 62.53, 1050
2026/07/13 05:33:35.140, 100, 39, 11839, 15360, 64.10, 1110
2026/07/13 05:33:36.177, 100, 42, 11839, 15360, 67.40, 1035
2026/07/13 05:33:37.215, 98, 48, 11839, 15360, 54.04, 1215
2026/07/13 05:33:38.242, 100, 30, 11839, 15360, 55.58, 885
2026/07/13 05:33:39.253, 100, 38, 11839, 15360, 63.77, 1020
2026/07/13 05:33:40.260, 100, 44, 11839, 15360, 69.41, 690
2026/07/13 05:33:41.270, 100, 41, 11839, 15360, 66.71, 1020
2026/07/13 05:33:42.278, 100, 48, 11839, 15360, 70.00, 795
2026/07/13 05:33:43.287, 100, 41, 11839, 15360, 66.42, 1020
2026/07/13 05:33:44.301, 100, 43, 11839, 15360, 65.28, 870
2026/07/13 05:33:45.320, 100, 39, 11839, 15360, 65.57, 1020
2026/07/13 05:33:46.332, 100, 52, 11839, 15360, 73.53, 765
2026/07/13 05:33:47.341, 100, 41, 11839, 15360, 65.57, 1035
2026/07/13 05:33:48.356, 100, 54, 11839, 15360, 65.28, 1035
2026/07/13 05:33:49.372, 100, 38, 11839, 15360, 65.59, 1020
2026/07/13 05:33:50.391, 100, 55, 11839, 15360, 65.77, 1035
2026/07/13 05:33:51.406, 100, 41, 11839, 15360, 65.28, 1035
2026/07/13 05:33:52.418, 100, 54, 11839, 15360, 66.38, 1050
2026/07/13 05:33:53.427, 100, 41, 11839, 15360, 64.59, 1050
2026/07/13 05:33:54.439, 100, 54, 11839, 15360, 66.56, 1005
2026/07/13 05:33:55.449, 100, 41, 11839, 15360, 66.75, 1035
2026/07/13 05:33:56.464, 100, 55, 11839, 15360, 66.81, 1035
2026/07/13 05:33:57.475, 100, 39, 11839, 15360, 65.14, 1035
2026/07/13 05:33:58.488, 96, 59, 11839, 15360, 67.94, 1035
2026/07/13 05:33:59.496, 100, 37, 11839, 15360, 65.14, 1020
2026/07/13 05:34:00.506, 96, 57, 11839, 15360, 66.16, 1035
2026/07/13 05:34:01.519, 100, 38, 11839, 15360, 65.28, 1035
2026/07/13 05:34:02.531, 94, 50, 11839, 15360, 68.14, 990
2026/07/13 05:34:03.554, 100, 28, 11839, 15360, 58.59, 1035
2026/07/13 05:34:04.577, 100, 42, 11839, 15360, 80.42, 990
2026/07/13 05:34:05.617, 100, 44, 11839, 15360, 62.04, 1020
2026/07/13 05:34:06.633, 100, 40, 11839, 15360, 64.50, 1035
2026/07/13 05:34:07.647, 100, 45, 11839, 15360, 66.61, 675
2026/07/13 05:34:08.656, 100, 40, 11839, 15360, 66.91, 1035
2026/07/13 05:34:09.664, 100, 48, 11839, 15360, 64.50, 765
2026/07/13 05:34:10.674, 100, 41, 11839, 15360, 65.57, 1005
2026/07/13 05:34:11.682, 100, 50, 11839, 15360, 60.61, 900
2026/07/13 05:34:12.691, 100, 39, 11839, 15360, 65.04, 1020
2026/07/13 05:34:13.705, 100, 54, 11839, 15360, 67.49, 750
2026/07/13 05:34:14.714, 100, 39, 11839, 15360, 64.99, 1035
2026/07/13 05:34:15.721, 100, 54, 11839, 15360, 66.46, 1020
2026/07/13 05:34:16.734, 100, 41, 11839, 15360, 64.40, 1035
2026/07/13 05:34:17.747, 100, 54, 11839, 15360, 65.57, 1020
2026/07/13 05:34:18.758, 100, 40, 11839, 15360, 66.56, 1035
2026/07/13 05:34:19.772, 100, 54, 11839, 15360, 66.96, 1020
2026/07/13 05:34:20.791, 100, 41, 11839, 15360, 65.18, 1020
2026/07/13 05:34:21.800, 100, 54, 11839, 15360, 65.34, 1035
2026/07/13 05:34:22.810, 100, 38, 11839, 15360, 65.34, 1020
2026/07/13 05:34:23.819, 96, 57, 11839, 15360, 65.73, 1020
2026/07/13 05:34:24.826, 100, 37, 11839, 15360, 66.86, 1020
2026/07/13 05:34:25.836, 93, 57, 11839, 15360, 67.63, 1020
2026/07/13 05:34:26.844, 100, 37, 11839, 15360, 66.91, 1035
2026/07/13 05:34:27.852, 96, 50, 11839, 15360, 65.48, 1035
2026/07/13 05:34:28.865, 100, 29, 11839, 15360, 64.79, 1035
2026/07/13 05:34:29.874, 100, 41, 11839, 15360, 72.21, 1020
2026/07/13 05:34:30.886, 100, 45, 11839, 15360, 61.20, 1020
2026/07/13 05:34:31.905, 100, 38, 11839, 15360, 63.61, 1245
2026/07/13 05:34:32.940, 100, 47, 11839, 15360, 67.10, 1020
2026/07/13 05:34:33.970, 100, 41, 11839, 15360, 63.75, 1035
2026/07/13 05:34:35.002, 100, 45, 11839, 15360, 66.91, 720
2026/07/13 05:34:36.018, 100, 41, 11839, 15360, 66.26, 1020
2026/07/13 05:34:37.027, 100, 44, 11839, 15360, 63.32, 750
2026/07/13 05:34:38.037, 100, 41, 11839, 15360, 66.36, 1035
2026/07/13 05:34:39.047, 100, 56, 11839, 15360, 64.79, 795
2026/07/13 05:34:40.058, 100, 39, 11839, 15360, 65.04, 1005
2026/07/13 05:34:41.066, 100, 48, 11839, 15360, 66.51, 765
2026/07/13 05:34:42.083, 100, 40, 11839, 15360, 67.79, 1035
2026/07/13 05:34:43.091, 100, 54, 11839, 15360, 66.22, 825
2026/07/13 05:34:44.100, 100, 41, 11839, 15360, 66.51, 1035
2026/07/13 05:34:45.112, 100, 55, 11839, 15360, 65.04, 1005
2026/07/13 05:34:46.126, 100, 39, 11839, 15360, 64.75, 1035
2026/07/13 05:34:47.145, 100, 56, 11839, 15360, 65.34, 1035
2026/07/13 05:34:48.175, 100, 40, 11839, 15360, 66.95, 1005
2026/07/13 05:34:49.202, 100, 55, 11839, 15360, 66.46, 1005
2026/07/13 05:34:50.212, 100, 39, 11839, 15360, 67.83, 990
2026/07/13 05:34:51.223, 100, 56, 11839, 15360, 66.71, 1050
2026/07/13 05:34:52.233, 100, 40, 11839, 15360, 63.61, 1005
2026/07/13 05:34:53.244, 100, 55, 11839, 15360, 64.50, 990
2026/07/13 05:34:54.252, 100, 41, 11839, 15360, 66.85, 1050
2026/07/13 05:34:55.264, 96, 58, 11839, 15360, 67.30, 1035
2026/07/13 05:34:56.275, 100, 37, 11839, 15360, 64.40, 990
2026/07/13 05:34:57.284, 96, 55, 11839, 15360, 66.22, 1020
2026/07/13 05:34:58.293, 100, 33, 11839, 15360, 65.04, 1035
2026/07/13 05:34:59.308, 100, 41, 11839, 15360, 69.16, 1050
2026/07/13 05:35:00.331, 100, 42, 11839, 15360, 64.65, 1035
2026/07/13 05:35:01.349, 100, 38, 11839, 15360, 57.90, 1080
2026/07/13 05:35:02.388, 100, 42, 11839, 15360, 55.48, 960
2026/07/13 05:35:03.397, 100, 41, 11839, 15360, 61.55, 1020
2026/07/13 05:35:04.407, 100, 52, 11839, 15360, 71.23, 690
2026/07/13 05:35:05.415, 100, 41, 11839, 15360, 66.12, 1035
2026/07/13 05:35:06.423, 100, 48, 11839, 15360, 68.28, 900
2026/07/13 05:35:07.437, 100, 41, 11839, 15360, 66.71, 1020
2026/07/13 05:35:08.446, 100, 54, 11839, 15360, 60.90, 990
2026/07/13 05:35:09.455, 100, 38, 11839, 15360, 63.97, 1035
2026/07/13 05:35:10.469, 100, 56, 11839, 15360, 71.42, 750
2026/07/13 05:35:11.480, 100, 41, 11839, 15360, 65.34, 1035
2026/07/13 05:35:12.499, 100, 56, 11839, 15360, 65.59, 1020
2026/07/13 05:35:13.511, 100, 41, 11839, 15360, 65.87, 990
2026/07/13 05:35:14.523, 100, 56, 11839, 15360, 65.34, 1005
2026/07/13 05:35:15.539, 100, 38, 11839, 15360, 66.91, 1035
2026/07/13 05:35:16.568, 100, 54, 11839, 15360, 65.53, 1050
2026/07/13 05:35:17.580, 100, 41, 11839, 15360, 64.89, 1020
2026/07/13 05:35:18.589, 100, 54, 11839, 15360, 67.93, 1035
2026/07/13 05:35:19.602, 100, 38, 11839, 15360, 65.24, 1035
2026/07/13 05:35:20.615, 100, 55, 11839, 15360, 66.47, 1005
2026/07/13 05:35:21.622, 100, 41, 11839, 15360, 67.89, 1020
2026/07/13 05:35:22.634, 100, 54, 11839, 15360, 67.00, 1020
2026/07/13 05:35:23.645, 100, 41, 11839, 15360, 65.24, 1035
2026/07/13 05:35:24.654, 100, 58, 11839, 15360, 66.61, 1020
2026/07/13 05:35:25.664, 100, 41, 11839, 15360, 65.83, 1005
2026/07/13 05:35:26.672, 96, 58, 11839, 15360, 71.77, 1050
2026/07/13 05:35:27.684, 100, 35, 11839, 15360, 61.30, 1020
2026/07/13 05:35:28.698, 93, 53, 11839, 15360, 71.81, 1080
2026/07/13 05:35:29.708, 100, 32, 11839, 15360, 64.54, 990
2026/07/13 05:35:30.723, 100, 41, 11839, 15360, 63.46, 1050
2026/07/13 05:35:31.746, 100, 45, 11839, 15360, 66.91, 690
2026/07/13 05:35:32.757, 100, 41, 11839, 15360, 65.44, 1005
2026/07/13 05:35:33.766, 100, 45, 11839, 15360, 64.79, 780
2026/07/13 05:35:34.776, 100, 40, 11839, 15360, 64.30, 1005
2026/07/13 05:35:35.785, 100, 53, 11839, 15360, 67.79, 930
2026/07/13 05:35:36.795, 100, 39, 11839, 15360, 65.34, 990
2026/07/13 05:35:37.805, 100, 49, 11839, 15360, 66.22, 750
2026/07/13 05:35:38.816, 100, 39, 11839, 15360, 64.00, 1050
2026/07/13 05:35:39.834, 100, 55, 11839, 15360, 70.39, 735
2026/07/13 05:35:40.847, 100, 41, 11839, 15360, 63.18, 1035
2026/07/13 05:35:41.859, 100, 55, 11839, 15360, 65.48, 1050
2026/07/13 05:35:42.872, 100, 41, 11839, 15360, 66.22, 1005
2026/07/13 05:35:43.897, 100, 56, 11839, 15360, 66.12, 1035
2026/07/13 05:35:44.913, 100, 38, 11839, 15360, 65.04, 1020
2026/07/13 05:35:45.934, 100, 54, 11839, 15360, 66.12, 1050
2026/07/13 05:35:46.946, 100, 41, 11839, 15360, 65.73, 1035
2026/07/13 05:35:47.954, 100, 55, 11839, 15360, 64.59, 1005
2026/07/13 05:35:48.968, 100, 40, 11839, 15360, 66.16, 1020
2026/07/13 05:35:49.979, 100, 55, 11839, 15360, 64.46, 1020
2026/07/13 05:35:50.988, 100, 41, 11839, 15360, 66.51, 1035
2026/07/13 05:35:51.995, 96, 62, 11839, 15360, 66.08, 1035
2026/07/13 05:35:53.006, 100, 38, 11839, 15360, 65.57, 1020
2026/07/13 05:35:54.014, 96, 54, 11839, 15360, 66.42, 1035
2026/07/13 05:35:55.025, 100, 33, 11839, 15360, 65.42, 1050
2026/07/13 05:35:56.037, 100, 46, 11839, 15360, 55.48, 1050
2026/07/13 05:35:57.056, 100, 39, 11839, 15360, 58.19, 1035
2026/07/13 05:35:58.070, 100, 41, 11839, 15360, 55.77, 1185
2026/07/13 05:35:59.108, 100, 42, 11839, 15360, 55.67, 945
2026/07/13 05:36:00.118, 100, 40, 11839, 15360, 64.06, 1035
2026/07/13 05:36:01.129, 100, 52, 11839, 15360, 68.43, 690
2026/07/13 05:36:02.138, 100, 41, 11839, 15360, 66.61, 1035
2026/07/13 05:36:03.146, 100, 47, 11839, 15360, 65.57, 855
2026/07/13 05:36:04.156, 100, 41, 11839, 15360, 65.34, 1005
2026/07/13 05:36:05.164, 100, 54, 11839, 15360, 59.67, 1005
2026/07/13 05:36:06.176, 100, 39, 11839, 15360, 64.93, 1020
2026/07/13 05:36:07.187, 100, 54, 11839, 15360, 71.91, 765
2026/07/13 05:36:08.196, 100, 42, 11839, 15360, 65.14, 1035
2026/07/13 05:36:09.205, 100, 55, 11839, 15360, 66.22, 1020
2026/07/13 05:36:10.214, 100, 41, 11839, 15360, 60.97, 1020
2026/07/13 05:36:11.227, 100, 55, 11839, 15360, 66.81, 1050
2026/07/13 05:36:12.247, 100, 38, 11839, 15360, 64.79, 1035
2026/07/13 05:36:13.279, 100, 55, 11839, 15360, 66.26, 1005
2026/07/13 05:36:14.307, 100, 41, 11839, 15360, 65.77, 1020
2026/07/13 05:36:15.320, 100, 55, 11839, 15360, 65.63, 1035
2026/07/13 05:36:16.329, 100, 39, 11839, 15360, 66.12, 1020
2026/07/13 05:36:17.339, 100, 55, 11839, 15360, 66.32, 1020
2026/07/13 05:36:18.359, 100, 41, 11839, 15360, 64.79, 1005
2026/07/13 05:36:19.371, 100, 54, 11839, 15360, 66.81, 1035
2026/07/13 05:36:20.382, 100, 41, 11839, 15360, 67.69, 1035
2026/07/13 05:36:21.391, 97, 54, 11839, 15360, 65.44, 1020
2026/07/13 05:36:22.401, 100, 37, 11839, 15360, 65.04, 1035
2026/07/13 05:36:23.409, 96, 60, 11839, 15360, 72.74, 1005
2026/07/13 05:36:24.419, 100, 37, 11839, 15360, 60.75, 1050
2026/07/13 05:36:25.438, 94, 49, 11839, 15360, 67.30, 1095
2026/07/13 05:36:26.460, 100, 30, 11839, 15360, 60.16, 1020
2026/07/13 05:36:27.488, 100, 41, 11839, 15360, 65.28, 1230
2026/07/13 05:36:28.527, 100, 43, 11839, 15360, 68.28, 690
2026/07/13 05:36:29.538, 100, 41, 11839, 15360, 65.67, 1035
2026/07/13 05:36:30.551, 100, 49, 11839, 15360, 67.20, 690
2026/07/13 05:36:31.565, 100, 40, 11839, 15360, 64.83, 1050
2026/07/13 05:36:32.575, 100, 43, 11839, 15360, 57.21, 825
2026/07/13 05:36:33.586, 100, 38, 11839, 15360, 65.42, 1035
2026/07/13 05:36:34.593, 100, 52, 11839, 15360, 69.75, 825
2026/07/13 05:36:35.609, 100, 41, 11839, 15360, 67.35, 1020
2026/07/13 05:36:36.618, 100, 54, 11839, 15360, 64.30, 795
2026/07/13 05:36:37.627, 100, 41, 11839, 15360, 66.16, 1035
2026/07/13 05:36:38.638, 100, 55, 11839, 15360, 65.28, 1035
2026/07/13 05:36:39.647, 100, 40, 11839, 15360, 64.59, 1050
2026/07/13 05:36:40.657, 100, 55, 11839, 15360, 68.04, 1020
2026/07/13 05:36:41.670, 100, 41, 11839, 15360, 65.53, 1050
2026/07/13 05:36:42.693, 100, 55, 11839, 15360, 67.55, 1035
2026/07/13 05:36:43.701, 100, 41, 11839, 15360, 67.14, 1020
2026/07/13 05:36:44.711, 100, 56, 11839, 15360, 65.93, 990
2026/07/13 05:36:45.720, 100, 41, 11839, 15360, 64.44, 1020
2026/07/13 05:36:46.728, 96, 61, 11839, 15360, 65.93, 990
2026/07/13 05:36:47.739, 100, 36, 11839, 15360, 64.26, 1035
2026/07/13 05:36:48.748, 95, 57, 11839, 15360, 65.73, 1035
2026/07/13 05:36:49.761, 100, 36, 11839, 15360, 66.81, 1005
2026/07/13 05:36:50.772, 97, 49, 11839, 15360, 71.23, 1020
2026/07/13 05:36:51.782, 100, 30, 11839, 15360, 60.75, 1020
2026/07/13 05:36:52.799, 100, 38, 11839, 15360, 72.94, 1050
2026/07/13 05:36:53.833, 100, 44, 11839, 15360, 59.37, 990
2026/07/13 05:36:54.847, 100, 41, 11839, 15360, 63.42, 1215
2026/07/13 05:36:55.894, 100, 30, 11839, 15360, 67.89, 870
2026/07/13 05:36:56.913, 100, 40, 11839, 15360, 67.26, 1005
2026/07/13 05:36:57.922, 100, 43, 11839, 15360, 65.57, 675
2026/07/13 05:36:58.932, 100, 39, 11839, 15360, 65.14, 1050
2026/07/13 05:36:59.942, 100, 45, 11839, 15360, 59.76, 795
2026/07/13 05:37:00.951, 100, 41, 11839, 15360, 65.77, 1050
2026/07/13 05:37:01.960, 100, 44, 11839, 15360, 73.97, 765
2026/07/13 05:37:02.977, 100, 41, 11839, 15360, 66.26, 1005
2026/07/13 05:37:03.988, 100, 55, 11839, 15360, 65.28, 765
2026/07/13 05:37:05.005, 100, 39, 11839, 15360, 65.12, 1020
2026/07/13 05:37:06.018, 100, 54, 11839, 15360, 66.91, 1035
2026/07/13 05:37:07.033, 100, 41, 11839, 15360, 65.28, 1035
2026/07/13 05:37:08.052, 100, 54, 11839, 15360, 67.49, 1035
2026/07/13 05:37:09.066, 100, 38, 11839, 15360, 65.87, 1020
2026/07/13 05:37:10.076, 100, 54, 11839, 15360, 65.83, 1035
2026/07/13 05:37:11.086, 100, 42, 11839, 15360, 64.55, 1035
2026/07/13 05:37:12.097, 100, 55, 11839, 15360, 64.89, 1005
2026/07/13 05:37:13.105, 100, 41, 11839, 15360, 65.67, 1035
2026/07/13 05:37:14.118, 100, 56, 11839, 15360, 65.48, 1035
2026/07/13 05:37:15.126, 100, 37, 11839, 15360, 65.28, 1035
2026/07/13 05:37:16.140, 96, 62, 11839, 15360, 64.95, 1020
2026/07/13 05:37:17.150, 100, 36, 11839, 15360, 66.51, 1020
2026/07/13 05:37:18.162, 96, 57, 11839, 15360, 65.77, 1035
2026/07/13 05:37:19.173, 100, 36, 11839, 15360, 66.40, 1020
2026/07/13 05:37:20.185, 100, 49, 11839, 15360, 76.46, 1065
2026/07/13 05:37:21.207, 100, 33, 11839, 15360, 59.86, 1020
2026/07/13 05:37:22.236, 100, 41, 11839, 15360, 66.42, 1080
2026/07/13 05:37:23.261, 100, 42, 11839, 15360, 69.02, 855
2026/07/13 05:37:24.289, 100, 38, 11839, 15360, 65.28, 1020
2026/07/13 05:37:25.297, 100, 51, 11839, 15360, 67.98, 690
2026/07/13 05:37:26.307, 100, 41, 11839, 15360, 65.28, 1020
2026/07/13 05:37:27.318, 100, 45, 11839, 15360, 57.74, 795
2026/07/13 05:37:28.328, 100, 41, 11839, 15360, 65.44, 1020
2026/07/13 05:37:29.340, 100, 55, 11839, 15360, 71.42, 885
2026/07/13 05:37:30.359, 100, 40, 11839, 15360, 67.40, 1020
2026/07/13 05:37:31.382, 100, 56, 11839, 15360, 67.30, 735
2026/07/13 05:37:32.391, 100, 38, 11839, 15360, 66.16, 1035
2026/07/13 05:37:33.401, 100, 54, 11839, 15360, 64.99, 1035
2026/07/13 05:37:34.412, 100, 40, 11839, 15360, 66.42, 1035
2026/07/13 05:37:35.426, 100, 55, 11839, 15360, 66.51, 1035
2026/07/13 05:37:36.441, 100, 41, 11839, 15360, 64.44, 1035
2026/07/13 05:37:37.459, 100, 54, 11839, 15360, 65.34, 1035
2026/07/13 05:37:38.487, 100, 39, 11839, 15360, 66.46, 975
2026/07/13 05:37:39.500, 100, 54, 11839, 15360, 67.34, 1020
2026/07/13 05:37:40.510, 100, 40, 11839, 15360, 64.20, 1050
2026/07/13 05:37:41.523, 96, 59, 11839, 15360, 67.44, 1020
2026/07/13 05:37:42.534, 100, 37, 11839, 15360, 66.60, 990
2026/07/13 05:37:43.546, 96, 58, 11839, 15360, 64.50, 1035
2026/07/13 05:37:44.555, 100, 38, 11839, 15360, 66.81, 1035
2026/07/13 05:37:45.563, 96, 50, 11839, 15360, 67.10, 1035
2026/07/13 05:37:46.571, 100, 30, 11839, 15360, 65.38, 1005
2026/07/13 05:37:47.579, 100, 41, 11839, 15360, 66.38, 1020
2026/07/13 05:37:48.589, 100, 44, 11839, 15360, 65.18, 1020
2026/07/13 05:37:49.608, 93, 54, 11839, 15360, 56.07, 990
2026/07/13 05:37:50.652, 100, 32, 11839, 15360, 65.04, 1035
2026/07/13 05:37:51.683, 100, 45, 11839, 15360, 58.29, 1080
2026/07/13 05:37:52.721, 100, 38, 11839, 15360, 56.66, 1035
2026/07/13 05:37:53.736, 100, 41, 11839, 15360, 64.55, 1065
2026/07/13 05:37:54.746, 100, 41, 11839, 15360, 67.59, 825
2026/07/13 05:37:55.758, 100, 42, 11839, 15360, 65.32, 1035
2026/07/13 05:37:56.769, 100, 49, 11839, 15360, 66.22, 690
2026/07/13 05:37:57.778, 100, 41, 11839, 15360, 66.69, 1050
2026/07/13 05:37:58.790, 100, 43, 11839, 15360, 61.89, 780
2026/07/13 05:37:59.800, 100, 38, 11839, 15360, 64.99, 1050
2026/07/13 05:38:00.828, 100, 53, 11839, 15360, 67.30, 1020
2026/07/13 05:38:01.836, 100, 39, 11839, 15360, 66.26, 1035
2026/07/13 05:38:02.846, 100, 54, 11839, 15360, 66.02, 765
2026/07/13 05:38:03.880, 100, 40, 11839, 15360, 66.26, 1050
2026/07/13 05:38:04.913, 100, 56, 11839, 15360, 73.38, 750
2026/07/13 05:38:05.947, 100, 42, 11839, 15360, 66.36, 1035
2026/07/13 05:38:06.973, 100, 54, 11839, 15360, 64.54, 960
2026/07/13 05:38:07.989, 100, 38, 11839, 15360, 66.26, 1050
2026/07/13 05:38:09.000, 100, 56, 11839, 15360, 67.30, 1050
2026/07/13 05:38:10.011, 100, 39, 11839, 15360, 67.83, 1035
2026/07/13 05:38:11.022, 100, 54, 11839, 15360, 66.42, 1035
2026/07/13 05:38:12.031, 100, 38, 11839, 15360, 67.14, 1035
2026/07/13 05:38:13.040, 100, 54, 11839, 15360, 66.61, 1035
2026/07/13 05:38:14.049, 100, 40, 11839, 15360, 68.33, 1005
2026/07/13 05:38:15.060, 100, 56, 11839, 15360, 67.04, 1050
2026/07/13 05:38:16.071, 100, 41, 11839, 15360, 66.51, 1005
2026/07/13 05:38:17.080, 100, 55, 11839, 15360, 67.49, 1035
2026/07/13 05:38:18.093, 100, 41, 11839, 15360, 64.99, 990
2026/07/13 05:38:19.102, 100, 57, 11839, 15360, 64.89, 1050
2026/07/13 05:38:20.113, 100, 41, 11839, 15360, 66.32, 1050
2026/07/13 05:38:21.124, 94, 60, 11839, 15360, 67.93, 1050
2026/07/13 05:38:22.132, 100, 38, 11839, 15360, 66.26, 1050
2026/07/13 05:38:23.142, 96, 54, 11839, 15360, 58.13, 1020
2026/07/13 05:38:24.154, 100, 35, 11839, 15360, 55.25, 1035
2026/07/13 05:38:25.165, 100, 46, 11839, 15360, 65.08, 1170
2026/07/13 05:38:26.173, 100, 33, 11839, 15360, 69.06, 915
2026/07/13 05:38:27.186, 100, 40, 11839, 15360, 66.69, 1050
2026/07/13 05:38:28.194, 100, 44, 11839, 15360, 66.95, 690
2026/07/13 05:38:29.205, 100, 39, 11839, 15360, 64.34, 1035
2026/07/13 05:38:30.213, 100, 46, 11839, 15360, 60.16, 780
2026/07/13 05:38:31.221, 100, 41, 11839, 15360, 67.79, 1035
2026/07/13 05:38:32.235, 100, 49, 11839, 15360, 66.95, 1020
2026/07/13 05:38:33.257, 100, 39, 11839, 15360, 67.20, 1020
2026/07/13 05:38:34.286, 100, 49, 11839, 15360, 65.38, 765
2026/07/13 05:38:35.306, 100, 41, 11839, 15360, 68.42, 1020
2026/07/13 05:38:36.315, 100, 54, 11839, 15360, 75.39, 750
2026/07/13 05:38:37.328, 100, 41, 11839, 15360, 65.57, 1035
2026/07/13 05:38:38.339, 100, 55, 11839, 15360, 67.49, 1005
2026/07/13 05:38:39.350, 100, 41, 11839, 15360, 64.36, 990
2026/07/13 05:38:40.370, 100, 54, 11839, 15360, 64.30, 1035
2026/07/13 05:38:41.381, 100, 40, 11839, 15360, 65.77, 1005
2026/07/13 05:38:42.395, 100, 56, 11839, 15360, 64.54, 1020
2026/07/13 05:38:43.405, 100, 39, 11839, 15360, 64.30, 1035
2026/07/13 05:38:44.416, 100, 54, 11839, 15360, 66.16, 1050
2026/07/13 05:38:45.428, 100, 41, 11839, 15360, 66.46, 990
2026/07/13 05:38:46.437, 100, 54, 11839, 15360, 65.63, 1035
2026/07/13 05:38:47.482, 100, 41, 11839, 15360, 64.00, 990
2026/07/13 05:38:48.503, 94, 60, 11839, 15360, 66.02, 1035
2026/07/13 05:38:49.516, 100, 38, 11839, 15360, 65.08, 1050
2026/07/13 05:38:50.528, 96, 57, 11839, 15360, 65.63, 1020
2026/07/13 05:38:51.545, 100, 36, 11839, 15360, 66.85, 1035
2026/07/13 05:38:52.554, 96, 50, 11839, 15360, 66.65, 1035
2026/07/13 05:38:53.566, 100, 32, 11839, 15360, 64.30, 1065
2026/07/13 05:38:54.574, 100, 38, 11839, 15360, 66.56, 1035
2026/07/13 05:38:55.585, 100, 45, 11839, 15360, 65.38, 1050
2026/07/13 05:38:56.593, 100, 41, 11839, 15360, 66.01, 1155
2026/07/13 05:38:57.604, 100, 43, 11839, 15360, 56.85, 975
2026/07/13 05:38:58.614, 100, 41, 11839, 15360, 66.11, 1020
2026/07/13 05:38:59.625, 100, 55, 11839, 15360, 67.59, 675
2026/07/13 05:39:00.634, 100, 41, 11839, 15360, 65.52, 1035
2026/07/13 05:39:01.651, 100, 48, 11839, 15360, 66.16, 750
2026/07/13 05:39:02.668, 100, 41, 11839, 15360, 65.97, 990
2026/07/13 05:39:03.686, 100, 56, 11839, 15360, 58.49, 870
2026/07/13 05:39:04.696, 100, 39, 11839, 15360, 67.79, 1020
2026/07/13 05:39:05.705, 100, 55, 11839, 15360, 67.30, 765
2026/07/13 05:39:06.719, 100, 39, 11839, 15360, 67.44, 1050
2026/07/13 05:39:07.727, 100, 54, 11839, 15360, 66.32, 780
2026/07/13 05:39:08.736, 100, 41, 11839, 15360, 67.28, 1005
2026/07/13 05:39:09.744, 100, 56, 11839, 15360, 67.38, 1020
2026/07/13 05:39:10.757, 100, 42, 11839, 15360, 63.51, 1035
2026/07/13 05:39:11.777, 100, 55, 11839, 15360, 64.83, 1035
2026/07/13 05:39:12.805, 100, 41, 11839, 15360, 65.83, 1020
2026/07/13 05:39:13.829, 100, 54, 11839, 15360, 66.46, 1035
2026/07/13 05:39:14.855, 100, 38, 11839, 15360, 64.99, 1020
2026/07/13 05:39:15.881, 100, 55, 11839, 15360, 66.22, 1050
2026/07/13 05:39:16.912, 100, 41, 11839, 15360, 64.79, 1020
2026/07/13 05:39:17.934, 100, 56, 11839, 15360, 65.87, 1050
2026/07/13 05:39:18.945, 100, 42, 11839, 15360, 63.46, 1035
2026/07/13 05:39:19.955, 100, 54, 11839, 15360, 66.42, 1035
2026/07/13 05:39:20.967, 100, 41, 11839, 15360, 66.26, 1035
2026/07/13 05:39:21.975, 96, 62, 11839, 15360, 65.57, 1020
2026/07/13 05:39:22.983, 100, 38, 11839, 15360, 65.22, 1050
2026/07/13 05:39:23.993, 96, 58, 11839, 15360, 65.67, 1035
2026/07/13 05:39:25.004, 100, 37, 11839, 15360, 66.75, 1035
2026/07/13 05:39:26.011, 96, 49, 11839, 15360, 68.32, 1020
2026/07/13 05:39:27.026, 100, 32, 11839, 15360, 66.16, 1020
2026/07/13 05:39:28.033, 100, 38, 11839, 15360, 47.70, 1035
2026/07/13 05:39:29.062, 100, 45, 11839, 15360, 54.86, 1020
2026/07/13 05:39:30.072, 100, 40, 11839, 15360, 65.22, 1425
2026/07/13 05:39:31.118, 100, 44, 11839, 15360, 58.19, 960
2026/07/13 05:39:32.129, 100, 41, 11839, 15360, 64.59, 1020
2026/07/13 05:39:33.142, 100, 54, 11839, 15360, 67.49, 690
2026/07/13 05:39:34.151, 100, 41, 11839, 15360, 67.09, 1020
2026/07/13 05:39:35.163, 100, 48, 11839, 15360, 65.08, 810
2026/07/13 05:39:36.172, 100, 41, 11839, 15360, 64.69, 1035
2026/07/13 05:39:37.184, 100, 54, 11839, 15360, 67.44, 990
2026/07/13 05:39:38.193, 100, 39, 11839, 15360, 64.93, 1020
2026/07/13 05:39:39.200, 100, 56, 11839, 15360, 66.46, 750
2026/07/13 05:39:40.210, 100, 39, 11839, 15360, 65.87, 1005
2026/07/13 05:39:41.220, 100, 54, 11839, 15360, 67.04, 1020
2026/07/13 05:39:42.230, 100, 41, 11839, 15360, 66.46, 1050
2026/07/13 05:39:43.244, 100, 55, 11839, 15360, 65.42, 1020
2026/07/13 05:39:44.264, 100, 41, 11839, 15360, 64.54, 1050
2026/07/13 05:39:45.281, 100, 55, 11839, 15360, 66.89, 1020
2026/07/13 05:39:46.316, 100, 39, 11839, 15360, 64.10, 1005
2026/07/13 05:39:47.327, 100, 56, 11839, 15360, 66.60, 1035
2026/07/13 05:39:48.336, 100, 41, 11839, 15360, 65.18, 1020
2026/07/13 05:39:49.346, 100, 54, 11839, 15360, 65.67, 1005
2026/07/13 05:39:50.359, 100, 41, 11839, 15360, 66.30, 1020
2026/07/13 05:39:51.369, 100, 54, 11839, 15360, 66.91, 1020
2026/07/13 05:39:52.379, 100, 39, 11839, 15360, 65.61, 1020
2026/07/13 05:39:53.391, 100, 57, 11839, 15360, 65.52, 1050
2026/07/13 05:39:54.401, 100, 39, 11839, 15360, 67.73, 1035
2026/07/13 05:39:55.409, 96, 62, 11839, 15360, 66.36, 1035
2026/07/13 05:39:56.424, 100, 36, 11839, 15360, 64.69, 1035
2026/07/13 05:39:57.462, 94, 58, 11839, 15360, 64.93, 1020
2026/07/13 05:39:58.489, 100, 36, 11839, 15360, 68.61, 1035
2026/07/13 05:39:59.528, 97, 49, 11839, 15360, 71.86, 990
2026/07/13 05:40:00.545, 100, 29, 11839, 15360, 62.18, 1035
2026/07/13 05:40:01.553, 100, 40, 11839, 15360, 62.61, 1140
2026/07/13 05:40:02.563, 100, 43, 11839, 15360, 62.22, 1020
2026/07/13 05:40:03.571, 100, 41, 11839, 15360, 66.20, 1020
2026/07/13 05:40:04.591, 100, 44, 11839, 15360, 69.12, 795
2026/07/13 05:40:05.607, 100, 41, 11839, 15360, 65.00, 1050
2026/07/13 05:40:06.618, 100, 55, 11839, 15360, 68.18, 690
2026/07/13 05:40:07.630, 100, 41, 11839, 15360, 65.93, 1020
2026/07/13 05:40:08.642, 100, 48, 11839, 15360, 57.54, 795
2026/07/13 05:40:09.651, 100, 41, 11839, 15360, 66.42, 1020
2026/07/13 05:40:10.660, 100, 55, 11839, 15360, 67.30, 1005
2026/07/13 05:40:11.669, 100, 41, 11839, 15360, 67.75, 1020
2026/07/13 05:40:12.685, 100, 54, 11839, 15360, 66.06, 750
2026/07/13 05:40:13.696, 100, 42, 11839, 15360, 65.38, 1035
2026/07/13 05:40:14.721, 100, 54, 11839, 15360, 73.67, 840
2026/07/13 05:40:15.729, 100, 41, 11839, 15360, 67.89, 1050
2026/07/13 05:40:16.739, 100, 54, 11839, 15360, 67.18, 1020
2026/07/13 05:40:17.750, 100, 41, 11839, 15360, 64.40, 1035
2026/07/13 05:40:18.761, 100, 56, 11839, 15360, 66.71, 1050
2026/07/13 05:40:19.770, 100, 38, 11839, 15360, 63.42, 1020
2026/07/13 05:40:20.796, 100, 56, 11839, 15360, 66.91, 1020
2026/07/13 05:40:21.820, 100, 41, 11839, 15360, 67.40, 1020
2026/07/13 05:40:22.828, 100, 56, 11839, 15360, 66.57, 1005
2026/07/13 05:40:23.837, 100, 41, 11839, 15360, 64.89, 1020
2026/07/13 05:40:24.849, 100, 55, 11839, 15360, 65.97, 1035
2026/07/13 05:40:25.873, 100, 38, 11839, 15360, 64.95, 1020
2026/07/13 05:40:26.897, 100, 55, 11839, 15360, 67.34, 1035
2026/07/13 05:40:27.916, 100, 41, 11839, 15360, 64.14, 1020
2026/07/13 05:40:28.924, 94, 61, 11839, 15360, 64.20, 1035
2026/07/13 05:40:29.934, 100, 38, 11839, 15360, 64.85, 1020
2026/07/13 05:40:30.943, 96, 56, 11839, 15360, 69.16, 1035
2026/07/13 05:40:31.954, 100, 37, 11839, 15360, 63.71, 1020
2026/07/13 05:40:32.963, 96, 50, 11839, 15360, 64.69, 1005
2026/07/13 05:40:33.978, 100, 30, 11839, 15360, 65.97, 1005
2026/07/13 05:40:34.988, 100, 41, 11839, 15360, 64.99, 1215
2026/07/13 05:40:36.022, 100, 44, 11839, 15360, 54.43, 840
2026/07/13 05:40:37.034, 100, 41, 11839, 15360, 68.03, 1020
2026/07/13 05:40:38.044, 100, 44, 11839, 15360, 70.29, 705
2026/07/13 05:40:39.055, 100, 39, 11839, 15360, 62.28, 1020
2026/07/13 05:40:40.082, 100, 49, 11839, 15360, 70.88, 765
2026/07/13 05:40:41.109, 100, 40, 11839, 15360, 64.79, 1035
2026/07/13 05:40:42.125, 100, 50, 11839, 15360, 61.20, 990
2026/07/13 05:40:43.136, 100, 41, 11839, 15360, 66.30, 1035
2026/07/13 05:40:44.146, 100, 55, 11839, 15360, 71.72, 750
2026/07/13 05:40:45.155, 100, 39, 11839, 15360, 67.40, 1020
2026/07/13 05:40:46.167, 100, 54, 11839, 15360, 65.87, 1005
2026/07/13 05:40:47.175, 100, 41, 11839, 15360, 66.71, 1020
2026/07/13 05:40:48.188, 100, 54, 11839, 15360, 66.42, 1035
2026/07/13 05:40:49.199, 100, 41, 11839, 15360, 65.73, 1035
2026/07/13 05:40:50.210, 100, 56, 11839, 15360, 65.63, 1020
2026/07/13 05:40:51.222, 100, 39, 11839, 15360, 63.61, 1020
2026/07/13 05:40:52.232, 100, 56, 11839, 15360, 66.56, 1020
2026/07/13 05:40:53.243, 100, 41, 11839, 15360, 65.53, 1020
2026/07/13 05:40:54.254, 100, 57, 11839, 15360, 65.71, 1035
2026/07/13 05:40:55.288, 100, 38, 11839, 15360, 64.73, 1035
2026/07/13 05:40:56.313, 93, 58, 11839, 15360, 66.71, 1035
2026/07/13 05:40:57.341, 100, 36, 11839, 15360, 64.99, 1020
2026/07/13 05:40:58.350, 96, 52, 11839, 15360, 65.18, 1020
2026/07/13 05:40:59.359, 100, 32, 11839, 15360, 65.67, 1020
2026/07/13 05:41:00.368, 100, 39, 11839, 15360, 64.55, 1020
2026/07/13 05:41:01.377, 100, 44, 11839, 15360, 65.34, 1050
2026/07/13 05:41:02.386, 100, 40, 11839, 15360, 69.61, 1125
2026/07/13 05:41:03.397, 100, 44, 11839, 15360, 56.33, 945
2026/07/13 05:41:04.407, 100, 40, 11839, 15360, 65.38, 1020
2026/07/13 05:41:05.415, 100, 45, 11839, 15360, 69.02, 675
2026/07/13 05:41:06.426, 100, 41, 11839, 15360, 67.40, 1020
2026/07/13 05:41:07.436, 100, 53, 11839, 15360, 68.18, 795
2026/07/13 05:41:08.474, 100, 41, 11839, 15360, 65.14, 1020
2026/07/13 05:41:09.516, 100, 54, 11839, 15360, 65.38, 765
2026/07/13 05:41:10.547, 100, 39, 11839, 15360, 66.20, 1035
2026/07/13 05:41:11.562, 100, 50, 11839, 15360, 61.40, 885
2026/07/13 05:41:12.589, 100, 41, 11839, 15360, 65.93, 1035
2026/07/13 05:41:13.598, 100, 56, 11839, 15360, 72.21, 735
2026/07/13 05:41:14.607, 100, 39, 11839, 15360, 66.61, 1005
2026/07/13 05:41:15.617, 100, 54, 11839, 15360, 65.34, 1020
2026/07/13 05:41:16.627, 100, 38, 11839, 15360, 64.69, 1035
2026/07/13 05:41:17.635, 100, 56, 11839, 15360, 65.38, 1035
2026/07/13 05:41:18.649, 100, 41, 11839, 15360, 65.44, 1035
2026/07/13 05:41:19.658, 100, 54, 11839, 15360, 66.65, 1050
2026/07/13 05:41:20.667, 100, 41, 11839, 15360, 65.57, 1020
2026/07/13 05:41:21.676, 100, 55, 11839, 15360, 65.57, 1035
2026/07/13 05:41:22.690, 100, 41, 11839, 15360, 65.77, 1020
2026/07/13 05:41:23.704, 100, 54, 11839, 15360, 66.95, 1020
2026/07/13 05:41:24.720, 100, 41, 11839, 15360, 64.00, 990
2026/07/13 05:41:25.735, 93, 62, 11839, 15360, 65.91, 1035
2026/07/13 05:41:26.751, 100, 37, 11839, 15360, 67.16, 1020
2026/07/13 05:41:27.760, 96, 54, 11839, 15360, 65.10, 1050
2026/07/13 05:41:28.771, 100, 38, 11839, 15360, 68.72, 1050
2026/07/13 05:41:29.778, 96, 49, 11839, 15360, 67.40, 1020
2026/07/13 05:41:30.789, 100, 30, 11839, 15360, 65.44, 1065
2026/07/13 05:41:31.797, 100, 38, 11839, 15360, 65.93, 1050
2026/07/13 05:41:32.805, 100, 44, 11839, 15360, 60.16, 1035
2026/07/13 05:41:33.814, 100, 40, 11839, 15360, 66.51, 1050
2026/07/13 05:41:34.825, 100, 43, 11839, 15360, 67.65, 690
2026/07/13 05:41:35.838, 100, 41, 11839, 15360, 66.95, 1050
2026/07/13 05:41:36.859, 100, 52, 11839, 15360, 65.53, 675
2026/07/13 05:41:37.879, 100, 41, 11839, 15360, 65.24, 1035
2026/07/13 05:41:38.911, 100, 45, 11839, 15360, 69.66, 780
2026/07/13 05:41:39.926, 100, 41, 11839, 15360, 66.08, 1035
2026/07/13 05:41:40.942, 100, 55, 11839, 15360, 70.93, 795
2026/07/13 05:41:41.951, 100, 41, 11839, 15360, 65.79, 1050
2026/07/13 05:41:42.960, 100, 56, 11839, 15360, 57.01, 1020
2026/07/13 05:41:43.987, 100, 41, 11839, 15360, 68.04, 1020
2026/07/13 05:41:45.000, 100, 55, 11839, 15360, 69.21, 750
2026/07/13 05:41:46.008, 100, 42, 11839, 15360, 66.61, 1050
2026/07/13 05:41:47.017, 100, 54, 11839, 15360, 65.53, 1050
2026/07/13 05:41:48.025, 100, 40, 11839, 15360, 67.20, 1020
2026/07/13 05:41:49.041, 100, 56, 11839, 15360, 67.49, 1035
2026/07/13 05:41:50.054, 100, 41, 11839, 15360, 66.61, 1050
2026/07/13 05:41:51.069, 100, 54, 11839, 15360, 66.18, 1035
2026/07/13 05:41:52.082, 100, 41, 11839, 15360, 66.91, 1035
2026/07/13 05:41:53.091, 100, 56, 11839, 15360, 65.34, 1035
2026/07/13 05:41:54.101, 100, 41, 11839, 15360, 66.86, 1050
2026/07/13 05:41:55.109, 96, 60, 11839, 15360, 65.24, 1050
2026/07/13 05:41:56.118, 100, 37, 11839, 15360, 65.24, 1020
2026/07/13 05:41:57.132, 100, 56, 11839, 15360, 66.18, 1035
2026/07/13 05:41:58.144, 100, 39, 11839, 15360, 64.50, 990
2026/07/13 05:41:59.154, 100, 55, 11839, 15360, 65.73, 1050
2026/07/13 05:42:00.182, 100, 39, 11839, 15360, 65.83, 1020
2026/07/13 05:42:01.198, 96, 62, 11839, 15360, 65.53, 990
2026/07/13 05:42:02.208, 100, 37, 11839, 15360, 64.95, 1050
2026/07/13 05:42:03.216, 95, 53, 11839, 15360, 74.21, 1020
2026/07/13 05:42:04.227, 100, 35, 11839, 15360, 62.18, 1035
2026/07/13 05:42:05.241, 100, 47, 11839, 15360, 67.49, 1050
2026/07/13 05:42:06.291, 100, 35, 11839, 15360, 62.24, 1005
2026/07/13 05:42:07.311, 100, 41, 11839, 15360, 63.42, 1140
2026/07/13 05:42:08.338, 100, 43, 11839, 15360, 66.22, 675
2026/07/13 05:42:09.348, 100, 41, 11839, 15360, 66.32, 1050
2026/07/13 05:42:10.363, 100, 52, 11839, 15360, 64.46, 735
2026/07/13 05:42:11.377, 100, 41, 11839, 15360, 64.95, 990
2026/07/13 05:42:12.388, 100, 47, 11839, 15360, 58.85, 870
2026/07/13 05:42:13.397, 100, 39, 11839, 15360, 65.24, 1005
2026/07/13 05:42:14.408, 100, 55, 11839, 15360, 67.45, 750
2026/07/13 05:42:15.417, 100, 42, 11839, 15360, 66.12, 1020
2026/07/13 05:42:16.426, 100, 56, 11839, 15360, 65.49, 1005
2026/07/13 05:42:17.434, 100, 41, 11839, 15360, 64.75, 990
2026/07/13 05:42:18.443, 100, 54, 11839, 15360, 67.06, 1035
2026/07/13 05:42:19.464, 100, 38, 11839, 15360, 65.53, 990
2026/07/13 05:42:20.503, 100, 55, 11839, 15360, 64.36, 1050
2026/07/13 05:42:21.518, 100, 40, 11839, 15360, 64.95, 1020
2026/07/13 05:42:22.536, 100, 55, 11839, 15360, 65.98, 1020
2026/07/13 05:42:23.548, 100, 41, 11839, 15360, 65.00, 1020
2026/07/13 05:42:24.557, 99, 55, 11839, 15360, 66.91, 990
2026/07/13 05:42:25.568, 100, 36, 11839, 15360, 66.67, 1020
2026/07/13 05:42:26.578, 95, 57, 11839, 15360, 65.63, 1005
2026/07/13 05:42:27.590, 100, 37, 11839, 15360, 65.14, 1020
2026/07/13 05:42:28.599, 96, 51, 11839, 15360, 64.89, 1020
2026/07/13 05:42:29.610, 100, 29, 11839, 15360, 67.30, 1035
2026/07/13 05:42:30.629, 100, 41, 11839, 15360, 66.91, 1005
2026/07/13 05:42:31.639, 100, 43, 11839, 15360, 64.50, 1020
2026/07/13 05:42:32.650, 100, 38, 11839, 15360, 63.57, 1125
2026/07/13 05:42:33.673, 100, 31, 11839, 15360, 56.26, 1005
2026/07/13 05:42:34.687, 100, 38, 11839, 15360, 66.18, 1050
2026/07/13 05:42:35.717, 100, 44, 11839, 15360, 69.61, 675
2026/07/13 05:42:36.727, 100, 41, 11839, 15360, 65.18, 990
2026/07/13 05:42:37.738, 100, 45, 11839, 15360, 70.44, 780
2026/07/13 05:42:38.749, 100, 38, 11839, 15360, 66.77, 1020
2026/07/13 05:42:39.783, 100, 48, 11839, 15360, 66.51, 795
2026/07/13 05:42:40.792, 100, 41, 11839, 15360, 64.75, 1035
2026/07/13 05:42:41.802, 100, 52, 11839, 15360, 71.42, 750
2026/07/13 05:42:42.810, 100, 38, 11839, 15360, 65.89, 1035
2026/07/13 05:42:43.818, 100, 54, 11839, 15360, 65.24, 990
2026/07/13 05:42:44.826, 100, 41, 11839, 15360, 67.65, 990
2026/07/13 05:42:45.836, 100, 54, 11839, 15360, 66.96, 1020
2026/07/13 05:42:46.849, 100, 41, 11839, 15360, 65.04, 1035
2026/07/13 05:42:47.864, 100, 54, 11839, 15360, 64.89, 1020
2026/07/13 05:42:48.877, 100, 41, 11839, 15360, 64.95, 1035
2026/07/13 05:42:49.886, 100, 55, 11839, 15360, 65.67, 1035
2026/07/13 05:42:50.894, 100, 39, 11839, 15360, 65.24, 1020
2026/07/13 05:42:51.904, 100, 54, 11839, 15360, 65.24, 1005
2026/07/13 05:42:52.912, 100, 40, 11839, 15360, 65.14, 1050
2026/07/13 05:42:53.922, 96, 62, 11839, 15360, 65.14, 1020
2026/07/13 05:42:54.933, 100, 36, 11839, 15360, 65.10, 1020
2026/07/13 05:42:55.946, 96, 57, 11839, 15360, 68.43, 1035
2026/07/13 05:42:56.958, 100, 36, 11839, 15360, 63.61, 1035
2026/07/13 05:42:57.966, 97, 49, 11839, 15360, 63.81, 1020
2026/07/13 05:42:58.978, 100, 29, 11839, 15360, 62.28, 1020
2026/07/13 05:42:59.987, 100, 40, 11839, 15360, 66.22, 1050
2026/07/13 05:43:00.999, 100, 44, 11839, 15360, 69.66, 675
2026/07/13 05:43:02.010, 100, 41, 11839, 15360, 67.40, 1035
2026/07/13 05:43:03.027, 100, 49, 11839, 15360, 73.43, 690
2026/07/13 05:43:04.061, 100, 39, 11839, 15360, 64.06, 1035
2026/07/13 05:43:05.080, 100, 45, 11839, 15360, 71.96, 795
2026/07/13 05:43:06.090, 100, 41, 11839, 15360, 64.46, 1035
2026/07/13 05:43:07.099, 100, 55, 11839, 15360, 66.42, 810
2026/07/13 05:43:08.119, 100, 40, 11839, 15360, 65.44, 1005
2026/07/13 05:43:09.129, 100, 56, 11839, 15360, 68.63, 780
2026/07/13 05:43:10.137, 100, 41, 11839, 15360, 64.65, 990
2026/07/13 05:43:11.148, 100, 57, 11839, 15360, 65.83, 1035
2026/07/13 05:43:12.156, 100, 41, 11839, 15360, 64.55, 1035
2026/07/13 05:43:13.165, 100, 55, 11839, 15360, 67.06, 1020
2026/07/13 05:43:14.175, 100, 38, 11839, 15360, 63.77, 1035
2026/07/13 05:43:15.183, 100, 54, 11839, 15360, 66.51, 1035
2026/07/13 05:43:16.198, 100, 41, 11839, 15360, 66.51, 1005
2026/07/13 05:43:17.211, 100, 54, 11839, 15360, 66.47, 1035
2026/07/13 05:43:18.223, 100, 38, 11839, 15360, 66.96, 975
2026/07/13 05:43:19.231, 96, 62, 11839, 15360, 66.28, 1050
2026/07/13 05:43:20.241, 100, 37, 11839, 15360, 65.20, 990
2026/07/13 05:43:21.251, 96, 53, 11839, 15360, 66.32, 1035
2026/07/13 05:43:22.259, 100, 36, 11839, 15360, 64.95, 1005
2026/07/13 05:43:23.275, 100, 47, 11839, 15360, 68.38, 1005
2026/07/13 05:43:24.286, 100, 31, 11839, 15360, 65.53, 1035
2026/07/13 05:43:25.299, 100, 41, 11839, 15360, 64.50, 1065
2026/07/13 05:43:26.311, 100, 44, 11839, 15360, 59.43, 1005
2026/07/13 05:43:27.321, 100, 40, 11839, 15360, 66.32, 1020
2026/07/13 05:43:28.334, 100, 50, 11839, 15360, 71.52, 675
2026/07/13 05:43:29.344, 100, 37, 11839, 15360, 65.10, 1020
2026/07/13 05:43:30.381, 100, 44, 11839, 15360, 71.52, 675
2026/07/13 05:43:31.397, 100, 42, 11839, 15360, 66.32, 1020
2026/07/13 05:43:32.416, 100, 55, 11839, 15360, 68.04, 810
2026/07/13 05:43:33.426, 100, 41, 11839, 15360, 66.86, 1065
2026/07/13 05:43:34.435, 100, 54, 11839, 15360, 57.41, 855
2026/07/13 05:43:35.456, 100, 40, 11839, 15360, 66.47, 1020
2026/07/13 05:43:36.471, 100, 47, 11839, 15360, 68.82, 750
2026/07/13 05:43:37.479, 100, 40, 11839, 15360, 65.28, 1020
2026/07/13 05:43:38.491, 100, 54, 11839, 15360, 66.71, 1050
2026/07/13 05:43:39.502, 100, 41, 11839, 15360, 64.55, 1005
2026/07/13 05:43:40.511, 100, 56, 11839, 15360, 66.08, 1020
2026/07/13 05:43:41.521, 100, 42, 11839, 15360, 68.53, 1035
2026/07/13 05:43:42.532, 100, 56, 11839, 15360, 66.12, 1020
2026/07/13 05:43:43.542, 100, 41, 11839, 15360, 65.24, 1035
2026/07/13 05:43:44.575, 100, 56, 11839, 15360, 66.32, 1035
2026/07/13 05:43:45.597, 100, 38, 11839, 15360, 64.46, 1050
2026/07/13 05:43:46.628, 100, 55, 11839, 15360, 65.24, 1035
2026/07/13 05:43:47.656, 100, 41, 11839, 15360, 67.84, 1005
2026/07/13 05:43:48.672, 100, 54, 11839, 15360, 66.91, 1035
2026/07/13 05:43:49.682, 100, 40, 11839, 15360, 64.65, 1020
2026/07/13 05:43:50.694, 96, 61, 11839, 15360, 65.83, 1050
2026/07/13 05:43:51.703, 100, 36, 11839, 15360, 65.48, 1020
2026/07/13 05:43:52.711, 95, 56, 11839, 15360, 65.93, 1020
2026/07/13 05:43:53.719, 100, 36, 11839, 15360, 67.45, 1050
2026/07/13 05:43:54.733, 98, 49, 11839, 15360, 67.26, 1035
2026/07/13 05:43:55.743, 100, 30, 11839, 15360, 64.30, 1005
2026/07/13 05:43:56.754, 100, 38, 11839, 15360, 59.17, 1215
2026/07/13 05:43:57.767, 100, 43, 11839, 15360, 54.82, 855
2026/07/13 05:43:58.779, 100, 41, 11839, 15360, 65.73, 1035
2026/07/13 05:43:59.797, 100, 49, 11839, 15360, 69.21, 675
2026/07/13 05:44:00.813, 100, 41, 11839, 15360, 68.92, 1005
2026/07/13 05:44:01.838, 100, 43, 11839, 15360, 67.94, 810
2026/07/13 05:44:02.855, 100, 38, 11839, 15360, 65.34, 1020
2026/07/13 05:44:03.867, 100, 53, 11839, 15360, 59.57, 945
2026/07/13 05:44:04.877, 100, 40, 11839, 15360, 65.48, 1050
2026/07/13 05:44:05.886, 100, 56, 11839, 15360, 71.13, 750
2026/07/13 05:44:06.895, 100, 41, 11839, 15360, 68.04, 1020
2026/07/13 05:44:07.910, 100, 54, 11839, 15360, 64.65, 1035
2026/07/13 05:44:08.917, 100, 41, 11839, 15360, 65.14, 1065
2026/07/13 05:44:09.931, 100, 54, 11839, 15360, 64.91, 1035
2026/07/13 05:44:10.941, 100, 41, 11839, 15360, 66.28, 1035
2026/07/13 05:44:11.954, 100, 54, 11839, 15360, 66.02, 1050
2026/07/13 05:44:12.987, 100, 39, 11839, 15360, 65.04, 1020
2026/07/13 05:44:13.996, 100, 54, 11839, 15360, 65.93, 1035
2026/07/13 05:44:15.007, 100, 41, 11839, 15360, 65.59, 1035
2026/07/13 05:44:16.019, 100, 56, 11839, 15360, 66.96, 1035
2026/07/13 05:44:17.027, 100, 39, 11839, 15360, 64.20, 1020
2026/07/13 05:44:18.038, 96, 60, 11839, 15360, 67.10, 1035
2026/07/13 05:44:19.049, 100, 36, 11839, 15360, 65.69, 1035
2026/07/13 05:44:20.057, 96, 54, 11839, 15360, 66.32, 1050
2026/07/13 05:44:21.065, 100, 32, 11839, 15360, 64.79, 1035
2026/07/13 05:44:22.075, 100, 41, 11839, 15360, 69.17, 1035
2026/07/13 05:44:23.086, 100, 42, 11839, 15360, 64.10, 1035
2026/07/13 05:44:24.096, 100, 38, 11839, 15360, 63.22, 1065
2026/07/13 05:44:25.106, 100, 43, 11839, 15360, 67.84, 990
2026/07/13 05:44:26.115, 100, 41, 11839, 15360, 65.28, 1065
2026/07/13 05:44:27.155, 100, 30, 11839, 15360, 61.59, 870
2026/07/13 05:44:28.174, 100, 38, 11839, 15360, 65.57, 1020
2026/07/13 05:44:29.194, 100, 43, 11839, 15360, 70.44, 675
2026/07/13 05:44:30.219, 100, 41, 11839, 15360, 66.95, 990
2026/07/13 05:44:31.232, 100, 49, 11839, 15360, 70.93, 810
2026/07/13 05:44:32.242, 100, 41, 11839, 15360, 65.38, 1020
2026/07/13 05:44:33.252, 100, 44, 11839, 15360, 66.32, 1020
2026/07/13 05:44:34.268, 100, 39, 11839, 15360, 63.87, 1020
2026/07/13 05:44:35.281, 100, 55, 11839, 15360, 70.39, 750
2026/07/13 05:44:36.290, 100, 40, 11839, 15360, 65.08, 1035
2026/07/13 05:44:37.299, 100, 56, 11839, 15360, 66.57, 1020
2026/07/13 05:44:38.308, 100, 39, 11839, 15360, 66.47, 1005
2026/07/13 05:44:39.316, 100, 56, 11839, 15360, 65.79, 1005
2026/07/13 05:44:40.329, 100, 41, 11839, 15360, 66.61, 975
2026/07/13 05:44:41.355, 100, 56, 11839, 15360, 67.26, 1035
2026/07/13 05:44:42.367, 100, 38, 11839, 15360, 64.75, 1035
2026/07/13 05:44:43.379, 100, 54, 11839, 15360, 66.71, 1035
2026/07/13 05:44:44.389, 100, 39, 11839, 15360, 66.42, 1005
2026/07/13 05:44:45.399, 100, 56, 11839, 15360, 67.06, 1035
2026/07/13 05:44:46.409, 100, 41, 11839, 15360, 65.44, 1035
2026/07/13 05:44:47.419, 96, 62, 11839, 15360, 66.77, 1035
2026/07/13 05:44:48.431, 100, 37, 11839, 15360, 64.79, 1035
2026/07/13 05:44:49.442, 96, 57, 11839, 15360, 64.65, 1035
2026/07/13 05:44:50.453, 100, 36, 11839, 15360, 66.36, 1020
2026/07/13 05:44:51.471, 96, 49, 11839, 15360, 57.21, 1020
2026/07/13 05:44:52.484, 100, 28, 11839, 15360, 65.18, 990
2026/07/13 05:44:53.493, 100, 41, 11839, 15360, 72.89, 1125
2026/07/13 05:44:54.507, 100, 45, 11839, 15360, 60.41, 960
2026/07/13 05:44:55.519, 100, 39, 11839, 15360, 66.81, 1020
2026/07/13 05:44:56.544, 100, 47, 11839, 15360, 67.94, 675
2026/07/13 05:44:57.572, 100, 41, 11839, 15360, 65.24, 1020
2026/07/13 05:44:58.590, 100, 42, 11839, 15360, 65.73, 825
2026/07/13 05:44:59.599, 100, 39, 11839, 15360, 65.93, 1035
2026/07/13 05:45:00.608, 100, 53, 11839, 15360, 57.60, 930
2026/07/13 05:45:01.617, 100, 40, 11839, 15360, 66.81, 1035
2026/07/13 05:45:02.628, 100, 56, 11839, 15360, 69.51, 750
2026/07/13 05:45:03.638, 100, 42, 11839, 15360, 64.24, 1050
2026/07/13 05:45:04.646, 100, 54, 11839, 15360, 66.18, 1020
2026/07/13 05:45:05.653, 100, 41, 11839, 15360, 67.89, 1005
2026/07/13 05:45:06.662, 100, 55, 11839, 15360, 65.89, 1020
2026/07/13 05:45:07.670, 100, 38, 11839, 15360, 64.51, 1035
2026/07/13 05:45:08.684, 100, 56, 11839, 15360, 65.98, 1035
2026/07/13 05:45:09.697, 100, 41, 11839, 15360, 65.98, 1020
2026/07/13 05:45:10.709, 100, 56, 11839, 15360, 66.96, 1050
2026/07/13 05:45:11.737, 100, 41, 11839, 15360, 66.56, 1035
2026/07/13 05:45:12.749, 99, 55, 11839, 15360, 65.93, 1020
2026/07/13 05:45:13.760, 100, 37, 11839, 15360, 65.18, 1020
2026/07/13 05:45:14.769, 96, 59, 11839, 15360, 65.89, 1035
2026/07/13 05:45:15.780, 100, 36, 11839, 15360, 64.65, 1035
2026/07/13 05:45:16.788, 94, 53, 11839, 15360, 65.53, 1020
2026/07/13 05:45:17.798, 100, 32, 11839, 15360, 65.04, 1050
2026/07/13 05:45:18.808, 100, 41, 11839, 15360, 68.47, 1020
2026/07/13 05:45:19.820, 100, 43, 11839, 15360, 64.40, 1065
2026/07/13 05:45:20.850, 100, 38, 11839, 15360, 63.51, 1020
2026/07/13 05:45:21.862, 100, 42, 11839, 15360, 66.02, 1035
2026/07/13 05:45:22.874, 100, 49, 11839, 15360, 65.79, 1065
2026/07/13 05:45:23.895, 100, 33, 11839, 15360, 61.40, 825
2026/07/13 05:45:24.922, 100, 41, 11839, 15360, 64.69, 1035
2026/07/13 05:45:25.949, 100, 43, 11839, 15360, 69.56, 675
2026/07/13 05:45:26.958, 100, 38, 11839, 15360, 67.45, 990
2026/07/13 05:45:27.969, 100, 52, 11839, 15360, 71.81, 795
2026/07/13 05:45:28.978, 100, 41, 11839, 15360, 66.32, 1035
2026/07/13 05:45:29.987, 100, 46, 11839, 15360, 66.61, 945
2026/07/13 05:45:31.013, 100, 41, 11839, 15360, 65.10, 1020
2026/07/13 05:45:32.024, 100, 55, 11839, 15360, 65.20, 735
2026/07/13 05:45:33.033, 100, 39, 11839, 15360, 65.63, 1005
2026/07/13 05:45:34.041, 100, 54, 11839, 15360, 64.16, 1035
2026/07/13 05:45:35.051, 100, 41, 11839, 15360, 67.20, 1035
2026/07/13 05:45:36.061, 100, 54, 11839, 15360, 65.44, 1020
2026/07/13 05:45:37.076, 100, 38, 11839, 15360, 66.71, 1020
2026/07/13 05:45:38.094, 100, 55, 11839, 15360, 65.93, 1005
2026/07/13 05:45:39.113, 100, 41, 11839, 15360, 65.83, 1020
2026/07/13 05:45:40.126, 100, 54, 11839, 15360, 66.91, 1035
2026/07/13 05:45:41.144, 100, 40, 11839, 15360, 66.61, 1020
2026/07/13 05:45:42.157, 100, 56, 11839, 15360, 66.38, 1035
2026/07/13 05:45:43.167, 100, 39, 11839, 15360, 64.46, 1050
2026/07/13 05:45:44.175, 96, 61, 11839, 15360, 66.32, 1035
2026/07/13 05:45:45.185, 100, 37, 11839, 15360, 64.50, 1035
2026/07/13 05:45:46.194, 96, 53, 11839, 15360, 66.42, 1020
2026/07/13 05:45:47.207, 100, 32, 11839, 15360, 64.55, 1020
2026/07/13 05:45:48.215, 100, 41, 11839, 15360, 67.94, 1020
2026/07/13 05:45:49.227, 100, 41, 11839, 15360, 65.34, 1020
2026/07/13 05:45:50.236, 100, 38, 11839, 15360, 64.40, 1035
2026/07/13 05:45:51.248, 100, 43, 11839, 15360, 65.44, 945
2026/07/13 05:45:52.291, 100, 41, 11839, 15360, 65.34, 1035
2026/07/13 05:45:53.324, 100, 55, 11839, 15360, 70.15, 675
2026/07/13 05:45:54.349, 100, 39, 11839, 15360, 67.59, 1005
2026/07/13 05:45:55.363, 100, 47, 11839, 15360, 72.21, 810
2026/07/13 05:45:56.372, 100, 41, 11839, 15360, 65.24, 1050
2026/07/13 05:45:57.385, 100, 54, 11839, 15360, 66.51, 960
2026/07/13 05:45:58.395, 100, 40, 11839, 15360, 64.95, 1035
2026/07/13 05:45:59.404, 100, 54, 11839, 15360, 67.80, 750
2026/07/13 05:46:00.414, 100, 41, 11839, 15360, 65.49, 1035
2026/07/13 05:46:01.424, 100, 54, 11839, 15360, 64.65, 1035
2026/07/13 05:46:02.433, 100, 41, 11839, 15360, 66.06, 1020
2026/07/13 05:46:03.456, 100, 54, 11839, 15360, 66.51, 1020
2026/07/13 05:46:04.472, 100, 41, 11839, 15360, 65.73, 1035
2026/07/13 05:46:05.485, 100, 54, 11839, 15360, 65.98, 1020
2026/07/13 05:46:06.513, 100, 38, 11839, 15360, 67.40, 1005
2026/07/13 05:46:07.544, 100, 54, 11839, 15360, 66.12, 1050
2026/07/13 05:46:08.570, 100, 42, 11839, 15360, 65.04, 1020
2026/07/13 05:46:09.579, 100, 55, 11839, 15360, 65.24, 1005
2026/07/13 05:46:10.589, 100, 39, 11839, 15360, 66.71, 1020
2026/07/13 05:46:11.600, 100, 57, 11839, 15360, 65.79, 990
2026/07/13 05:46:12.615, 100, 38, 11839, 15360, 66.56, 1020
2026/07/13 05:46:13.626, 96, 62, 11839, 15360, 64.85, 1050
2026/07/13 05:46:14.637, 100, 37, 11839, 15360, 68.24, 1020
2026/07/13 05:46:15.644, 96, 53, 11839, 15360, 68.68, 1035
2026/07/13 05:46:16.654, 100, 35, 11839, 15360, 66.36, 1020
2026/07/13 05:46:17.665, 100, 48, 11839, 15360, 57.57, 1020
2026/07/13 05:46:18.680, 100, 32, 11839, 15360, 54.59, 1005
2026/07/13 05:46:19.692, 100, 41, 11839, 15360, 64.59, 1080
2026/07/13 05:46:20.724, 100, 42, 11839, 15360, 71.08, 870
2026/07/13 05:46:21.753, 100, 38, 11839, 15360, 64.79, 1020
2026/07/13 05:46:22.770, 100, 52, 11839, 15360, 69.66, 675
2026/07/13 05:46:23.780, 100, 41, 11839, 15360, 62.30, 1020
2026/07/13 05:46:24.791, 100, 45, 11839, 15360, 67.55, 810
2026/07/13 05:46:25.800, 100, 41, 11839, 15360, 66.18, 1050
2026/07/13 05:46:26.810, 100, 54, 11839, 15360, 60.51, 825
2026/07/13 05:46:27.831, 100, 38, 11839, 15360, 66.08, 1020
2026/07/13 05:46:28.841, 100, 55, 11839, 15360, 71.72, 750
2026/07/13 05:46:29.851, 100, 40, 11839, 15360, 67.59, 1035
2026/07/13 05:46:30.859, 100, 56, 11839, 15360, 66.75, 1020
2026/07/13 05:46:31.868, 100, 41, 11839, 15360, 65.28, 1005
2026/07/13 05:46:32.879, 100, 54, 11839, 15360, 66.26, 1005
2026/07/13 05:46:33.897, 100, 39, 11839, 15360, 64.65, 1035
2026/07/13 05:46:34.911, 100, 54, 11839, 15360, 65.00, 1035
2026/07/13 05:46:35.920, 100, 41, 11839, 15360, 66.12, 1035
2026/07/13 05:46:36.944, 100, 54, 11839, 15360, 64.65, 1020
2026/07/13 05:46:37.953, 100, 40, 11839, 15360, 65.48, 1020
2026/07/13 05:46:38.965, 96, 61, 11839, 15360, 65.73, 1035
2026/07/13 05:46:39.975, 100, 36, 11839, 15360, 66.12, 1035
2026/07/13 05:46:40.988, 96, 56, 11839, 15360, 67.00, 1020
2026/07/13 05:46:42.000, 100, 35, 11839, 15360, 66.77, 1020
2026/07/13 05:46:43.009, 100, 46, 11839, 15360, 66.91, 1020
2026/07/13 05:46:44.020, 100, 37, 11839, 15360, 65.93, 1035
2026/07/13 05:46:45.028, 100, 41, 11839, 15360, 63.71, 990
2026/07/13 05:46:46.038, 100, 41, 11839, 15360, 57.60, 1020
2026/07/13 05:46:47.048, 100, 37, 11839, 15360, 66.81, 1080
2026/07/13 05:46:48.071, 100, 53, 11839, 15360, 69.96, 675
2026/07/13 05:46:49.082, 100, 39, 11839, 15360, 65.14, 1020
2026/07/13 05:46:50.099, 100, 43, 11839, 15360, 70.54, 690
2026/07/13 05:46:51.120, 100, 40, 11839, 15360, 64.95, 1020
2026/07/13 05:46:52.129, 100, 51, 11839, 15360, 66.71, 870
2026/07/13 05:46:53.138, 100, 41, 11839, 15360, 65.69, 1035
2026/07/13 05:46:54.151, 100, 47, 11839, 15360, 66.22, 750
2026/07/13 05:46:55.160, 100, 38, 11839, 15360, 66.32, 990
2026/07/13 05:46:56.168, 100, 54, 11839, 15360, 64.79, 1005
2026/07/13 05:46:57.177, 100, 42, 11839, 15360, 67.45, 1005
2026/07/13 05:46:58.187, 100, 55, 11839, 15360, 65.73, 1035
2026/07/13 05:46:59.199, 100, 38, 11839, 15360, 66.08, 1035
2026/07/13 05:47:00.209, 100, 55, 11839, 15360, 66.22, 1005
2026/07/13 05:47:01.222, 100, 42, 11839, 15360, 65.69, 1020
2026/07/13 05:47:02.234, 100, 55, 11839, 15360, 65.98, 1035
2026/07/13 05:47:03.247, 100, 40, 11839, 15360, 66.71, 1005
2026/07/13 05:47:04.265, 100, 54, 11839, 15360, 64.95, 1020
2026/07/13 05:47:05.282, 100, 41, 11839, 15360, 65.40, 1020
2026/07/13 05:47:06.301, 100, 56, 11839, 15360, 67.35, 1020
2026/07/13 05:47:07.317, 100, 40, 11839, 15360, 67.00, 1035
2026/07/13 05:47:08.327, 96, 61, 11839, 15360, 64.26, 1035
2026/07/13 05:47:09.338, 100, 37, 11839, 15360, 65.98, 1005
2026/07/13 05:47:10.346, 96, 50, 11839, 15360, 71.23, 1020
2026/07/13 05:47:11.357, 100, 32, 11839, 15360, 62.04, 1035
2026/07/13 05:47:12.367, 100, 40, 11839, 15360, 63.57, 1230
2026/07/13 05:47:13.377, 100, 44, 11839, 15360, 67.16, 855
2026/07/13 05:47:14.387, 100, 42, 11839, 15360, 65.73, 990
2026/07/13 05:47:15.396, 100, 43, 11839, 15360, 67.94, 690
2026/07/13 05:47:16.406, 100, 41, 11839, 15360, 64.16, 1035
2026/07/13 05:47:17.429, 100, 55, 11839, 15360, 72.01, 825
2026/07/13 05:47:18.456, 100, 41, 11839, 15360, 65.03, 1020
2026/07/13 05:47:19.477, 100, 47, 11839, 15360, 66.42, 885
2026/07/13 05:47:20.486, 100, 39, 11839, 15360, 67.00, 1035
2026/07/13 05:47:21.494, 100, 54, 11839, 15360, 74.95, 765
2026/07/13 05:47:22.508, 100, 40, 11839, 15360, 66.81, 1065
2026/07/13 05:47:23.516, 100, 57, 11839, 15360, 67.69, 795
2026/07/13 05:47:24.524, 100, 38, 11839, 15360, 66.32, 1050
2026/07/13 05:47:25.535, 100, 55, 11839, 15360, 63.87, 1050
2026/07/13 05:47:26.546, 100, 38, 11839, 15360, 65.34, 1050
2026/07/13 05:47:27.557, 100, 54, 11839, 15360, 65.57, 1005
2026/07/13 05:47:28.567, 100, 38, 11839, 15360, 65.34, 1035
2026/07/13 05:47:29.578, 100, 55, 11839, 15360, 66.38, 1050
2026/07/13 05:47:30.618, 100, 39, 11839, 15360, 65.97, 1005
2026/07/13 05:47:31.645, 100, 56, 11839, 15360, 67.06, 1050
2026/07/13 05:47:32.675, 100, 39, 11839, 15360, 67.45, 1050
2026/07/13 05:47:33.688, 100, 55, 11839, 15360, 66.42, 1035
2026/07/13 05:47:34.697, 100, 41, 11839, 15360, 65.24, 1020
2026/07/13 05:47:35.705, 96, 62, 11839, 15360, 66.47, 1035
2026/07/13 05:47:36.713, 100, 38, 11839, 15360, 65.83, 1020
2026/07/13 05:47:37.722, 96, 58, 11839, 15360, 64.46, 1005
2026/07/13 05:47:38.731, 100, 38, 11839, 15360, 67.10, 1005
2026/07/13 05:47:39.741, 96, 51, 11839, 15360, 63.77, 1035
2026/07/13 05:47:40.751, 100, 34, 11839, 15360, 66.32, 1035
2026/07/13 05:47:41.760, 100, 39, 11839, 15360, 65.73, 1020
2026/07/13 05:47:42.783, 100, 46, 11839, 15360, 64.79, 1035
2026/07/13 05:47:43.792, 100, 39, 11839, 15360, 46.23, 1020
2026/07/13 05:47:44.816, 100, 37, 11839, 15360, 56.46, 1050
2026/07/13 05:47:45.853, 96, 49, 11839, 15360, 71.87, 1125
2026/07/13 05:47:46.873, 100, 32, 11839, 15360, 62.38, 1005
2026/07/13 05:47:47.884, 100, 41, 11839, 15360, 64.65, 1050
2026/07/13 05:47:48.907, 100, 45, 11839, 15360, 66.12, 705
2026/07/13 05:47:49.918, 100, 41, 11839, 15360, 66.57, 1035
2026/07/13 05:47:50.929, 100, 44, 11839, 15360, 68.72, 705
2026/07/13 05:47:51.939, 100, 41, 11839, 15360, 65.53, 1020
2026/07/13 05:47:52.950, 100, 56, 11839, 15360, 72.36, 840
2026/07/13 05:47:53.959, 100, 41, 11839, 15360, 65.73, 1050
2026/07/13 05:47:54.968, 100, 47, 11839, 15360, 64.36, 1020
2026/07/13 05:47:55.976, 100, 41, 11839, 15360, 64.36, 1065
2026/07/13 05:47:56.984, 100, 54, 11839, 15360, 71.72, 765
2026/07/13 05:47:57.996, 100, 41, 11839, 15360, 65.89, 1050
2026/07/13 05:47:59.020, 100, 56, 11839, 15360, 66.02, 810
2026/07/13 05:48:00.033, 100, 41, 11839, 15360, 64.46, 1050
2026/07/13 05:48:01.047, 100, 57, 11839, 15360, 65.73, 1050
2026/07/13 05:48:02.057, 100, 40, 11839, 15360, 63.48, 1050
2026/07/13 05:48:03.064, 100, 54, 11839, 15360, 66.42, 990
2026/07/13 05:48:04.075, 100, 41, 11839, 15360, 67.89, 1050
2026/07/13 05:48:05.085, 100, 56, 11839, 15360, 66.71, 1050
2026/07/13 05:48:06.096, 100, 42, 11839, 15360, 65.63, 1050
2026/07/13 05:48:07.104, 100, 57, 11839, 15360, 66.61, 1035
2026/07/13 05:48:08.113, 100, 41, 11839, 15360, 64.95, 1035
2026/07/13 05:48:09.122, 100, 56, 11839, 15360, 66.12, 1050
2026/07/13 05:48:10.130, 100, 39, 11839, 15360, 66.02, 1035
2026/07/13 05:48:11.138, 100, 56, 11839, 15360, 65.44, 1050
2026/07/13 05:48:12.148, 100, 41, 11839, 15360, 68.29, 1020
2026/07/13 05:48:13.192, 94, 62, 11839, 15360, 66.12, 1035
2026/07/13 05:48:14.206, 100, 39, 11839, 15360, 66.96, 1050
2026/07/13 05:48:15.220, 93, 58, 11839, 15360, 66.22, 1050
2026/07/13 05:48:16.227, 100, 37, 11839, 15360, 65.77, 1050
2026/07/13 05:48:17.235, 96, 54, 11839, 15360, 64.75, 1020
2026/07/13 05:48:18.245, 100, 33, 11839, 15360, 65.93, 1035
2026/07/13 05:48:19.253, 100, 47, 11839, 15360, 66.08, 1050
2026/07/13 05:48:20.262, 100, 31, 11839, 15360, 65.48, 1005
2026/07/13 05:48:21.273, 100, 40, 11839, 15360, 68.14, 1050
2026/07/13 05:48:22.283, 100, 44, 11839, 15360, 66.47, 1050
2026/07/13 05:48:23.292, 100, 42, 11839, 15360, 54.20, 1095
2026/07/13 05:48:24.301, 100, 44, 11839, 15360, 54.99, 870
2026/07/13 05:48:25.316, 100, 42, 11839, 15360, 65.14, 1035
2026/07/13 05:48:26.330, 100, 53, 11839, 15360, 67.75, 690
2026/07/13 05:48:27.361, 100, 40, 11839, 15360, 66.26, 1020
2026/07/13 05:48:28.377, 100, 45, 11839, 15360, 66.12, 705
2026/07/13 05:48:29.392, 100, 41, 11839, 15360, 67.59, 1020
2026/07/13 05:48:30.402, 100, 50, 11839, 15360, 71.72, 810
2026/07/13 05:48:31.412, 100, 42, 11839, 15360, 65.63, 1035
2026/07/13 05:48:32.425, 100, 55, 11839, 15360, 59.63, 975
2026/07/13 05:48:33.436, 100, 41, 11839, 15360, 65.10, 1020
2026/07/13 05:48:34.444, 100, 54, 11839, 15360, 69.41, 780
2026/07/13 05:48:35.453, 100, 40, 11839, 15360, 66.16, 1035
2026/07/13 05:48:36.466, 100, 55, 11839, 15360, 68.10, 795
2026/07/13 05:48:37.477, 100, 40, 11839, 15360, 65.73, 1050
2026/07/13 05:48:38.486, 100, 57, 11839, 15360, 66.96, 1005
2026/07/13 05:48:39.495, 100, 41, 11839, 15360, 64.75, 1035
2026/07/13 05:48:40.508, 100, 56, 11839, 15360, 65.14, 1035
2026/07/13 05:48:41.517, 100, 41, 11839, 15360, 66.12, 1050
2026/07/13 05:48:42.528, 100, 56, 11839, 15360, 65.73, 1035
2026/07/13 05:48:43.538, 100, 41, 11839, 15360, 65.93, 1050
2026/07/13 05:48:44.551, 100, 54, 11839, 15360, 66.96, 1050
2026/07/13 05:48:45.562, 100, 41, 11839, 15360, 66.75, 1020
2026/07/13 05:48:46.571, 99, 55, 11839, 15360, 65.18, 1035
2026/07/13 05:48:47.579, 100, 41, 11839, 15360, 68.33, 1050
2026/07/13 05:48:48.593, 96, 60, 11839, 15360, 66.57, 1050
2026/07/13 05:48:49.605, 100, 38, 11839, 15360, 65.57, 1035
2026/07/13 05:48:50.616, 96, 58, 11839, 15360, 66.12, 1035
2026/07/13 05:48:51.625, 100, 38, 11839, 15360, 66.22, 1035
2026/07/13 05:48:52.633, 96, 52, 11839, 15360, 65.93, 1050
2026/07/13 05:48:53.643, 100, 32, 11839, 15360, 65.63, 1050
2026/07/13 05:48:54.652, 100, 40, 11839, 15360, 66.38, 1065
2026/07/13 05:48:55.664, 100, 47, 11839, 15360, 67.20, 1050
2026/07/13 05:48:56.697, 94, 56, 11839, 15360, 68.49, 1050
2026/07/13 05:48:57.720, 100, 36, 11839, 15360, 58.65, 1050
2026/07/13 05:48:58.729, 96, 53, 11839, 15360, 68.33, 1080
2026/07/13 05:48:59.740, 100, 32, 11839, 15360, 61.79, 1005
2026/07/13 05:49:00.754, 100, 39, 11839, 15360, 64.36, 1125
2026/07/13 05:49:01.771, 100, 43, 11839, 15360, 56.33, 915
2026/07/13 05:49:02.785, 100, 41, 11839, 15360, 64.81, 1050
2026/07/13 05:49:03.793, 100, 42, 11839, 15360, 67.94, 690
2026/07/13 05:49:04.803, 100, 42, 11839, 15360, 65.59, 1020
2026/07/13 05:49:05.814, 100, 48, 11839, 15360, 64.00, 810
2026/07/13 05:49:06.823, 100, 41, 11839, 15360, 66.51, 1035
2026/07/13 05:49:07.834, 100, 50, 11839, 15360, 71.62, 750
2026/07/13 05:49:08.860, 100, 40, 11839, 15360, 63.28, 1035
2026/07/13 05:49:09.878, 100, 50, 11839, 15360, 66.71, 1035
2026/07/13 05:49:10.921, 100, 41, 11839, 15360, 66.71, 1035
2026/07/13 05:49:11.944, 100, 54, 11839, 15360, 70.74, 1005
2026/07/13 05:49:12.962, 100, 41, 11839, 15360, 65.04, 1035
2026/07/13 05:49:13.971, 100, 55, 11839, 15360, 65.53, 765
2026/07/13 05:49:14.980, 100, 42, 11839, 15360, 66.08, 1050
2026/07/13 05:49:15.990, 100, 56, 11839, 15360, 66.51, 930
2026/07/13 05:49:17.000, 100, 39, 11839, 15360, 67.06, 1005
2026/07/13 05:49:18.011, 100, 55, 11839, 15360, 66.28, 1035
2026/07/13 05:49:19.022, 100, 42, 11839, 15360, 65.20, 1020
2026/07/13 05:49:20.030, 100, 55, 11839, 15360, 66.81, 1020
2026/07/13 05:49:21.038, 100, 41, 11839, 15360, 66.08, 1050
2026/07/13 05:49:22.049, 100, 55, 11839, 15360, 65.89, 1050
2026/07/13 05:49:23.059, 100, 41, 11839, 15360, 65.38, 1050
2026/07/13 05:49:24.072, 100, 56, 11839, 15360, 66.28, 1050
2026/07/13 05:49:25.089, 100, 39, 11839, 15360, 64.75, 1050
2026/07/13 05:49:26.112, 100, 55, 11839, 15360, 67.98, 1035
2026/07/13 05:49:27.124, 100, 41, 11839, 15360, 64.50, 1020
2026/07/13 05:49:28.136, 96, 61, 11839, 15360, 65.98, 1050
2026/07/13 05:49:29.144, 100, 37, 11839, 15360, 67.30, 1050
2026/07/13 05:49:30.152, 96, 58, 11839, 15360, 65.83, 1020
2026/07/13 05:49:31.165, 100, 36, 11839, 15360, 66.02, 1035
2026/07/13 05:49:32.176, 96, 54, 11839, 15360, 66.47, 1050
2026/07/13 05:49:33.185, 100, 35, 11839, 15360, 66.12, 1050
2026/07/13 05:49:34.196, 98, 49, 11839, 15360, 67.30, 1035
2026/07/13 05:49:35.213, 100, 30, 11839, 15360, 64.65, 1035
2026/07/13 05:49:36.224, 100, 41, 11839, 15360, 65.59, 1035
2026/07/13 05:49:37.255, 100, 37, 11839, 15360, 64.85, 1065
2026/07/13 05:49:38.270, 94, 55, 11839, 15360, 74.37, 1050
2026/07/13 05:49:39.280, 100, 39, 11839, 15360, 61.62, 1020
2026/07/13 05:49:40.287, 96, 51, 11839, 15360, 63.51, 1125
2026/07/13 05:49:41.296, 100, 34, 11839, 15360, 66.22, 1020
2026/07/13 05:49:42.307, 100, 43, 11839, 15360, 64.79, 1065
2026/07/13 05:49:43.325, 100, 39, 11839, 15360, 70.05, 705
2026/07/13 05:49:44.335, 100, 40, 11839, 15360, 65.10, 1050
2026/07/13 05:49:45.347, 100, 45, 11839, 15360, 66.32, 675
2026/07/13 05:49:46.356, 100, 38, 11839, 15360, 65.38, 1050
2026/07/13 05:49:47.365, 100, 46, 11839, 15360, 67.10, 825
2026/07/13 05:49:48.374, 100, 42, 11839, 15360, 66.28, 1050
2026/07/13 05:49:49.384, 100, 52, 11839, 15360, 66.42, 945
2026/07/13 05:49:50.395, 100, 39, 11839, 15360, 66.91, 1050
2026/07/13 05:49:51.411, 100, 45, 11839, 15360, 71.72, 915
2026/07/13 05:49:52.445, 100, 39, 11839, 15360, 65.63, 1035
2026/07/13 05:49:53.480, 100, 53, 11839, 15360, 67.16, 780
2026/07/13 05:49:54.493, 100, 41, 11839, 15360, 65.83, 1050
2026/07/13 05:49:55.501, 100, 54, 11839, 15360, 73.24, 765
2026/07/13 05:49:56.513, 100, 41, 11839, 15360, 66.18, 1050
2026/07/13 05:49:57.522, 100, 55, 11839, 15360, 67.00, 1035
2026/07/13 05:49:58.531, 100, 41, 11839, 15360, 65.49, 1050
2026/07/13 05:49:59.539, 100, 56, 11839, 15360, 66.38, 1050
2026/07/13 05:50:00.549, 100, 42, 11839, 15360, 65.89, 1035
2026/07/13 05:50:01.558, 100, 55, 11839, 15360, 65.63, 1035
2026/07/13 05:50:02.569, 100, 41, 11839, 15360, 67.35, 1020
2026/07/13 05:50:03.580, 100, 55, 11839, 15360, 68.14, 1035
2026/07/13 05:50:04.590, 100, 39, 11839, 15360, 66.71, 1050
2026/07/13 05:50:05.618, 100, 56, 11839, 15360, 66.08, 1050
2026/07/13 05:50:06.631, 100, 41, 11839, 15360, 66.32, 1035
2026/07/13 05:50:07.642, 100, 55, 11839, 15360, 65.73, 1065
2026/07/13 05:50:08.651, 100, 42, 11839, 15360, 64.36, 1050
2026/07/13 05:50:09.659, 100, 55, 11839, 15360, 66.67, 1050
2026/07/13 05:50:10.669, 100, 38, 11839, 15360, 65.73, 1035
2026/07/13 05:50:11.680, 96, 62, 11839, 15360, 66.71, 1050
2026/07/13 05:50:12.691, 100, 38, 11839, 15360, 65.77, 1050
2026/07/13 05:50:13.699, 96, 58, 11839, 15360, 66.61, 1035
2026/07/13 05:50:14.707, 100, 37, 11839, 15360, 67.10, 1035
2026/07/13 05:50:15.715, 95, 54, 11839, 15360, 66.71, 1020
2026/07/13 05:50:16.726, 100, 36, 11839, 15360, 67.00, 1050
2026/07/13 05:50:17.735, 100, 49, 11839, 15360, 71.42, 1020
2026/07/13 05:50:18.744, 100, 31, 11839, 15360, 61.46, 1050
2026/07/13 05:50:19.753, 100, 42, 11839, 15360, 65.34, 1035
2026/07/13 05:50:20.784, 100, 45, 11839, 15360, 56.46, 1035
2026/07/13 05:50:21.792, 100, 40, 11839, 15360, 67.79, 1245
2026/07/13 05:50:22.808, 100, 43, 11839, 15360, 68.82, 960
2026/07/13 05:50:23.824, 100, 39, 11839, 15360, 64.46, 1035
2026/07/13 05:50:24.838, 100, 50, 11839, 15360, 66.67, 690
2026/07/13 05:50:25.850, 100, 41, 11839, 15360, 67.00, 1035
2026/07/13 05:50:26.857, 100, 45, 11839, 15360, 70.74, 750
2026/07/13 05:50:27.867, 100, 41, 11839, 15360, 65.53, 1035
2026/07/13 05:50:28.877, 100, 50, 11839, 15360, 68.04, 870
2026/07/13 05:50:29.899, 100, 41, 11839, 15360, 66.22, 1050
2026/07/13 05:50:30.922, 100, 54, 11839, 15360, 68.04, 855
2026/07/13 05:50:31.932, 100, 42, 11839, 15360, 65.73, 1035
2026/07/13 05:50:32.953, 100, 56, 11839, 15360, 66.51, 1020
2026/07/13 05:50:33.986, 100, 42, 11839, 15360, 64.91, 1050
2026/07/13 05:50:35.029, 100, 46, 11839, 15360, 57.31, 870
2026/07/13 05:50:36.083, 100, 41, 11839, 15360, 66.56, 1035
2026/07/13 05:50:37.097, 100, 53, 11839, 15360, 66.71, 1020
2026/07/13 05:50:38.119, 100, 40, 11839, 15360, 66.51, 1020
2026/07/13 05:50:39.129, 100, 56, 11839, 15360, 73.92, 765
2026/07/13 05:50:40.139, 100, 42, 11839, 15360, 65.48, 1050
2026/07/13 05:50:41.147, 100, 55, 11839, 15360, 65.48, 900
2026/07/13 05:50:42.159, 100, 40, 11839, 15360, 65.40, 1035
2026/07/13 05:50:43.168, 100, 56, 11839, 15360, 65.89, 1035
2026/07/13 05:50:44.179, 100, 41, 11839, 15360, 64.59, 1050
2026/07/13 05:50:45.186, 100, 55, 11839, 15360, 67.69, 1050
2026/07/13 05:50:46.201, 100, 39, 11839, 15360, 66.61, 1020
2026/07/13 05:50:47.213, 100, 56, 11839, 15360, 67.45, 1050
2026/07/13 05:50:48.240, 100, 41, 11839, 15360, 63.12, 1050
2026/07/13 05:50:49.252, 100, 55, 11839, 15360, 68.53, 1035
2026/07/13 05:50:50.264, 100, 42, 11839, 15360, 69.61, 1050
2026/07/13 05:50:51.273, 100, 54, 11839, 15360, 69.65, 1050
2026/07/13 05:50:52.285, 100, 41, 11839, 15360, 64.85, 1050
2026/07/13 05:50:53.294, 100, 57, 11839, 15360, 67.98, 1050
2026/07/13 05:50:54.302, 100, 41, 11839, 15360, 66.42, 1020
2026/07/13 05:50:55.315, 96, 60, 11839, 15360, 65.63, 1020
2026/07/13 05:50:56.325, 100, 37, 11839, 15360, 65.14, 1035
2026/07/13 05:50:57.334, 96, 61, 11839, 15360, 65.24, 1050
2026/07/13 05:50:58.342, 100, 38, 11839, 15360, 64.46, 1065
2026/07/13 05:50:59.352, 96, 55, 11839, 15360, 65.93, 1050
2026/07/13 05:51:00.365, 100, 37, 11839, 15360, 65.28, 1050
2026/07/13 05:51:01.374, 94, 49, 11839, 15360, 69.21, 1035
2026/07/13 05:51:02.402, 100, 30, 11839, 15360, 65.63, 1050
2026/07/13 05:51:03.418, 100, 41, 11839, 15360, 66.12, 1020
2026/07/13 05:51:04.432, 100, 46, 11839, 15360, 65.77, 1035
2026/07/13 05:51:05.450, 100, 41, 11839, 15360, 68.63, 1080
2026/07/13 05:51:06.467, 100, 43, 11839, 15360, 60.71, 1035
2026/07/13 05:51:07.477, 100, 39, 11839, 15360, 63.97, 1095
2026/07/13 05:51:08.494, 100, 52, 11839, 15360, 66.51, 900
2026/07/13 05:51:09.518, 100, 42, 11839, 15360, 67.84, 1050
2026/07/13 05:51:10.527, 100, 45, 11839, 15360, 68.14, 690
2026/07/13 05:51:11.538, 100, 41, 11839, 15360, 66.32, 1035
2026/07/13 05:51:12.547, 100, 43, 11839, 15360, 71.91, 855
2026/07/13 05:51:13.557, 100, 41, 11839, 15360, 65.00, 1005
2026/07/13 05:51:14.568, 100, 53, 11839, 15360, 61.30, 930
2026/07/13 05:51:15.577, 100, 39, 11839, 15360, 66.67, 1050
2026/07/13 05:51:16.593, 100, 45, 11839, 15360, 68.24, 915
2026/07/13 05:51:17.618, 100, 41, 11839, 15360, 65.98, 1050
2026/07/13 05:51:18.635, 100, 52, 11839, 15360, 66.28, 765
2026/07/13 05:51:19.646, 100, 42, 11839, 15360, 65.73, 1005
2026/07/13 05:51:20.664, 100, 54, 11839, 15360, 64.85, 825
2026/07/13 05:51:21.675, 100, 39, 11839, 15360, 67.00, 1050
2026/07/13 05:51:22.684, 100, 57, 11839, 15360, 66.18, 1050
2026/07/13 05:51:23.696, 100, 41, 11839, 15360, 65.97, 1050
2026/07/13 05:51:24.711, 100, 55, 11839, 15360, 67.30, 1020
2026/07/13 05:51:25.723, 100, 40, 11839, 15360, 64.55, 1035
2026/07/13 05:51:26.740, 100, 54, 11839, 15360, 68.43, 1050
2026/07/13 05:51:27.752, 100, 41, 11839, 15360, 68.43, 1065
2026/07/13 05:51:28.760, 100, 56, 11839, 15360, 67.04, 1035
2026/07/13 05:51:29.775, 100, 40, 11839, 15360, 65.44, 1050
2026/07/13 05:51:30.795, 100, 54, 11839, 15360, 66.38, 1050
2026/07/13 05:51:31.813, 100, 41, 11839, 15360, 67.59, 1050
2026/07/13 05:51:32.825, 100, 55, 11839, 15360, 66.38, 1050
2026/07/13 05:51:33.847, 100, 42, 11839, 15360, 66.61, 1050
2026/07/13 05:51:34.857, 100, 54, 11839, 15360, 65.83, 1050
2026/07/13 05:51:35.868, 100, 41, 11839, 15360, 66.38, 1050
2026/07/13 05:51:36.875, 100, 57, 11839, 15360, 67.83, 1035
2026/07/13 05:51:37.884, 100, 41, 11839, 15360, 67.40, 1050
2026/07/13 05:51:38.896, 96, 62, 11839, 15360, 67.10, 1050
2026/07/13 05:51:39.908, 100, 37, 11839, 15360, 66.02, 1020
2026/07/13 05:51:40.915, 96, 57, 11839, 15360, 65.14, 1050
2026/07/13 05:51:41.937, 100, 39, 11839, 15360, 68.47, 1050
2026/07/13 05:51:42.948, 96, 54, 11839, 15360, 64.99, 1035
2026/07/13 05:51:43.969, 100, 33, 11839, 15360, 65.14, 1050
2026/07/13 05:51:44.982, 100, 48, 11839, 15360, 66.32, 1035
2026/07/13 05:51:46.013, 100, 34, 11839, 15360, 65.63, 1020
2026/07/13 05:51:47.029, 100, 41, 11839, 15360, 65.63, 1020
2026/07/13 05:51:48.050, 100, 46, 11839, 15360, 69.36, 1050
2026/07/13 05:51:49.062, 100, 42, 11839, 15360, 73.67, 1080
2026/07/13 05:51:50.079, 100, 36, 11839, 15360, 64.44, 1065
2026/07/13 05:51:51.090, 96, 52, 11839, 15360, 62.97, 1095
2026/07/13 05:51:52.104, 100, 34, 11839, 15360, 55.18, 1005
2026/07/13 05:51:53.113, 100, 48, 11839, 15360, 66.12, 1065
2026/07/13 05:51:54.129, 100, 31, 11839, 15360, 66.91, 885
2026/07/13 05:51:55.139, 100, 42, 11839, 15360, 65.42, 1065
2026/07/13 05:51:56.147, 100, 45, 11839, 15360, 72.60, 690
2026/07/13 05:51:57.157, 100, 40, 11839, 15360, 64.55, 1020
2026/07/13 05:51:58.165, 100, 44, 11839, 15360, 66.91, 750
2026/07/13 05:51:59.177, 100, 41, 11839, 15360, 65.98, 1050
2026/07/13 05:52:00.200, 100, 46, 11839, 15360, 74.02, 840
2026/07/13 05:52:01.227, 100, 41, 11839, 15360, 65.53, 1050
2026/07/13 05:52:02.246, 100, 55, 11839, 15360, 60.22, 810
2026/07/13 05:52:03.256, 100, 41, 11839, 15360, 62.53, 1080
2026/07/13 05:52:04.266, 100, 45, 11839, 15360, 67.10, 1050
2026/07/13 05:52:05.278, 100, 42, 11839, 15360, 66.02, 1035
2026/07/13 05:52:06.291, 100, 51, 11839, 15360, 73.73, 795
2026/07/13 05:52:07.307, 100, 39, 11839, 15360, 64.79, 1065
2026/07/13 05:52:08.316, 100, 54, 11839, 15360, 67.55, 765
2026/07/13 05:52:09.326, 100, 42, 11839, 15360, 65.30, 1035
2026/07/13 05:52:10.334, 100, 57, 11839, 15360, 65.53, 1035
2026/07/13 05:52:11.341, 100, 39, 11839, 15360, 67.40, 1050
2026/07/13 05:52:12.349, 100, 55, 11839, 15360, 66.28, 1035
2026/07/13 05:52:13.360, 100, 42, 11839, 15360, 64.36, 1050
2026/07/13 05:52:14.373, 100, 57, 11839, 15360, 66.47, 1050
2026/07/13 05:52:15.385, 100, 42, 11839, 15360, 66.61, 1050
2026/07/13 05:52:16.394, 100, 56, 11839, 15360, 67.69, 1050
2026/07/13 05:52:17.403, 100, 39, 11839, 15360, 67.16, 1080
2026/07/13 05:52:18.413, 100, 55, 11839, 15360, 65.83, 1020
2026/07/13 05:52:19.431, 100, 42, 11839, 15360, 66.75, 1035
2026/07/13 05:52:20.442, 100, 54, 11839, 15360, 65.77, 1020
2026/07/13 05:52:21.452, 100, 39, 11839, 15360, 65.93, 1050
2026/07/13 05:52:22.459, 100, 56, 11839, 15360, 65.67, 1035
2026/07/13 05:52:23.467, 100, 41, 11839, 15360, 66.38, 1050
2026/07/13 05:52:24.474, 100, 56, 11839, 15360, 65.93, 1065
2026/07/13 05:52:25.489, 100, 41, 11839, 15360, 65.14, 1050
2026/07/13 05:52:26.501, 94, 60, 11839, 15360, 67.79, 1035
2026/07/13 05:52:27.522, 100, 39, 11839, 15360, 65.93, 1050
2026/07/13 05:52:28.548, 94, 57, 11839, 15360, 65.63, 1050
2026/07/13 05:52:29.573, 100, 37, 11839, 15360, 65.93, 1065
2026/07/13 05:52:30.592, 96, 54, 11839, 15360, 66.02, 1035
2026/07/13 05:52:31.602, 100, 34, 11839, 15360, 66.61, 1035
2026/07/13 05:52:32.613, 99, 50, 11839, 15360, 68.72, 1050
2026/07/13 05:52:33.624, 100, 30, 11839, 15360, 64.06, 1035
2026/07/13 05:52:34.633, 100, 41, 11839, 15360, 47.51, 1080
2026/07/13 05:52:35.642, 100, 46, 11839, 15360, 56.30, 1035
2026/07/13 05:52:36.653, 100, 41, 11839, 15360, 66.02, 1185
2026/07/13 05:52:37.664, 100, 43, 11839, 15360, 66.81, 960
2026/07/13 05:52:38.673, 100, 39, 11839, 15360, 65.67, 1050
2026/07/13 05:52:39.689, 100, 49, 11839, 15360, 69.80, 810
2026/07/13 05:52:40.709, 100, 41, 11839, 15360, 66.56, 1035
2026/07/13 05:52:41.740, 100, 45, 11839, 15360, 69.12, 690
2026/07/13 05:52:42.768, 100, 40, 11839, 15360, 66.95, 1005
2026/07/13 05:52:43.782, 100, 43, 11839, 15360, 67.69, 795
2026/07/13 05:52:44.790, 100, 41, 11839, 15360, 64.50, 1020
2026/07/13 05:52:45.798, 100, 49, 11839, 15360, 62.93, 840
2026/07/13 05:52:46.806, 100, 41, 11839, 15360, 66.02, 1035
2026/07/13 05:52:47.819, 100, 43, 11839, 15360, 66.81, 990
2026/07/13 05:52:48.842, 100, 39, 11839, 15360, 66.32, 990
2026/07/13 05:52:49.853, 100, 53, 11839, 15360, 66.32, 750
2026/07/13 05:52:50.862, 100, 39, 11839, 15360, 67.59, 1020
2026/07/13 05:52:51.872, 100, 54, 11839, 15360, 65.12, 1035
2026/07/13 05:52:52.884, 100, 41, 11839, 15360, 65.87, 1020
2026/07/13 05:52:53.892, 100, 54, 11839, 15360, 65.38, 1035
2026/07/13 05:52:54.904, 100, 38, 11839, 15360, 66.51, 1020
2026/07/13 05:52:55.918, 100, 55, 11839, 15360, 66.81, 1005
2026/07/13 05:52:56.947, 100, 39, 11839, 15360, 65.44, 1020
2026/07/13 05:52:57.972, 100, 54, 11839, 15360, 64.36, 1020
2026/07/13 05:52:58.984, 100, 41, 11839, 15360, 63.85, 990
2026/07/13 05:52:59.992, 100, 56, 11839, 15360, 64.69, 990
2026/07/13 05:53:01.003, 100, 41, 11839, 15360, 64.65, 1020
2026/07/13 05:53:02.012, 96, 58, 11839, 15360, 66.61, 1005
2026/07/13 05:53:03.019, 100, 35, 11839, 15360, 66.56, 1020
2026/07/13 05:53:04.032, 96, 53, 11839, 15360, 65.28, 1005
2026/07/13 05:53:05.044, 100, 29, 11839, 15360, 65.38, 1035
2026/07/13 05:53:06.052, 100, 41, 11839, 15360, 62.71, 1245
2026/07/13 05:53:07.065, 100, 43, 11839, 15360, 55.67, 750
2026/07/13 05:53:08.077, 100, 41, 11839, 15360, 65.77, 1005
2026/07/13 05:53:09.085, 100, 49, 11839, 15360, 71.62, 675
2026/07/13 05:53:10.120, 100, 41, 11839, 15360, 66.12, 1005
2026/07/13 05:53:11.146, 100, 47, 11839, 15360, 61.10, 795
2026/07/13 05:53:12.159, 100, 40, 11839, 15360, 65.18, 1035
2026/07/13 05:53:13.183, 100, 54, 11839, 15360, 70.88, 750
2026/07/13 05:53:14.199, 100, 39, 11839, 15360, 65.28, 1020
2026/07/13 05:53:15.211, 100, 54, 11839, 15360, 66.46, 1020
2026/07/13 05:53:16.219, 100, 38, 11839, 15360, 64.59, 1020
2026/07/13 05:53:17.228, 100, 55, 11839, 15360, 67.59, 990
2026/07/13 05:53:18.239, 100, 41, 11839, 15360, 65.28, 1020
2026/07/13 05:53:19.247, 100, 54, 11839, 15360, 66.71, 1005
2026/07/13 05:53:20.255, 100, 41, 11839, 15360, 64.79, 1035
2026/07/13 05:53:21.264, 100, 54, 11839, 15360, 65.67, 1005
2026/07/13 05:53:22.273, 100, 40, 11839, 15360, 65.28, 1050
2026/07/13 05:53:23.281, 94, 60, 11839, 15360, 65.57, 1020
2026/07/13 05:53:24.306, 100, 37, 11839, 15360, 66.42, 1035
2026/07/13 05:53:25.332, 93, 53, 11839, 15360, 66.12, 1020
2026/07/13 05:53:26.362, 100, 41, 11839, 15360, 66.36, 1035
2026/07/13 05:53:27.388, 96, 62, 11839, 15360, 65.12, 1035
2026/07/13 05:53:28.405, 100, 36, 11839, 15360, 67.04, 1035
2026/07/13 05:53:29.414, 96, 58, 11839, 15360, 68.63, 1020
2026/07/13 05:53:30.422, 100, 36, 11839, 15360, 62.57, 990
2026/07/13 05:53:31.434, 100, 49, 11839, 15360, 64.59, 1155
2026/07/13 05:53:32.447, 100, 32, 11839, 15360, 67.20, 945
2026/07/13 05:53:33.457, 100, 38, 11839, 15360, 65.53, 1035
2026/07/13 05:53:34.468, 100, 43, 11839, 15360, 69.90, 675
2026/07/13 05:53:35.477, 100, 41, 11839, 15360, 64.95, 1020
2026/07/13 05:53:36.486, 100, 48, 11839, 15360, 71.42, 810
2026/07/13 05:53:37.495, 100, 41, 11839, 15360, 64.93, 1020
2026/07/13 05:53:38.511, 100, 44, 11839, 15360, 66.81, 1020
2026/07/13 05:53:39.520, 100, 40, 11839, 15360, 66.02, 1020
2026/07/13 05:53:40.543, 100, 52, 11839, 15360, 64.20, 765
2026/07/13 05:53:41.559, 100, 40, 11839, 15360, 63.32, 1050
2026/07/13 05:53:42.568, 100, 56, 11839, 15360, 66.61, 1050
2026/07/13 05:53:43.575, 100, 41, 11839, 15360, 65.97, 1050
2026/07/13 05:53:44.583, 100, 55, 11839, 15360, 67.14, 1035
2026/07/13 05:53:45.591, 100, 42, 11839, 15360, 66.91, 1020
2026/07/13 05:53:46.603, 100, 54, 11839, 15360, 64.30, 1035
2026/07/13 05:53:47.613, 100, 41, 11839, 15360, 66.75, 1020
2026/07/13 05:53:48.624, 100, 56, 11839, 15360, 65.18, 1035
2026/07/13 05:53:49.635, 100, 42, 11839, 15360, 63.26, 1050
2026/07/13 05:53:50.643, 100, 56, 11839, 15360, 68.18, 1035
2026/07/13 05:53:51.655, 100, 41, 11839, 15360, 65.87, 990
2026/07/13 05:53:52.669, 100, 57, 11839, 15360, 66.22, 1050
2026/07/13 05:53:53.686, 100, 38, 11839, 15360, 66.02, 1020
2026/07/13 05:53:54.708, 94, 62, 11839, 15360, 66.32, 1050
2026/07/13 05:53:55.722, 100, 38, 11839, 15360, 64.30, 1050
2026/07/13 05:53:56.733, 95, 56, 11839, 15360, 65.73, 1050
2026/07/13 05:53:57.742, 100, 36, 11839, 15360, 64.89, 1020
2026/07/13 05:53:58.750, 95, 49, 11839, 15360, 65.24, 1005
2026/07/13 05:53:59.758, 100, 29, 11839, 15360, 65.81, 1035
2026/07/13 05:54:00.768, 100, 41, 11839, 15360, 63.40, 1080
2026/07/13 05:54:01.785, 100, 46, 11839, 15360, 55.45, 945
2026/07/13 05:54:02.794, 100, 40, 11839, 15360, 65.93, 1050
2026/07/13 05:54:03.805, 100, 46, 11839, 15360, 67.89, 675
2026/07/13 05:54:04.815, 100, 40, 11839, 15360, 63.85, 1035
2026/07/13 05:54:05.827, 100, 53, 11839, 15360, 66.85, 735
2026/07/13 05:54:06.861, 100, 39, 11839, 15360, 66.16, 1020
2026/07/13 05:54:07.872, 100, 50, 11839, 15360, 58.52, 810
2026/07/13 05:54:08.896, 100, 40, 11839, 15360, 67.89, 1035
2026/07/13 05:54:09.931, 100, 54, 11839, 15360, 66.85, 1005
2026/07/13 05:54:10.941, 100, 41, 11839, 15360, 65.87, 1020
2026/07/13 05:54:11.951, 100, 54, 11839, 15360, 64.34, 765
2026/07/13 05:54:12.961, 100, 42, 11839, 15360, 64.34, 1050
2026/07/13 05:54:13.972, 100, 55, 11839, 15360, 67.93, 1020
2026/07/13 05:54:14.979, 100, 41, 11839, 15360, 64.59, 1035
2026/07/13 05:54:15.991, 100, 55, 11839, 15360, 67.24, 1020
2026/07/13 05:54:17.003, 100, 41, 11839, 15360, 65.08, 1035
2026/07/13 05:54:18.015, 100, 55, 11839, 15360, 65.28, 1050
2026/07/13 05:54:19.037, 100, 39, 11839, 15360, 65.81, 1035
2026/07/13 05:54:20.048, 100, 55, 11839, 15360, 64.63, 1020
2026/07/13 05:54:21.064, 100, 41, 11839, 15360, 65.12, 1035
2026/07/13 05:54:22.079, 94, 59, 11839, 15360, 65.56, 1035
2026/07/13 05:54:23.091, 100, 38, 11839, 15360, 65.08, 1035
2026/07/13 05:54:24.108, 100, 55, 11839, 15360, 66.36, 1050
2026/07/13 05:54:25.118, 100, 41, 11839, 15360, 64.93, 1035
2026/07/13 05:54:26.136, 100, 55, 11839, 15360, 68.22, 1005
2026/07/13 05:54:27.151, 100, 41, 11839, 15360, 67.30, 1005
2026/07/13 05:54:28.162, 96, 61, 11839, 15360, 66.50, 1035
2026/07/13 05:54:29.173, 100, 37, 11839, 15360, 64.73, 990
2026/07/13 05:54:30.185, 96, 55, 11839, 15360, 69.94, 1020
2026/07/13 05:54:31.195, 100, 36, 11839, 15360, 64.30, 1035
2026/07/13 05:54:32.205, 97, 49, 11839, 15360, 64.89, 1170
2026/07/13 05:54:33.216, 100, 30, 11839, 15360, 63.91, 945
2026/07/13 05:54:34.226, 100, 39, 11839, 15360, 64.95, 1035
2026/07/13 05:54:35.260, 100, 44, 11839, 15360, 68.82, 675
2026/07/13 05:54:36.283, 100, 41, 11839, 15360, 66.61, 1050
2026/07/13 05:54:37.308, 100, 49, 11839, 15360, 70.19, 750
2026/07/13 05:54:38.322, 100, 41, 11839, 15360, 65.97, 1035
2026/07/13 05:54:39.332, 100, 43, 11839, 15360, 70.19, 795
2026/07/13 05:54:40.341, 100, 39, 11839, 15360, 65.77, 1005
2026/07/13 05:54:41.348, 100, 53, 11839, 15360, 61.98, 765
2026/07/13 05:54:42.366, 100, 38, 11839, 15360, 67.04, 1035
2026/07/13 05:54:43.375, 100, 55, 11839, 15360, 71.27, 750
2026/07/13 05:54:44.390, 100, 40, 11839, 15360, 68.18, 1035
2026/07/13 05:54:45.398, 100, 56, 11839, 15360, 65.73, 1035
2026/07/13 05:54:46.408, 100, 41, 11839, 15360, 66.36, 1005
2026/07/13 05:54:47.422, 100, 55, 11839, 15360, 66.36, 1020
2026/07/13 05:54:48.433, 100, 41, 11839, 15360, 66.85, 1035
2026/07/13 05:54:49.456, 100, 54, 11839, 15360, 64.59, 1035
2026/07/13 05:54:50.472, 100, 39, 11839, 15360, 67.04, 1035
2026/07/13 05:54:51.504, 100, 55, 11839, 15360, 66.81, 1020
2026/07/13 05:54:52.529, 100, 41, 11839, 15360, 67.49, 990
2026/07/13 05:54:53.539, 100, 55, 11839, 15360, 65.18, 1035
2026/07/13 05:54:54.552, 100, 41, 11839, 15360, 67.26, 1020
2026/07/13 05:54:55.562, 96, 60, 11839, 15360, 66.51, 1050
2026/07/13 05:54:56.573, 100, 37, 11839, 15360, 67.30, 1020
2026/07/13 05:54:57.582, 96, 54, 11839, 15360, 64.95, 990
2026/07/13 05:54:58.590, 100, 34, 11839, 15360, 66.32, 990
2026/07/13 05:54:59.601, 100, 45, 11839, 15360, 66.02, 1035
2026/07/13 05:55:00.612, 100, 35, 11839, 15360, 64.10, 1035
2026/07/13 05:55:01.620, 100, 41, 11839, 15360, 64.40, 1035
2026/07/13 05:55:02.633, 100, 42, 11839, 15360, 57.05, 1020
2026/07/13 05:55:03.642, 100, 40, 11839, 15360, 66.16, 1050
2026/07/13 05:55:04.663, 100, 52, 11839, 15360, 70.78, 855
2026/07/13 05:55:05.684, 100, 41, 11839, 15360, 67.40, 1035
2026/07/13 05:55:06.708, 100, 44, 11839, 15360, 70.68, 675
2026/07/13 05:55:07.721, 100, 39, 11839, 15360, 65.08, 1005
2026/07/13 05:55:08.731, 100, 45, 11839, 15360, 70.49, 810
2026/07/13 05:55:09.744, 100, 39, 11839, 15360, 66.85, 1020
2026/07/13 05:55:10.755, 100, 49, 11839, 15360, 59.17, 990
2026/07/13 05:55:11.767, 100, 40, 11839, 15360, 65.67, 1035
2026/07/13 05:55:12.778, 100, 51, 11839, 15360, 70.29, 750
2026/07/13 05:55:13.787, 100, 41, 11839, 15360, 66.16, 1020
2026/07/13 05:55:14.799, 100, 56, 11839, 15360, 67.89, 1035
2026/07/13 05:55:15.810, 100, 39, 11839, 15360, 65.08, 1020
2026/07/13 05:55:16.822, 100, 55, 11839, 15360, 67.59, 1020
2026/07/13 05:55:17.835, 100, 42, 11839, 15360, 65.03, 1035
2026/07/13 05:55:18.849, 100, 55, 11839, 15360, 65.93, 1050
2026/07/13 05:55:19.861, 100, 39, 11839, 15360, 64.50, 1035
2026/07/13 05:55:20.869, 100, 54, 11839, 15360, 66.61, 1050
2026/07/13 05:55:21.877, 100, 39, 11839, 15360, 66.50, 975
2026/07/13 05:55:22.888, 100, 54, 11839, 15360, 65.38, 1005
2026/07/13 05:55:23.900, 100, 41, 11839, 15360, 64.20, 1035
2026/07/13 05:55:24.912, 100, 56, 11839, 15360, 65.24, 1050
2026/07/13 05:55:25.922, 100, 40, 11839, 15360, 67.49, 1005
2026/07/13 05:55:26.932, 93, 59, 11839, 15360, 66.95, 1035
2026/07/13 05:55:27.943, 100, 36, 11839, 15360, 66.12, 1020
2026/07/13 05:55:28.953, 96, 53, 11839, 15360, 67.49, 1080
2026/07/13 05:55:29.962, 100, 31, 11839, 15360, 62.57, 1020
2026/07/13 05:55:30.972, 100, 41, 11839, 15360, 66.56, 1200
2026/07/13 05:55:32.008, 100, 44, 11839, 15360, 67.59, 690
2026/07/13 05:55:33.021, 100, 41, 11839, 15360, 64.85, 1020
2026/07/13 05:55:34.043, 100, 45, 11839, 15360, 68.57, 660
2026/07/13 05:55:35.067, 100, 37, 11839, 15360, 65.77, 1020
2026/07/13 05:55:36.077, 100, 48, 11839, 15360, 60.16, 810
2026/07/13 05:55:37.086, 100, 41, 11839, 15360, 65.34, 1035
2026/07/13 05:55:38.098, 100, 51, 11839, 15360, 73.09, 870
2026/07/13 05:55:39.116, 100, 40, 11839, 15360, 64.30, 1020
2026/07/13 05:55:40.129, 100, 54, 11839, 15360, 68.08, 735
2026/07/13 05:55:41.140, 100, 41, 11839, 15360, 65.44, 1020
2026/07/13 05:55:42.149, 100, 55, 11839, 15360, 64.75, 1020
2026/07/13 05:55:43.160, 100, 40, 11839, 15360, 65.93, 1020
2026/07/13 05:55:44.172, 100, 54, 11839, 15360, 66.32, 1035
2026/07/13 05:55:45.183, 100, 39, 11839, 15360, 66.42, 1005
2026/07/13 05:55:46.195, 100, 54, 11839, 15360, 68.67, 1020
2026/07/13 05:55:47.211, 100, 41, 11839, 15360, 65.44, 1035
2026/07/13 05:55:48.251, 100, 55, 11839, 15360, 65.44, 1020
2026/07/13 05:55:49.264, 100, 40, 11839, 15360, 65.67, 1035
2026/07/13 05:55:50.274, 96, 58, 11839, 15360, 66.96, 1020
2026/07/13 05:55:51.286, 100, 38, 11839, 15360, 65.24, 1020
2026/07/13 05:55:52.294, 96, 55, 11839, 15360, 66.32, 1035
2026/07/13 05:55:53.304, 100, 35, 11839, 15360, 66.12, 1035
2026/07/13 05:55:54.312, 96, 51, 11839, 15360, 65.28, 1020
2026/07/13 05:55:55.321, 100, 29, 11839, 15360, 66.32, 1035
2026/07/13 05:55:56.332, 100, 41, 11839, 15360, 71.72, 990
2026/07/13 05:55:57.346, 100, 43, 11839, 15360, 61.95, 1035
2026/07/13 05:55:58.358, 100, 41, 11839, 15360, 66.28, 1245
2026/07/13 05:55:59.367, 100, 45, 11839, 15360, 66.42, 960
2026/07/13 05:56:00.399, 100, 40, 11839, 15360, 65.67, 1065
2026/07/13 05:56:01.449, 100, 38, 11839, 15360, 67.45, 855
2026/07/13 05:56:02.469, 100, 41, 11839, 15360, 67.65, 1020
2026/07/13 05:56:03.484, 100, 42, 11839, 15360, 66.12, 690
2026/07/13 05:56:04.494, 100, 39, 11839, 15360, 65.14, 1005
2026/07/13 05:56:05.505, 100, 52, 11839, 15360, 67.16, 780
2026/07/13 05:56:06.514, 100, 41, 11839, 15360, 66.12, 1020
2026/07/13 05:56:07.524, 100, 48, 11839, 15360, 66.51, 885
2026/07/13 05:56:08.551, 100, 39, 11839, 15360, 63.57, 1035
2026/07/13 05:56:09.561, 100, 56, 11839, 15360, 65.49, 735
2026/07/13 05:56:10.570, 100, 41, 11839, 15360, 67.69, 1035
2026/07/13 05:56:11.577, 100, 54, 11839, 15360, 66.22, 1020
2026/07/13 05:56:12.586, 100, 41, 11839, 15360, 64.26, 1020
2026/07/13 05:56:13.599, 100, 54, 11839, 15360, 65.69, 1005
2026/07/13 05:56:14.612, 100, 40, 11839, 15360, 65.73, 1050
2026/07/13 05:56:15.634, 100, 55, 11839, 15360, 65.98, 1020
2026/07/13 05:56:16.676, 100, 41, 11839, 15360, 68.29, 1050
2026/07/13 05:56:17.695, 100, 54, 11839, 15360, 67.40, 990
2026/07/13 05:56:18.707, 100, 42, 11839, 15360, 65.63, 1035
2026/07/13 05:56:19.719, 100, 54, 11839, 15360, 65.38, 1005
2026/07/13 05:56:20.727, 100, 41, 11839, 15360, 65.53, 1020
2026/07/13 05:56:21.743, 96, 63, 11839, 15360, 65.93, 1035
2026/07/13 05:56:22.754, 100, 38, 11839, 15360, 65.08, 1035
2026/07/13 05:56:23.765, 95, 55, 11839, 15360, 66.18, 1035
2026/07/13 05:56:24.775, 100, 35, 11839, 15360, 66.32, 1020
2026/07/13 05:56:25.783, 96, 51, 11839, 15360, 65.67, 1035
2026/07/13 05:56:26.798, 100, 31, 11839, 15360, 66.42, 1035
2026/07/13 05:56:27.808, 100, 41, 11839, 15360, 74.80, 1035
2026/07/13 05:56:28.836, 100, 44, 11839, 15360, 59.14, 1005
2026/07/13 05:56:29.846, 100, 39, 11839, 15360, 64.00, 1050
2026/07/13 05:56:30.869, 100, 49, 11839, 15360, 67.84, 855
2026/07/13 05:56:31.888, 100, 41, 11839, 15360, 64.75, 1050
2026/07/13 05:56:32.901, 100, 43, 11839, 15360, 66.47, 690
2026/07/13 05:56:33.912, 100, 40, 11839, 15360, 66.91, 1035
2026/07/13 05:56:34.924, 100, 53, 11839, 15360, 57.51, 765
2026/07/13 05:56:35.933, 100, 41, 11839, 15360, 65.08, 1035
2026/07/13 05:56:36.941, 100, 56, 11839, 15360, 68.14, 855
2026/07/13 05:56:37.958, 100, 41, 11839, 15360, 66.28, 1020
2026/07/13 05:56:38.967, 100, 54, 11839, 15360, 66.71, 750
2026/07/13 05:56:39.976, 100, 41, 11839, 15360, 64.06, 1035
2026/07/13 05:56:40.985, 100, 57, 11839, 15360, 67.40, 1035
2026/07/13 05:56:41.996, 100, 39, 11839, 15360, 64.16, 1050
2026/07/13 05:56:43.025, 100, 55, 11839, 15360, 66.12, 1020
2026/07/13 05:56:44.038, 100, 41, 11839, 15360, 64.79, 1035
2026/07/13 05:56:45.048, 100, 54, 11839, 15360, 66.43, 1020
2026/07/13 05:56:46.062, 100, 39, 11839, 15360, 68.24, 1005
2026/07/13 05:56:47.075, 100, 56, 11839, 15360, 66.86, 1050
2026/07/13 05:56:48.084, 100, 41, 11839, 15360, 66.38, 1035
2026/07/13 05:56:49.100, 100, 55, 11839, 15360, 65.44, 990
2026/07/13 05:56:50.114, 100, 41, 11839, 15360, 65.87, 1020
2026/07/13 05:56:51.125, 100, 54, 11839, 15360, 66.51, 1035
2026/07/13 05:56:52.135, 100, 40, 11839, 15360, 66.32, 1020
2026/07/13 05:56:53.142, 96, 62, 11839, 15360, 66.77, 1035
2026/07/13 05:56:54.153, 100, 36, 11839, 15360, 67.20, 1035
2026/07/13 05:56:55.161, 96, 57, 11839, 15360, 66.71, 1035
2026/07/13 05:56:56.182, 100, 36, 11839, 15360, 65.04, 1050
2026/07/13 05:56:57.227, 95, 49, 11839, 15360, 58.19, 990
2026/07/13 05:56:58.252, 100, 31, 11839, 15360, 56.46, 1050
2026/07/13 05:56:59.277, 100, 39, 11839, 15360, 66.67, 1155
2026/07/13 05:57:00.295, 100, 44, 11839, 15360, 61.85, 975
2026/07/13 05:57:01.308, 100, 40, 11839, 15360, 65.53, 1035
2026/07/13 05:57:02.319, 100, 45, 11839, 15360, 66.71, 690
2026/07/13 05:57:03.329, 100, 41, 11839, 15360, 66.22, 1035
2026/07/13 05:57:04.338, 100, 47, 11839, 15360, 64.50, 825
2026/07/13 05:57:05.347, 100, 41, 11839, 15360, 66.02, 1005
2026/07/13 05:57:06.355, 100, 51, 11839, 15360, 64.36, 1020
2026/07/13 05:57:07.363, 100, 39, 11839, 15360, 66.96, 1020
2026/07/13 05:57:08.373, 100, 54, 11839, 15360, 66.91, 750
2026/07/13 05:57:09.383, 100, 42, 11839, 15360, 66.02, 1005
2026/07/13 05:57:10.412, 100, 55, 11839, 15360, 65.44, 1020
2026/07/13 05:57:11.422, 100, 40, 11839, 15360, 65.93, 1035
2026/07/13 05:57:12.445, 100, 54, 11839, 15360, 65.83, 1020
2026/07/13 05:57:13.458, 100, 38, 11839, 15360, 66.91, 1020
2026/07/13 05:57:14.469, 100, 56, 11839, 15360, 66.12, 1035
2026/07/13 05:57:15.498, 100, 38, 11839, 15360, 65.44, 990
2026/07/13 05:57:16.522, 100, 57, 11839, 15360, 64.16, 1050
2026/07/13 05:57:17.538, 100, 39, 11839, 15360, 64.51, 1005
2026/07/13 05:57:18.547, 100, 55, 11839, 15360, 65.40, 1050
2026/07/13 05:57:19.558, 100, 40, 11839, 15360, 63.65, 1020
2026/07/13 05:57:20.569, 96, 62, 11839, 15360, 65.83, 1035
2026/07/13 05:57:21.580, 100, 36, 11839, 15360, 64.85, 1050
2026/07/13 05:57:22.590, 92, 53, 11839, 15360, 66.22, 1050
2026/07/13 05:57:23.600, 100, 32, 11839, 15360, 65.00, 1020
2026/07/13 05:57:24.631, 94, 58, 11839, 15360, 67.59, 1035
2026/07/13 05:57:25.646, 100, 37, 11839, 15360, 66.42, 1035
2026/07/13 05:57:26.660, 93, 57, 11839, 15360, 66.02, 1035
2026/07/13 05:57:27.678, 100, 37, 11839, 15360, 66.71, 1035
2026/07/13 05:57:28.687, 96, 49, 11839, 15360, 71.67, 1080
2026/07/13 05:57:29.696, 100, 33, 11839, 15360, 61.40, 1020
2026/07/13 05:57:30.706, 100, 38, 11839, 15360, 64.46, 1065
2026/07/13 05:57:31.720, 100, 45, 11839, 15360, 67.65, 735
2026/07/13 05:57:32.731, 100, 40, 11839, 15360, 64.00, 1005
2026/07/13 05:57:33.742, 100, 42, 11839, 15360, 69.76, 705
2026/07/13 05:57:34.752, 100, 39, 11839, 15360, 66.28, 1020
2026/07/13 05:57:35.763, 100, 52, 11839, 15360, 71.91, 780
2026/07/13 05:57:36.773, 100, 41, 11839, 15360, 65.14, 1020
2026/07/13 05:57:37.784, 100, 45, 11839, 15360, 63.22, 1020
2026/07/13 05:57:38.820, 100, 40, 11839, 15360, 65.67, 1050
2026/07/13 05:57:39.846, 100, 52, 11839, 15360, 71.91, 765
2026/07/13 05:57:40.858, 100, 41, 11839, 15360, 67.30, 1020
2026/07/13 05:57:41.886, 100, 54, 11839, 15360, 66.61, 765
2026/07/13 05:57:42.896, 100, 40, 11839, 15360, 65.53, 1035
2026/07/13 05:57:43.906, 100, 56, 11839, 15360, 64.06, 1050
2026/07/13 05:57:44.917, 100, 38, 11839, 15360, 64.95, 1020
2026/07/13 05:57:45.927, 100, 54, 11839, 15360, 65.24, 1035
2026/07/13 05:57:46.935, 100, 41, 11839, 15360, 64.06, 1050
2026/07/13 05:57:47.943, 100, 55, 11839, 15360, 65.89, 1020
2026/07/13 05:57:48.954, 100, 41, 11839, 15360, 65.04, 1050
2026/07/13 05:57:49.963, 100, 54, 11839, 15360, 67.10, 1020
2026/07/13 05:57:50.972, 100, 41, 11839, 15360, 65.57, 1020
2026/07/13 05:57:52.002, 100, 58, 11839, 15360, 66.18, 1050
2026/07/13 05:57:53.022, 100, 41, 11839, 15360, 64.79, 1020
2026/07/13 05:57:54.038, 94, 58, 11839, 15360, 64.26, 1035
2026/07/13 05:57:55.049, 100, 35, 11839, 15360, 64.95, 1020
2026/07/13 05:57:56.071, 96, 54, 11839, 15360, 66.81, 1035
2026/07/13 05:57:57.082, 100, 32, 11839, 15360, 66.96, 1050
2026/07/13 05:57:58.093, 100, 44, 11839, 15360, 64.61, 1020
2026/07/13 05:57:59.107, 100, 39, 11839, 15360, 64.36, 1050
2026/07/13 05:58:00.114, 100, 41, 11839, 15360, 67.30, 1020
2026/07/13 05:58:01.127, 100, 42, 11839, 15360, 56.85, 1020
2026/07/13 05:58:02.138, 100, 41, 11839, 15360, 66.56, 1050
2026/07/13 05:58:03.146, 100, 49, 11839, 15360, 67.94, 690
2026/07/13 05:58:04.156, 100, 39, 11839, 15360, 67.26, 1035
2026/07/13 05:58:05.165, 100, 44, 11839, 15360, 67.16, 735
2026/07/13 05:58:06.175, 100, 41, 11839, 15360, 64.55, 1035
2026/07/13 05:58:07.196, 100, 55, 11839, 15360, 58.39, 795
2026/07/13 05:58:08.211, 100, 41, 11839, 15360, 65.04, 1050
2026/07/13 05:58:09.232, 100, 51, 11839, 15360, 69.17, 1020
2026/07/13 05:58:10.251, 100, 38, 11839, 15360, 64.95, 990
2026/07/13 05:58:11.261, 100, 48, 11839, 15360, 65.44, 750
2026/07/13 05:58:12.271, 100, 39, 11839, 15360, 65.57, 1035
2026/07/13 05:58:13.280, 100, 54, 11839, 15360, 64.26, 1020
2026/07/13 05:58:14.288, 100, 42, 11839, 15360, 66.91, 1035
2026/07/13 05:58:15.298, 100, 55, 11839, 15360, 64.26, 1035
2026/07/13 05:58:16.309, 100, 41, 11839, 15360, 65.63, 990
2026/07/13 05:58:17.321, 100, 54, 11839, 15360, 66.61, 1035
2026/07/13 05:58:18.331, 100, 40, 11839, 15360, 66.71, 1050
2026/07/13 05:58:19.340, 100, 56, 11839, 15360, 64.36, 1020
2026/07/13 05:58:20.352, 100, 40, 11839, 15360, 66.38, 990
2026/07/13 05:58:21.362, 100, 55, 11839, 15360, 66.67, 1035
2026/07/13 05:58:22.376, 100, 41, 11839, 15360, 66.51, 1050
2026/07/13 05:58:23.388, 100, 54, 11839, 15360, 65.04, 1035
2026/07/13 05:58:24.408, 100, 39, 11839, 15360, 66.28, 1020
2026/07/13 05:58:25.417, 96, 61, 11839, 15360, 65.38, 1005
2026/07/13 05:58:26.425, 100, 36, 11839, 15360, 64.99, 1020
2026/07/13 05:58:27.440, 96, 56, 11839, 15360, 64.65, 1035
2026/07/13 05:58:28.452, 100, 36, 11839, 15360, 65.73, 1035
2026/07/13 05:58:29.459, 100, 49, 11839, 15360, 66.46, 1110
2026/07/13 05:58:30.470, 100, 31, 11839, 15360, 55.08, 960
2026/07/13 05:58:31.481, 100, 40, 11839, 15360, 64.85, 990
2026/07/13 05:58:32.492, 100, 43, 11839, 15360, 69.31, 675
2026/07/13 05:58:33.502, 100, 41, 11839, 15360, 67.40, 1005
2026/07/13 05:58:34.514, 100, 50, 11839, 15360, 68.24, 780
2026/07/13 05:58:35.523, 100, 41, 11839, 15360, 64.54, 1020
2026/07/13 05:58:36.551, 100, 44, 11839, 15360, 57.21, 930
2026/07/13 05:58:37.568, 100, 38, 11839, 15360, 65.93, 1035
2026/07/13 05:58:38.588, 100, 52, 11839, 15360, 69.80, 750
2026/07/13 05:58:39.596, 100, 40, 11839, 15360, 65.57, 1050
2026/07/13 05:58:40.604, 100, 55, 11839, 15360, 66.42, 990
2026/07/13 05:58:41.612, 100, 41, 11839, 15360, 67.98, 1020
2026/07/13 05:58:42.621, 100, 55, 11839, 15360, 66.08, 1035
2026/07/13 05:58:43.633, 100, 41, 11839, 15360, 65.83, 1020
2026/07/13 05:58:44.642, 100, 56, 11839, 15360, 67.26, 1005
2026/07/13 05:58:45.654, 100, 39, 11839, 15360, 66.32, 1020
2026/07/13 05:58:46.664, 100, 55, 11839, 15360, 66.32, 1050
2026/07/13 05:58:47.673, 100, 41, 11839, 15360, 64.50, 1050
2026/07/13 05:58:48.685, 100, 54, 11839, 15360, 66.57, 1020
2026/07/13 05:58:49.711, 100, 41, 11839, 15360, 64.06, 1020
2026/07/13 05:58:50.742, 96, 54, 11839, 15360, 64.69, 1020
2026/07/13 05:58:51.759, 100, 37, 11839, 15360, 66.61, 1035
2026/07/13 05:58:52.772, 96, 59, 11839, 15360, 64.36, 1035
2026/07/13 05:58:53.779, 100, 36, 11839, 15360, 66.02, 1035
2026/07/13 05:58:54.790, 96, 52, 11839, 15360, 70.39, 1020
2026/07/13 05:58:55.798, 100, 32, 11839, 15360, 63.77, 1035
2026/07/13 05:58:56.806, 100, 38, 11839, 15360, 63.32, 1020
2026/07/13 05:58:57.819, 100, 45, 11839, 15360, 66.91, 1020
2026/07/13 05:58:58.830, 100, 41, 11839, 15360, 64.36, 1065
2026/07/13 05:58:59.852, 100, 45, 11839, 15360, 66.61, 690
2026/07/13 05:59:00.863, 100, 40, 11839, 15360, 65.04, 1035
2026/07/13 05:59:01.872, 100, 48, 11839, 15360, 69.66, 720
2026/07/13 05:59:02.883, 100, 42, 11839, 15360, 68.78, 1020
2026/07/13 05:59:03.908, 100, 51, 11839, 15360, 70.54, 780
2026/07/13 05:59:04.926, 100, 38, 11839, 15360, 64.79, 1020
2026/07/13 05:59:05.943, 100, 55, 11839, 15360, 66.71, 870
2026/07/13 05:59:06.967, 100, 41, 11839, 15360, 65.89, 1035
2026/07/13 05:59:07.976, 100, 55, 11839, 15360, 66.06, 750
2026/07/13 05:59:08.985, 100, 37, 11839, 15360, 65.97, 1035
2026/07/13 05:59:09.994, 100, 55, 11839, 15360, 68.53, 1020
2026/07/13 05:59:11.001, 100, 41, 11839, 15360, 67.94, 1020
2026/07/13 05:59:12.011, 100, 54, 11839, 15360, 66.26, 1035
2026/07/13 05:59:13.022, 100, 40, 11839, 15360, 64.69, 1035
2026/07/13 05:59:14.031, 100, 54, 11839, 15360, 65.73, 1035
2026/07/13 05:59:15.042, 100, 39, 11839, 15360, 66.91, 1035
2026/07/13 05:59:16.052, 96, 58, 11839, 15360, 67.26, 1035
2026/07/13 05:59:17.081, 100, 41, 11839, 15360, 67.16, 1035
2026/07/13 05:59:18.106, 100, 55, 11839, 15360, 65.53, 990
2026/07/13 05:59:19.120, 100, 41, 11839, 15360, 66.51, 1035
2026/07/13 05:59:20.129, 100, 58, 11839, 15360, 66.26, 1035
2026/07/13 05:59:21.137, 100, 39, 11839, 15360, 65.14, 1020
2026/07/13 05:59:22.147, 96, 61, 11839, 15360, 65.67, 1020
2026/07/13 05:59:23.158, 100, 35, 11839, 15360, 64.30, 1020
2026/07/13 05:59:24.166, 96, 52, 11839, 15360, 67.75, 1050
2026/07/13 05:59:25.176, 100, 32, 11839, 15360, 61.98, 1005
2026/07/13 05:59:26.189, 100, 40, 11839, 15360, 63.32, 1065
2026/07/13 05:59:27.212, 100, 46, 11839, 15360, 67.16, 675
2026/07/13 05:59:28.221, 100, 41, 11839, 15360, 65.69, 1050
2026/07/13 05:59:29.232, 100, 45, 11839, 15360, 66.32, 750
2026/07/13 05:59:30.243, 100, 38, 11839, 15360, 65.04, 990
2026/07/13 05:59:31.254, 100, 48, 11839, 15360, 66.32, 765
2026/07/13 05:59:32.289, 100, 41, 11839, 15360, 66.20, 1035
2026/07/13 05:59:33.312, 100, 51, 11839, 15360, 66.96, 1020
2026/07/13 05:59:34.343, 100, 38, 11839, 15360, 64.46, 1020
2026/07/13 05:59:35.354, 100, 54, 11839, 15360, 67.16, 735
2026/07/13 05:59:36.363, 100, 40, 11839, 15360, 67.49, 1020
2026/07/13 05:59:37.374, 100, 55, 11839, 15360, 67.40, 1035
2026/07/13 05:59:38.385, 100, 41, 11839, 15360, 65.53, 1035
2026/07/13 05:59:39.397, 100, 54, 11839, 15360, 64.85, 1020
2026/07/13 05:59:40.407, 100, 40, 11839, 15360, 66.42, 1020
2026/07/13 05:59:41.417, 100, 54, 11839, 15360, 66.12, 1035
2026/07/13 05:59:42.430, 100, 38, 11839, 15360, 64.30, 1020
2026/07/13 05:59:43.442, 100, 55, 11839, 15360, 65.93, 1035
2026/07/13 05:59:44.453, 100, 41, 11839, 15360, 66.18, 990
2026/07/13 05:59:45.467, 100, 57, 11839, 15360, 67.30, 1020
2026/07/13 05:59:46.499, 100, 41, 11839, 15360, 67.06, 1020
2026/07/13 05:59:47.525, 93, 58, 11839, 15360, 66.42, 1020
2026/07/13 05:59:48.538, 100, 36, 11839, 15360, 66.91, 1020
2026/07/13 05:59:49.547, 96, 53, 11839, 15360, 65.67, 1050
2026/07/13 05:59:50.558, 100, 33, 11839, 15360, 64.95, 1050
2026/07/13 05:59:51.577, 100, 41, 11839, 15360, 66.91, 1020
2026/07/13 05:59:52.585, 100, 41, 11839, 15360, 64.20, 1005
2026/07/13 05:59:53.596, 100, 39, 11839, 15360, 74.27, 1050
2026/07/13 05:59:54.607, 100, 42, 11839, 15360, 59.73, 1005
2026/07/13 05:59:55.621, 100, 37, 11839, 15360, 64.85, 1020
2026/07/13 05:59:56.640, 100, 53, 11839, 15360, 66.96, 675
2026/07/13 05:59:57.650, 100, 41, 11839, 15360, 65.49, 1035
2026/07/13 05:59:58.658, 100, 46, 11839, 15360, 67.75, 690
2026/07/13 05:59:59.703, 100, 38, 11839, 15360, 65.34, 1050
2026/07/13 06:00:00.730, 100, 47, 11839, 15360, 57.21, 780
2026/07/13 06:00:01.740, 100, 41, 11839, 15360, 65.30, 1035
2026/07/13 06:00:02.756, 100, 42, 11839, 15360, 57.90, 1020
2026/07/13 06:00:03.780, 100, 38, 11839, 15360, 64.75, 1035
2026/07/13 06:00:04.796, 100, 53, 11839, 15360, 68.43, 750
2026/07/13 06:00:05.805, 100, 41, 11839, 15360, 64.26, 1035
2026/07/13 06:00:06.812, 100, 54, 11839, 15360, 64.85, 1005
2026/07/13 06:00:07.822, 100, 39, 11839, 15360, 65.14, 1005
2026/07/13 06:00:08.830, 100, 54, 11839, 15360, 65.48, 1005
2026/07/13 06:00:09.840, 100, 41, 11839, 15360, 66.02, 1005
2026/07/13 06:00:10.852, 100, 54, 11839, 15360, 66.42, 1050
2026/07/13 06:00:11.882, 100, 41, 11839, 15360, 66.02, 1005
2026/07/13 06:00:12.892, 100, 56, 11839, 15360, 64.26, 1035
2026/07/13 06:00:13.902, 100, 38, 11839, 15360, 65.98, 1050
2026/07/13 06:00:14.915, 100, 55, 11839, 15360, 64.69, 1035
2026/07/13 06:00:15.938, 100, 41, 11839, 15360, 66.96, 1020
2026/07/13 06:00:16.947, 96, 61, 11839, 15360, 64.95, 1035
2026/07/13 06:00:17.958, 100, 36, 11839, 15360, 65.00, 1035
2026/07/13 06:00:18.966, 96, 58, 11839, 15360, 65.34, 1020
2026/07/13 06:00:19.976, 100, 36, 11839, 15360, 65.34, 1035
2026/07/13 06:00:20.985, 100, 49, 11839, 15360, 70.99, 990
2026/07/13 06:00:21.996, 100, 30, 11839, 15360, 61.20, 1020
2026/07/13 06:00:23.006, 100, 38, 11839, 15360, 66.61, 1245
2026/07/13 06:00:24.017, 100, 43, 11839, 15360, 66.42, 870
2026/07/13 06:00:25.028, 100, 41, 11839, 15360, 64.59, 1035
2026/07/13 06:00:26.036, 100, 48, 11839, 15360, 64.59, 675
2026/07/13 06:00:27.046, 100, 41, 11839, 15360, 65.73, 1020
2026/07/13 06:00:28.074, 100, 45, 11839, 15360, 57.80, 765
2026/07/13 06:00:29.084, 100, 40, 11839, 15360, 63.77, 1035
2026/07/13 06:00:30.106, 100, 55, 11839, 15360, 63.61, 930
2026/07/13 06:00:31.147, 100, 40, 11839, 15360, 65.98, 1035
2026/07/13 06:00:32.156, 100, 55, 11839, 15360, 67.55, 765
2026/07/13 06:00:33.165, 100, 41, 11839, 15360, 65.28, 1020
2026/07/13 06:00:34.173, 100, 56, 11839, 15360, 65.53, 1020
2026/07/13 06:00:35.182, 100, 41, 11839, 15360, 66.81, 1020
2026/07/13 06:00:36.194, 100, 56, 11839, 15360, 64.26, 1005
2026/07/13 06:00:37.202, 100, 40, 11839, 15360, 65.83, 1005
2026/07/13 06:00:38.211, 100, 54, 11839, 15360, 66.12, 1035
2026/07/13 06:00:39.219, 100, 41, 11839, 15360, 65.63, 1020
2026/07/13 06:00:40.227, 100, 57, 11839, 15360, 65.38, 1020
2026/07/13 06:00:41.238, 100, 39, 11839, 15360, 65.08, 1005
2026/07/13 06:00:42.249, 94, 62, 11839, 15360, 66.02, 1020
2026/07/13 06:00:43.263, 100, 38, 11839, 15360, 65.67, 1035
2026/07/13 06:00:44.283, 94, 53, 11839, 15360, 66.86, 1050
2026/07/13 06:00:45.302, 100, 33, 11839, 15360, 66.57, 1035
2026/07/13 06:00:46.310, 100, 46, 11839, 15360, 64.91, 1050
2026/07/13 06:00:47.319, 100, 37, 11839, 15360, 65.53, 1035
2026/07/13 06:00:48.329, 100, 41, 11839, 15360, 71.72, 1035
2026/07/13 06:00:49.340, 100, 42, 11839, 15360, 61.00, 1020
2026/07/13 06:00:50.351, 100, 41, 11839, 15360, 64.59, 1245
2026/07/13 06:00:51.362, 100, 49, 11839, 15360, 66.71, 855
2026/07/13 06:00:52.374, 100, 38, 11839, 15360, 66.71, 1050
2026/07/13 06:00:53.381, 100, 45, 11839, 15360, 66.02, 675
2026/07/13 06:00:54.394, 100, 42, 11839, 15360, 65.83, 1020
2026/07/13 06:00:55.405, 100, 55, 11839, 15360, 67.75, 795
2026/07/13 06:00:56.414, 100, 41, 11839, 15360, 63.91, 1035
2026/07/13 06:00:57.426, 100, 57, 11839, 15360, 66.71, 810
2026/07/13 06:00:58.447, 100, 42, 11839, 15360, 64.16, 1035
2026/07/13 06:00:59.465, 100, 50, 11839, 15360, 66.08, 765
2026/07/13 06:01:00.476, 100, 41, 11839, 15360, 65.10, 1020
2026/07/13 06:01:01.486, 100, 55, 11839, 15360, 65.73, 1035
2026/07/13 06:01:02.494, 100, 39, 11839, 15360, 66.71, 990
2026/07/13 06:01:03.507, 100, 54, 11839, 15360, 65.04, 1020
2026/07/13 06:01:04.518, 100, 40, 11839, 15360, 66.22, 1035
2026/07/13 06:01:05.527, 100, 54, 11839, 15360, 65.93, 1020
2026/07/13 06:01:06.537, 100, 41, 11839, 15360, 64.65, 1005
2026/07/13 06:01:07.546, 100, 55, 11839, 15360, 66.12, 1035
2026/07/13 06:01:08.557, 100, 40, 11839, 15360, 65.40, 1035
2026/07/13 06:01:09.568, 100, 56, 11839, 15360, 66.22, 1035
2026/07/13 06:01:10.579, 100, 38, 11839, 15360, 64.20, 1020
2026/07/13 06:01:11.589, 100, 55, 11839, 15360, 66.43, 1035
2026/07/13 06:01:12.601, 100, 41, 11839, 15360, 64.16, 1050
2026/07/13 06:01:13.632, 96, 59, 11839, 15360, 66.42, 1020
2026/07/13 06:01:14.644, 100, 37, 11839, 15360, 64.89, 1050
2026/07/13 06:01:15.651, 96, 57, 11839, 15360, 69.96, 1035
2026/07/13 06:01:16.662, 100, 39, 11839, 15360, 62.47, 1050
2026/07/13 06:01:17.670, 96, 50, 11839, 15360, 67.98, 1020
2026/07/13 06:01:18.690, 100, 31, 11839, 15360, 65.77, 1005
2026/07/13 06:01:19.710, 100, 38, 11839, 15360, 52.10, 1185
2026/07/13 06:01:20.717, 100, 44, 11839, 15360, 56.46, 915
2026/07/13 06:01:21.729, 100, 38, 11839, 15360, 65.45, 1065
2026/07/13 06:01:22.738, 100, 41, 11839, 15360, 68.14, 690
2026/07/13 06:01:23.747, 100, 41, 11839, 15360, 66.75, 1050
2026/07/13 06:01:24.773, 100, 51, 11839, 15360, 67.55, 780
2026/07/13 06:01:25.804, 100, 38, 11839, 15360, 64.89, 1020
2026/07/13 06:01:26.831, 100, 45, 11839, 15360, 58.49, 780
2026/07/13 06:01:27.841, 100, 39, 11839, 15360, 64.91, 1035
2026/07/13 06:01:28.850, 100, 53, 11839, 15360, 66.61, 1035
2026/07/13 06:01:29.862, 100, 39, 11839, 15360, 67.40, 1050
2026/07/13 06:01:30.875, 100, 54, 11839, 15360, 70.89, 765
2026/07/13 06:01:31.884, 100, 41, 11839, 15360, 66.32, 1020
2026/07/13 06:01:32.893, 100, 54, 11839, 15360, 64.89, 975
2026/07/13 06:01:33.902, 100, 40, 11839, 15360, 65.53, 1050
2026/07/13 06:01:34.911, 100, 55, 11839, 15360, 66.61, 1050
2026/07/13 06:01:35.920, 100, 41, 11839, 15360, 66.32, 1035
2026/07/13 06:01:36.930, 100, 54, 11839, 15360, 67.75, 1035
2026/07/13 06:01:37.939, 100, 41, 11839, 15360, 66.32, 1035
2026/07/13 06:01:38.952, 100, 54, 11839, 15360, 67.16, 1005
2026/07/13 06:01:39.965, 100, 41, 11839, 15360, 66.77, 1020
2026/07/13 06:01:40.974, 100, 54, 11839, 15360, 66.38, 1050
2026/07/13 06:01:41.989, 100, 42, 11839, 15360, 65.53, 1035
2026/07/13 06:01:43.006, 100, 55, 11839, 15360, 66.28, 1035
2026/07/13 06:01:44.015, 100, 41, 11839, 15360, 64.16, 1020
2026/07/13 06:01:45.027, 96, 62, 11839, 15360, 66.81, 1020
2026/07/13 06:01:46.036, 100, 37, 11839, 15360, 66.51, 1050
2026/07/13 06:01:47.046, 96, 57, 11839, 15360, 66.38, 1035
2026/07/13 06:01:48.060, 100, 36, 11839, 15360, 64.95, 1020
2026/07/13 06:01:49.068, 96, 50, 11839, 15360, 65.89, 1035
2026/07/13 06:01:50.080, 100, 33, 11839, 15360, 65.49, 1035
2026/07/13 06:01:51.089, 100, 40, 11839, 15360, 67.55, 1050
2026/07/13 06:01:52.100, 100, 42, 11839, 15360, 66.12, 1050
2026/07/13 06:01:53.124, 100, 42, 11839, 15360, 74.02, 1020
2026/07/13 06:01:54.158, 100, 38, 11839, 15360, 61.98, 1035
2026/07/13 06:01:55.196, 93, 49, 11839, 15360, 64.00, 1080
2026/07/13 06:01:56.216, 100, 32, 11839, 15360, 60.16, 1005
2026/07/13 06:01:57.226, 100, 41, 11839, 15360, 65.34, 1095
2026/07/13 06:01:58.240, 100, 42, 11839, 15360, 69.86, 855
2026/07/13 06:01:59.253, 100, 41, 11839, 15360, 66.67, 1005
2026/07/13 06:02:00.263, 100, 43, 11839, 15360, 67.55, 690
2026/07/13 06:02:01.274, 100, 41, 11839, 15360, 65.48, 1050
2026/07/13 06:02:02.282, 100, 48, 11839, 15360, 59.83, 795
2026/07/13 06:02:03.292, 100, 41, 11839, 15360, 65.20, 1035
2026/07/13 06:02:04.303, 100, 50, 11839, 15360, 66.22, 930
2026/07/13 06:02:05.317, 100, 38, 11839, 15360, 67.06, 1050
2026/07/13 06:02:06.357, 100, 48, 11839, 15360, 60.12, 1020
2026/07/13 06:02:07.379, 100, 40, 11839, 15360, 66.28, 1035
2026/07/13 06:02:08.407, 100, 55, 11839, 15360, 70.64, 765
2026/07/13 06:02:09.416, 100, 41, 11839, 15360, 65.73, 1035
2026/07/13 06:02:10.429, 100, 54, 11839, 15360, 65.57, 960
2026/07/13 06:02:11.440, 100, 40, 11839, 15360, 63.22, 1050
2026/07/13 06:02:12.450, 100, 54, 11839, 15360, 65.63, 1035
2026/07/13 06:02:13.460, 100, 41, 11839, 15360, 63.57, 1050
2026/07/13 06:02:14.467, 100, 54, 11839, 15360, 65.48, 1020
2026/07/13 06:02:15.476, 100, 40, 11839, 15360, 65.24, 1050
2026/07/13 06:02:16.487, 100, 54, 11839, 15360, 66.32, 1035
2026/07/13 06:02:17.495, 100, 41, 11839, 15360, 64.10, 1050
2026/07/13 06:02:18.503, 100, 56, 11839, 15360, 67.94, 1050
2026/07/13 06:02:19.513, 100, 42, 11839, 15360, 65.63, 1020
2026/07/13 06:02:20.551, 100, 56, 11839, 15360, 64.99, 1050
2026/07/13 06:02:21.569, 100, 40, 11839, 15360, 66.42, 1035
2026/07/13 06:02:22.589, 94, 58, 11839, 15360, 65.93, 1050
2026/07/13 06:02:23.600, 100, 37, 11839, 15360, 65.34, 1050
2026/07/13 06:02:24.611, 96, 59, 11839, 15360, 65.63, 1020
2026/07/13 06:02:25.625, 100, 38, 11839, 15360, 66.12, 1050
2026/07/13 06:02:26.639, 96, 53, 11839, 15360, 65.98, 1035
2026/07/13 06:02:27.648, 100, 37, 11839, 15360, 66.51, 990
2026/07/13 06:02:28.662, 96, 50, 11839, 15360, 67.20, 1035
2026/07/13 06:02:29.677, 100, 30, 11839, 15360, 66.18, 1050
2026/07/13 06:02:30.690, 100, 40, 11839, 15360, 65.93, 1020
2026/07/13 06:02:31.699, 100, 46, 11839, 15360, 66.46, 1020
2026/07/13 06:02:32.708, 100, 38, 11839, 15360, 72.11, 1050
2026/07/13 06:02:33.716, 100, 42, 11839, 15360, 62.73, 1035
2026/07/13 06:02:34.737, 100, 41, 11839, 15360, 63.42, 1335
2026/07/13 06:02:35.760, 100, 33, 11839, 15360, 63.32, 1035
2026/07/13 06:02:36.809, 100, 41, 11839, 15360, 66.38, 1335
2026/07/13 06:02:37.834, 100, 45, 11839, 15360, 56.72, 870
2026/07/13 06:02:38.845, 100, 39, 11839, 15360, 65.83, 1035
2026/07/13 06:02:39.854, 100, 43, 11839, 15360, 67.16, 690
2026/07/13 06:02:40.864, 100, 41, 11839, 15360, 64.36, 1035
2026/07/13 06:02:41.875, 100, 49, 11839, 15360, 68.04, 870
2026/07/13 06:02:42.884, 100, 41, 11839, 15360, 66.56, 1050
2026/07/13 06:02:43.893, 100, 49, 11839, 15360, 72.65, 900
2026/07/13 06:02:44.903, 100, 41, 11839, 15360, 66.42, 1050
2026/07/13 06:02:45.912, 100, 49, 11839, 15360, 60.32, 855
2026/07/13 06:02:46.929, 100, 40, 11839, 15360, 64.30, 1020
2026/07/13 06:02:47.941, 100, 55, 11839, 15360, 67.65, 765
2026/07/13 06:02:48.952, 100, 41, 11839, 15360, 66.32, 1065
2026/07/13 06:02:49.983, 100, 54, 11839, 15360, 66.32, 765
2026/07/13 06:02:51.013, 100, 42, 11839, 15360, 66.12, 1050
2026/07/13 06:02:52.028, 100, 55, 11839, 15360, 66.96, 1065
2026/07/13 06:02:53.036, 100, 41, 11839, 15360, 66.16, 1050
2026/07/13 06:02:54.046, 100, 54, 11839, 15360, 65.48, 1035
2026/07/13 06:02:55.053, 100, 40, 11839, 15360, 64.99, 1065
2026/07/13 06:02:56.062, 100, 57, 11839, 15360, 66.12, 1050
2026/07/13 06:02:57.072, 100, 40, 11839, 15360, 63.91, 1065
2026/07/13 06:02:58.079, 100, 56, 11839, 15360, 66.28, 1065
2026/07/13 06:02:59.091, 100, 41, 11839, 15360, 67.84, 1050
2026/07/13 06:03:00.104, 100, 54, 11839, 15360, 65.53, 1020
2026/07/13 06:03:01.113, 100, 42, 11839, 15360, 66.95, 1020
2026/07/13 06:03:02.124, 100, 55, 11839, 15360, 65.98, 1035
2026/07/13 06:03:03.134, 100, 38, 11839, 15360, 66.02, 1050
2026/07/13 06:03:04.158, 94, 60, 11839, 15360, 69.90, 1020
2026/07/13 06:03:05.173, 100, 38, 11839, 15360, 65.69, 1035
2026/07/13 06:03:06.194, 96, 56, 11839, 15360, 65.04, 1020
2026/07/13 06:03:07.202, 100, 38, 11839, 15360, 66.61, 1065
2026/07/13 06:03:08.215, 96, 53, 11839, 15360, 64.75, 1050
2026/07/13 06:03:09.228, 100, 33, 11839, 15360, 65.93, 1035
2026/07/13 06:03:10.240, 100, 47, 11839, 15360, 65.63, 1050
2026/07/13 06:03:11.257, 100, 32, 11839, 15360, 65.79, 1035
2026/07/13 06:03:12.266, 100, 42, 11839, 15360, 65.30, 1035
2026/07/13 06:03:13.274, 100, 44, 11839, 15360, 66.61, 1035
2026/07/13 06:03:14.282, 100, 42, 11839, 15360, 71.81, 1095
2026/07/13 06:03:15.297, 100, 43, 11839, 15360, 62.40, 1020
2026/07/13 06:03:16.310, 100, 40, 11839, 15360, 63.61, 1140
2026/07/13 06:03:17.343, 100, 30, 11839, 15360, 67.55, 960
2026/07/13 06:03:18.374, 100, 42, 11839, 15360, 65.59, 1080
2026/07/13 06:03:19.417, 100, 45, 11839, 15360, 70.74, 810
2026/07/13 06:03:20.427, 100, 41, 11839, 15360, 65.63, 1050
2026/07/13 06:03:21.436, 100, 43, 11839, 15360, 68.24, 675
2026/07/13 06:03:22.446, 100, 40, 11839, 15360, 65.87, 1035
2026/07/13 06:03:23.454, 100, 50, 11839, 15360, 58.10, 840
2026/07/13 06:03:24.463, 100, 42, 11839, 15360, 65.44, 1035
2026/07/13 06:03:25.472, 100, 50, 11839, 15360, 67.00, 840
2026/07/13 06:03:26.482, 100, 40, 11839, 15360, 64.75, 1035
2026/07/13 06:03:27.489, 100, 48, 11839, 15360, 72.85, 855
2026/07/13 06:03:28.506, 100, 41, 11839, 15360, 66.51, 1020
2026/07/13 06:03:29.517, 100, 55, 11839, 15360, 66.81, 765
2026/07/13 06:03:30.528, 100, 41, 11839, 15360, 64.40, 1005
2026/07/13 06:03:31.553, 100, 56, 11839, 15360, 76.32, 840
2026/07/13 06:03:32.563, 100, 40, 11839, 15360, 65.53, 1020
2026/07/13 06:03:33.583, 100, 55, 11839, 15360, 66.32, 1035
2026/07/13 06:03:34.606, 100, 42, 11839, 15360, 66.16, 1035
2026/07/13 06:03:35.614, 100, 56, 11839, 15360, 65.98, 1050
2026/07/13 06:03:36.626, 100, 42, 11839, 15360, 66.57, 1035
2026/07/13 06:03:37.635, 100, 56, 11839, 15360, 65.53, 1050
2026/07/13 06:03:38.645, 100, 40, 11839, 15360, 65.93, 1020
2026/07/13 06:03:39.663, 100, 54, 11839, 15360, 65.83, 1035
2026/07/13 06:03:40.674, 100, 41, 11839, 15360, 65.04, 1035
2026/07/13 06:03:41.688, 100, 56, 11839, 15360, 65.20, 1050
2026/07/13 06:03:42.700, 100, 42, 11839, 15360, 64.95, 1035
2026/07/13 06:03:43.732, 100, 55, 11839, 15360, 66.22, 1035
2026/07/13 06:03:44.744, 100, 39, 11839, 15360, 65.83, 1065
2026/07/13 06:03:45.763, 97, 55, 11839, 15360, 66.77, 1035
2026/07/13 06:03:46.774, 100, 41, 11839, 15360, 67.45, 1065
2026/07/13 06:03:47.786, 94, 59, 11839, 15360, 65.18, 1050
2026/07/13 06:03:48.807, 100, 38, 11839, 15360, 64.95, 1050
2026/07/13 06:03:49.818, 95, 57, 11839, 15360, 64.51, 1065
2026/07/13 06:03:50.829, 100, 36, 11839, 15360, 66.28, 1035
2026/07/13 06:03:51.838, 96, 52, 11839, 15360, 66.32, 1065
2026/07/13 06:03:52.849, 100, 32, 11839, 15360, 66.08, 1065
2026/07/13 06:03:53.857, 100, 42, 11839, 15360, 66.47, 1050
2026/07/13 06:03:54.869, 100, 40, 11839, 15360, 66.08, 1050
2026/07/13 06:03:55.877, 100, 41, 11839, 15360, 68.04, 1050
2026/07/13 06:03:56.886, 100, 45, 11839, 15360, 64.69, 1020
2026/07/13 06:03:57.894, 100, 39, 11839, 15360, 66.61, 1095
2026/07/13 06:03:58.903, 100, 46, 11839, 15360, 59.79, 1035
2026/07/13 06:03:59.954, 100, 48, 11839, 15360, 67.10, 1245
2026/07/13 06:04:00.971, 100, 31, 11839, 15360, 67.45, 960
2026/07/13 06:04:01.981, 100, 41, 11839, 15360, 64.79, 1080
2026/07/13 06:04:03.007, 100, 45, 11839, 15360, 69.37, 690
2026/07/13 06:04:04.017, 100, 42, 11839, 15360, 66.42, 1035
2026/07/13 06:04:05.029, 100, 43, 11839, 15360, 67.55, 690
2026/07/13 06:04:06.040, 100, 39, 11839, 15360, 67.69, 1050
2026/07/13 06:04:07.048, 100, 49, 11839, 15360, 61.46, 810
2026/07/13 06:04:08.058, 100, 42, 11839, 15360, 67.89, 1050
2026/07/13 06:04:09.067, 100, 50, 11839, 15360, 66.51, 855
2026/07/13 06:04:10.076, 100, 40, 11839, 15360, 67.45, 1050
2026/07/13 06:04:11.084, 100, 48, 11839, 15360, 71.23, 900
2026/07/13 06:04:12.104, 100, 42, 11839, 15360, 66.81, 1065
2026/07/13 06:04:13.113, 100, 55, 11839, 15360, 65.04, 765
2026/07/13 06:04:14.142, 100, 40, 11839, 15360, 66.47, 1050
2026/07/13 06:04:15.167, 100, 54, 11839, 15360, 72.75, 780
2026/07/13 06:04:16.189, 100, 41, 11839, 15360, 65.93, 1050
2026/07/13 06:04:17.204, 100, 29, 11839, 15360, 64.65, 1035
2026/07/13 06:04:18.249, 100, 31, 14911, 15360, 67.55, 1035
2026/07/13 06:04:19.266, 96, 39, 8243, 15360, 64.40, 1020
2026/07/13 06:04:20.279, 100, 29, 8243, 15360, 66.51, 1035
2026/07/13 06:04:21.289, 98, 49, 8243, 15360, 67.06, 1035
2026/07/13 06:04:22.301, 100, 32, 8243, 15360, 67.69, 1035
2026/07/13 06:04:23.310, 100, 48, 8243, 15360, 68.24, 1050
2026/07/13 06:04:24.319, 100, 32, 8243, 15360, 66.51, 1050
2026/07/13 06:04:25.327, 100, 32, 8243, 15360, 55.84, 1035
2026/07/13 06:04:26.337, 100, 32, 8243, 15360, 65.24, 1035
2026/07/13 06:04:27.356, 100, 32, 8243, 15360, 65.83, 1065
2026/07/13 06:04:28.373, 100, 29, 8243, 15360, 67.45, 1035
2026/07/13 06:04:29.401, 100, 47, 8243, 15360, 63.48, 1140
2026/07/13 06:04:30.427, 100, 32, 8243, 15360, 67.20, 1035
2026/07/13 06:04:31.439, 100, 32, 8243, 15360, 67.26, 855
2026/07/13 06:04:32.454, 100, 32, 8243, 15360, 65.87, 1035
2026/07/13 06:04:33.465, 100, 32, 8243, 15360, 67.30, 795
2026/07/13 06:04:34.474, 100, 30, 8243, 15360, 65.14, 1035
2026/07/13 06:04:35.484, 100, 32, 8243, 15360, 67.26, 795
2026/07/13 06:04:36.493, 100, 32, 8243, 15360, 67.55, 1050
2026/07/13 06:04:37.502, 100, 32, 8243, 15360, 66.77, 795
2026/07/13 06:04:38.512, 100, 32, 8243, 15360, 64.79, 1050
2026/07/13 06:04:39.520, 100, 31, 8243, 15360, 66.71, 795
2026/07/13 06:04:40.529, 100, 28, 8243, 15360, 65.83, 1020
2026/07/13 06:04:41.539, 100, 33, 8243, 15360, 74.41, 780
2026/07/13 06:04:42.555, 0, 0, 8243, 15360, 41.55, 1590
2026/07/13 06:04:43.568, 0, 0, 8243, 15360, 41.26, 1590
2026/07/13 06:04:44.578, 0, 0, 8243, 15360, 31.17, 585
2026/07/13 06:04:45.588, 0, 0, 8243, 15360, 30.98, 585
2026/07/13 06:04:46.598, 100, 32, 8243, 15360, 66.16, 1065
2026/07/13 06:04:47.606, 100, 31, 8243, 15360, 62.38, 1065
2026/07/13 06:04:48.632, 100, 33, 8243, 15360, 69.96, 1020
2026/07/13 06:04:49.648, 100, 33, 14387, 15360, 65.83, 1020
2026/07/13 06:04:50.661, 100, 34, 14387, 15360, 64.69, 1065
2026/07/13 06:04:51.669, 100, 33, 14387, 15360, 62.34, 1065
2026/07/13 06:04:52.676, 100, 33, 14387, 15360, 73.33, 810
2026/07/13 06:04:53.684, 100, 34, 14387, 15360, 67.65, 840
2026/07/13 06:04:54.693, 100, 33, 14389, 15360, 70.25, 1050
2026/07/13 06:04:55.722, 100, 33, 14389, 15360, 65.04, 1035
2026/07/13 06:04:56.749, 100, 33, 14389, 15360, 62.34, 1035
2026/07/13 06:04:57.778, 100, 33, 14389, 15360, 66.02, 1005
2026/07/13 06:04:58.805, 100, 30, 14389, 15360, 70.84, 960
2026/07/13 06:04:59.817, 100, 31, 14389, 15360, 66.42, 1020
2026/07/13 06:05:00.833, 100, 31, 14147, 15360, 67.40, 825
2026/07/13 06:05:01.841, 100, 34, 14147, 15360, 67.55, 825
2026/07/13 06:05:02.852, 12, 5, 14149, 15360, 34.69, 1215
2026/07/13 06:05:03.858, 100, 37, 14155, 15360, 67.89, 1050
2026/07/13 06:05:04.870, 100, 31, 14155, 15360, 62.53, 1080
2026/07/13 06:05:05.880, 100, 28, 14155, 15360, 65.53, 1080
2026/07/13 06:05:06.889, 100, 34, 14155, 15360, 66.42, 1065
2026/07/13 06:05:07.902, 100, 33, 14155, 15360, 62.63, 1080
2026/07/13 06:05:08.911, 35, 31, 14157, 15360, 40.27, 1575
2026/07/13 06:05:09.922, 12, 5, 14189, 15360, 62.12, 1050
2026/07/13 06:05:10.948, 36, 14, 14189, 15360, 55.38, 1590
2026/07/13 06:05:11.969, 33, 14, 14189, 15360, 57.01, 1590
2026/07/13 06:05:12.978, 57, 27, 14189, 15360, 69.45, 1590
2026/07/13 06:05:13.985, 64, 33, 14189, 15360, 66.86, 1530
2026/07/13 06:05:14.991, 71, 39, 14189, 15360, 66.08, 1500
2026/07/13 06:05:15.998, 18, 3, 14189, 15360, 45.89, 1590
2026/07/13 06:05:17.005, 19, 3, 14189, 15360, 35.19, 960
2026/07/13 06:05:18.013, 34, 4, 14189, 15360, 34.22, 885
2026/07/13 06:05:19.021, 36, 4, 14189, 15360, 33.63, 840
2026/07/13 06:05:20.032, 0, 0, 14189, 15360, 30.68, 585
2026/07/13 06:05:21.041, 0, 0, 14189, 15360, 30.58, 585
2026/07/13 06:05:22.053, 0, 0, 14189, 15360, 30.48, 585
2026/07/13 06:05:23.076, 0, 0, 14189, 15360, 30.38, 585
2026/07/13 06:05:24.090, 89, 18, 14189, 15360, 67.35, 840
2026/07/13 06:05:25.108, 99, 28, 14189, 15360, 37.55, 1575
2026/07/13 06:05:26.127, 100, 62, 11735, 15360, 66.02, 1080
2026/07/13 06:05:27.152, 100, 39, 11771, 15360, 66.81, 1080
2026/07/13 06:05:28.162, 96, 59, 11839, 15360, 66.22, 1080
2026/07/13 06:05:29.178, 100, 39, 11839, 15360, 66.71, 1080
2026/07/13 06:05:30.189, 96, 62, 11839, 15360, 67.75, 1080
2026/07/13 06:05:31.200, 100, 37, 11839, 15360, 65.93, 1080
2026/07/13 06:05:32.211, 96, 63, 11839, 15360, 66.77, 1050
2026/07/13 06:05:33.222, 100, 41, 11839, 15360, 64.61, 1095
2026/07/13 06:05:34.234, 100, 58, 11839, 15360, 66.81, 1080
2026/07/13 06:05:35.242, 100, 42, 11839, 15360, 65.73, 1080
2026/07/13 06:05:36.251, 100, 55, 11839, 15360, 67.10, 1050
2026/07/13 06:05:37.263, 100, 41, 11839, 15360, 66.71, 1065
2026/07/13 06:05:38.288, 100, 56, 11839, 15360, 66.71, 1050
2026/07/13 06:05:39.313, 100, 42, 11839, 15360, 64.30, 1095
2026/07/13 06:05:40.339, 100, 56, 11839, 15360, 67.26, 1065
2026/07/13 06:05:41.354, 100, 43, 11839, 15360, 69.02, 1065
2026/07/13 06:05:42.365, 100, 56, 11839, 15360, 69.80, 1065
2026/07/13 06:05:43.372, 100, 41, 11839, 15360, 66.81, 1080
2026/07/13 06:05:44.380, 100, 56, 11839, 15360, 66.71, 1065
2026/07/13 06:05:45.390, 100, 42, 11839, 15360, 63.97, 1065
2026/07/13 06:05:46.400, 100, 56, 11839, 15360, 66.81, 1080
2026/07/13 06:05:47.410, 100, 42, 11839, 15360, 67.00, 1065
2026/07/13 06:05:48.418, 98, 56, 11839, 15360, 67.40, 1080
2026/07/13 06:05:49.428, 100, 40, 11839, 15360, 65.97, 1080
2026/07/13 06:05:50.437, 96, 60, 11839, 15360, 66.71, 1080
2026/07/13 06:05:51.449, 100, 42, 11839, 15360, 67.69, 1050
2026/07/13 06:05:52.477, 94, 62, 11839, 15360, 66.32, 1065
2026/07/13 06:05:53.511, 100, 37, 11839, 15360, 65.00, 1080
2026/07/13 06:05:54.526, 94, 58, 11839, 15360, 66.38, 1050
2026/07/13 06:05:55.541, 100, 37, 11839, 15360, 68.77, 1035
2026/07/13 06:05:56.550, 96, 58, 11839, 15360, 65.48, 1065
2026/07/13 06:05:57.558, 100, 38, 11839, 15360, 66.91, 1050
2026/07/13 06:05:58.566, 96, 58, 11839, 15360, 66.46, 1065
2026/07/13 06:05:59.580, 100, 38, 11839, 15360, 67.69, 1050
2026/07/13 06:06:00.590, 96, 56, 11839, 15360, 67.69, 1065
2026/07/13 06:06:01.601, 100, 37, 11839, 15360, 66.08, 1080
2026/07/13 06:06:02.610, 96, 51, 11839, 15360, 66.26, 1050
2026/07/13 06:06:03.620, 100, 35, 11839, 15360, 66.77, 1065
2026/07/13 06:06:04.628, 100, 49, 11839, 15360, 66.71, 1065
2026/07/13 06:06:05.638, 100, 31, 11839, 15360, 66.46, 1020
2026/07/13 06:06:06.672, 100, 39, 11839, 15360, 72.70, 1050
2026/07/13 06:06:07.687, 100, 42, 11839, 15360, 64.44, 1050
2026/07/13 06:06:08.699, 100, 40, 11839, 15360, 58.10, 1020
2026/07/13 06:06:09.717, 100, 45, 11839, 15360, 59.33, 1065
2026/07/13 06:06:10.725, 100, 40, 11839, 15360, 63.51, 1080
2026/07/13 06:06:11.733, 100, 44, 11839, 15360, 56.23, 1065
2026/07/13 06:06:12.741, 100, 40, 11839, 15360, 67.59, 1185
2026/07/13 06:06:13.755, 100, 44, 11839, 15360, 67.26, 1035
2026/07/13 06:06:14.765, 100, 40, 11839, 15360, 66.51, 1110
2026/07/13 06:06:15.776, 100, 50, 11839, 15360, 69.31, 915
2026/07/13 06:06:16.787, 100, 39, 11839, 15360, 67.45, 1050
2026/07/13 06:06:17.797, 100, 56, 11839, 15360, 68.24, 705
2026/07/13 06:06:18.806, 100, 39, 11839, 15360, 65.73, 1005
2026/07/13 06:06:19.818, 100, 45, 11839, 15360, 67.84, 690
2026/07/13 06:06:20.833, 100, 41, 11839, 15360, 65.73, 1035
2026/07/13 06:06:21.860, 100, 48, 11839, 15360, 69.41, 705
2026/07/13 06:06:22.892, 100, 41, 11839, 15360, 67.40, 1065
2026/07/13 06:06:23.907, 100, 43, 11839, 15360, 68.82, 705
2026/07/13 06:06:24.923, 100, 40, 11839, 15360, 66.61, 1050
2026/07/13 06:06:25.934, 100, 46, 11839, 15360, 67.20, 825
2026/07/13 06:06:26.944, 100, 40, 11839, 15360, 63.87, 1050
2026/07/13 06:06:27.979, 100, 50, 11839, 15360, 75.44, 855
2026/07/13 06:06:28.991, 100, 41, 11839, 15360, 67.06, 1065
2026/07/13 06:06:30.003, 100, 53, 11839, 15360, 62.53, 810
2026/07/13 06:06:31.012, 100, 41, 11839, 15360, 64.85, 1050
2026/07/13 06:06:32.027, 100, 48, 11839, 15360, 61.20, 825
2026/07/13 06:06:33.044, 100, 40, 11839, 15360, 64.40, 1050
2026/07/13 06:06:34.058, 100, 48, 11839, 15360, 66.71, 1035
2026/07/13 06:06:35.069, 100, 39, 11839, 15360, 65.67, 1065
2026/07/13 06:06:36.088, 100, 52, 11839, 15360, 58.49, 1050
2026/07/13 06:06:37.109, 100, 40, 11839, 15360, 66.32, 1050
2026/07/13 06:06:38.130, 100, 55, 11839, 15360, 61.30, 1005
2026/07/13 06:06:39.151, 100, 39, 11839, 15360, 66.47, 1065
2026/07/13 06:06:40.159, 100, 57, 11839, 15360, 67.65, 795
2026/07/13 06:06:41.168, 100, 41, 11839, 15360, 67.06, 1050
2026/07/13 06:06:42.179, 100, 56, 11839, 15360, 73.53, 780
2026/07/13 06:06:43.187, 100, 40, 11839, 15360, 67.20, 1050
2026/07/13 06:06:44.196, 100, 55, 11839, 15360, 68.82, 885
2026/07/13 06:06:45.206, 100, 41, 11839, 15360, 66.81, 1035
2026/07/13 06:06:46.214, 100, 56, 11839, 15360, 64.79, 1050
2026/07/13 06:06:47.228, 100, 41, 11839, 15360, 66.02, 1050
2026/07/13 06:06:48.239, 100, 56, 11839, 15360, 65.53, 1050
2026/07/13 06:06:49.249, 100, 42, 11839, 15360, 66.32, 1050
2026/07/13 06:06:50.259, 100, 55, 11839, 15360, 68.33, 1050
2026/07/13 06:06:51.269, 100, 42, 11839, 15360, 65.28, 1035
2026/07/13 06:06:52.278, 100, 56, 11839, 15360, 66.42, 1050
2026/07/13 06:06:53.288, 100, 40, 11839, 15360, 66.12, 1020
2026/07/13 06:06:54.308, 100, 54, 11839, 15360, 66.61, 1065
2026/07/13 06:06:55.315, 100, 40, 11839, 15360, 66.12, 1050
2026/07/13 06:06:56.326, 100, 55, 11839, 15360, 66.91, 1065
2026/07/13 06:06:57.337, 100, 40, 11839, 15360, 67.00, 1050
2026/07/13 06:06:58.346, 100, 58, 11839, 15360, 64.75, 1065
2026/07/13 06:06:59.357, 100, 42, 11839, 15360, 66.96, 1050
2026/07/13 06:07:00.365, 100, 55, 11839, 15360, 66.32, 1035
2026/07/13 06:07:01.374, 100, 42, 11839, 15360, 66.77, 1050
2026/07/13 06:07:02.390, 93, 55, 11839, 15360, 65.93, 1050
2026/07/13 06:07:03.421, 100, 40, 11839, 15360, 65.93, 1005
2026/07/13 06:07:04.444, 100, 57, 11839, 15360, 66.22, 1050
2026/07/13 06:07:05.477, 100, 41, 11839, 15360, 66.12, 1065
2026/07/13 06:07:06.485, 100, 54, 11839, 15360, 66.65, 1035
2026/07/13 06:07:07.492, 100, 42, 11839, 15360, 67.69, 1050
2026/07/13 06:07:08.504, 100, 55, 11839, 15360, 66.57, 1065
2026/07/13 06:07:09.511, 100, 42, 11839, 15360, 66.77, 1035
2026/07/13 06:07:10.522, 100, 58, 11839, 15360, 67.00, 1065
2026/07/13 06:07:11.532, 100, 41, 11839, 15360, 66.57, 1065
2026/07/13 06:07:12.542, 96, 57, 11839, 15360, 67.20, 1050
2026/07/13 06:07:13.553, 100, 41, 11839, 15360, 66.86, 1065
2026/07/13 06:07:14.563, 96, 63, 11839, 15360, 67.10, 1050
2026/07/13 06:07:15.576, 100, 38, 11839, 15360, 67.04, 1020
2026/07/13 06:07:16.599, 94, 60, 11839, 15360, 66.12, 1050
2026/07/13 06:07:17.629, 100, 38, 11839, 15360, 69.02, 1065
2026/07/13 06:07:18.659, 94, 57, 11839, 15360, 68.43, 1050
2026/07/13 06:07:19.695, 100, 38, 11839, 15360, 65.77, 1065
2026/07/13 06:07:20.712, 96, 53, 11839, 15360, 67.20, 1050
2026/07/13 06:07:21.727, 100, 34, 11839, 15360, 67.40, 1080
2026/07/13 06:07:22.735, 98, 50, 11839, 15360, 67.44, 1035
2026/07/13 06:07:23.745, 100, 30, 11839, 15360, 66.51, 1065
2026/07/13 06:07:24.752, 100, 41, 11839, 15360, 69.51, 1065
2026/07/13 06:07:25.763, 100, 41, 11839, 15360, 66.81, 1065
2026/07/13 06:07:26.771, 100, 39, 11839, 15360, 71.23, 1095
2026/07/13 06:07:27.784, 100, 46, 11839, 15360, 63.55, 1035
2026/07/13 06:07:28.792, 100, 41, 11839, 15360, 64.06, 1275
2026/07/13 06:07:29.803, 100, 43, 11839, 15360, 57.38, 990
2026/07/13 06:07:30.819, 100, 42, 11839, 15360, 67.59, 1215
2026/07/13 06:07:31.847, 100, 45, 11839, 15360, 67.40, 990
2026/07/13 06:07:32.874, 100, 39, 11839, 15360, 65.83, 1155
2026/07/13 06:07:33.908, 100, 52, 11839, 15360, 69.41, 990
2026/07/13 06:07:34.936, 100, 46, 11839, 15360, 63.42, 1095
2026/07/13 06:07:35.953, 100, 33, 11839, 15360, 54.72, 885
2026/07/13 06:07:36.964, 100, 42, 11839, 15360, 65.63, 1050
2026/07/13 06:07:37.975, 100, 44, 11839, 15360, 67.30, 705
2026/07/13 06:07:38.984, 100, 40, 11839, 15360, 64.85, 1050
2026/07/13 06:07:39.995, 100, 45, 11839, 15360, 68.53, 720
2026/07/13 06:07:41.004, 100, 41, 11839, 15360, 65.77, 1050
2026/07/13 06:07:42.013, 100, 43, 11839, 15360, 71.62, 765
2026/07/13 06:07:43.023, 100, 41, 11839, 15360, 66.71, 1065
2026/07/13 06:07:44.033, 100, 47, 11839, 15360, 66.22, 765
2026/07/13 06:07:45.121, 100, 42, 11839, 15360, 66.81, 1050
2026/07/13 06:07:46.141, 100, 53, 11839, 15360, 70.29, 720
2026/07/13 06:07:47.181, 100, 40, 11839, 15360, 65.28, 1065
2026/07/13 06:07:48.198, 100, 45, 11839, 15360, 68.53, 810
2026/07/13 06:07:49.207, 100, 40, 11839, 15360, 65.48, 1020
2026/07/13 06:07:50.219, 100, 53, 11839, 15360, 58.19, 930
2026/07/13 06:07:51.227, 100, 40, 11839, 15360, 66.42, 990
2026/07/13 06:07:52.238, 100, 54, 11839, 15360, 67.10, 765
2026/07/13 06:07:53.248, 100, 39, 11839, 15360, 65.18, 1050
2026/07/13 06:07:54.257, 100, 55, 11839, 15360, 64.95, 1035
2026/07/13 06:07:55.264, 100, 41, 11839, 15360, 65.87, 990
2026/07/13 06:07:56.276, 100, 54, 11839, 15360, 65.97, 1020
2026/07/13 06:07:57.287, 100, 41, 11839, 15360, 64.46, 1020
2026/07/13 06:07:58.297, 100, 54, 11839, 15360, 64.26, 990
2026/07/13 06:07:59.311, 100, 41, 11839, 15360, 65.63, 990
2026/07/13 06:08:00.319, 100, 57, 11839, 15360, 66.57, 1005
2026/07/13 06:08:01.332, 100, 41, 11839, 15360, 66.32, 1005
2026/07/13 06:08:02.365, 93, 58, 11839, 15360, 65.38, 1005
2026/07/13 06:08:03.377, 100, 35, 11839, 15360, 65.57, 1005
2026/07/13 06:08:04.395, 100, 48, 11839, 15360, 64.10, 975
2026/07/13 06:08:05.404, 100, 38, 11839, 15360, 66.26, 1005
2026/07/13 06:08:06.414, 100, 41, 11839, 15360, 63.26, 1050
2026/07/13 06:08:07.429, 100, 44, 11839, 15360, 66.81, 870
2026/07/13 06:08:08.442, 100, 38, 11839, 15360, 65.63, 990
2026/07/13 06:08:09.455, 100, 47, 11839, 15360, 69.80, 795
2026/07/13 06:08:10.465, 100, 41, 11839, 15360, 65.14, 1005
2026/07/13 06:08:11.475, 100, 54, 11839, 15360, 67.40, 975
2026/07/13 06:08:12.494, 100, 41, 11839, 15360, 65.67, 1020
2026/07/13 06:08:13.513, 100, 52, 11839, 15360, 72.30, 720
2026/07/13 06:08:14.541, 100, 41, 11839, 15360, 65.48, 1020
2026/07/13 06:08:15.561, 100, 54, 11839, 15360, 66.32, 1005
2026/07/13 06:08:16.588, 100, 41, 11839, 15360, 66.95, 1005
2026/07/13 06:08:17.599, 100, 54, 11839, 15360, 66.16, 1020
2026/07/13 06:08:18.612, 100, 41, 11839, 15360, 65.42, 1005
2026/07/13 06:08:19.622, 100, 54, 11839, 15360, 65.73, 1005
2026/07/13 06:08:20.630, 100, 41, 11839, 15360, 64.75, 1035
2026/07/13 06:08:21.641, 100, 54, 11839, 15360, 66.26, 1020
2026/07/13 06:08:22.652, 100, 41, 11839, 15360, 65.38, 1020
2026/07/13 06:08:23.659, 96, 59, 11839, 15360, 65.48, 1020
2026/07/13 06:08:24.670, 100, 35, 11839, 15360, 63.42, 1020
2026/07/13 06:08:25.679, 96, 55, 11839, 15360, 68.18, 1020
2026/07/13 06:08:26.688, 100, 35, 11839, 15360, 64.83, 1020
2026/07/13 06:08:27.719, 100, 47, 11839, 15360, 65.14, 1005
2026/07/13 06:08:28.743, 100, 37, 11839, 15360, 66.51, 1020
2026/07/13 06:08:29.765, 100, 41, 11839, 15360, 46.26, 1260
2026/07/13 06:08:30.797, 100, 43, 11839, 15360, 56.46, 945
2026/07/13 06:08:31.810, 100, 41, 11839, 15360, 66.06, 1035
2026/07/13 06:08:32.818, 100, 54, 11839, 15360, 70.39, 690
2026/07/13 06:08:33.829, 100, 40, 11839, 15360, 66.30, 1050
2026/07/13 06:08:34.839, 100, 47, 11839, 15360, 72.30, 780
2026/07/13 06:08:35.849, 100, 39, 11839, 15360, 64.99, 1035
2026/07/13 06:08:36.858, 100, 54, 11839, 15360, 66.36, 1005
2026/07/13 06:08:37.870, 100, 41, 11839, 15360, 66.32, 1035
2026/07/13 06:08:38.879, 100, 54, 11839, 15360, 76.86, 735
2026/07/13 06:08:39.890, 100, 41, 11839, 15360, 67.30, 1005
2026/07/13 06:08:40.903, 100, 56, 11839, 15360, 67.40, 1020
2026/07/13 06:08:41.926, 100, 41, 11839, 15360, 66.75, 1035
2026/07/13 06:08:42.936, 100, 55, 11839, 15360, 65.08, 1050
2026/07/13 06:08:43.949, 100, 42, 11839, 15360, 64.69, 1050
2026/07/13 06:08:44.962, 100, 55, 11839, 15360, 66.77, 1050
2026/07/13 06:08:45.975, 100, 42, 11839, 15360, 64.99, 1035
2026/07/13 06:08:46.983, 100, 54, 11839, 15360, 66.36, 1050
2026/07/13 06:08:47.994, 100, 41, 11839, 15360, 64.04, 1065
2026/07/13 06:08:49.002, 100, 54, 11839, 15360, 67.79, 1050
2026/07/13 06:08:50.013, 100, 39, 11839, 15360, 67.83, 1020
2026/07/13 06:08:51.023, 96, 62, 11839, 15360, 66.42, 1065
2026/07/13 06:08:52.034, 100, 37, 11839, 15360, 64.10, 1065
2026/07/13 06:08:53.046, 96, 55, 11839, 15360, 65.48, 1035
2026/07/13 06:08:54.056, 100, 38, 11839, 15360, 67.04, 1035
2026/07/13 06:08:55.066, 96, 53, 11839, 15360, 66.26, 1050
2026/07/13 06:08:56.089, 100, 32, 11839, 15360, 66.11, 1035
2026/07/13 06:08:57.108, 92, 61, 11839, 15360, 67.20, 1050
2026/07/13 06:08:58.119, 100, 37, 11839, 15360, 64.00, 1050
2026/07/13 06:08:59.128, 94, 54, 11839, 15360, 46.68, 1050
2026/07/13 06:09:00.156, 100, 37, 11839, 15360, 67.04, 1050
2026/07/13 06:09:01.164, 96, 50, 11839, 15360, 71.72, 1080
2026/07/13 06:09:02.175, 100, 32, 11839, 15360, 61.43, 990
2026/07/13 06:09:03.188, 100, 39, 11839, 15360, 65.08, 1110
2026/07/13 06:09:04.207, 100, 45, 11839, 15360, 67.30, 885
2026/07/13 06:09:05.230, 100, 38, 11839, 15360, 65.73, 1050
2026/07/13 06:09:06.239, 100, 42, 11839, 15360, 69.90, 675
2026/07/13 06:09:07.248, 100, 39, 11839, 15360, 64.40, 1020
2026/07/13 06:09:08.256, 100, 52, 11839, 15360, 72.50, 825
2026/07/13 06:09:09.264, 100, 38, 11839, 15360, 65.34, 1020
2026/07/13 06:09:10.277, 100, 45, 11839, 15360, 66.56, 960
2026/07/13 06:09:11.288, 100, 41, 11839, 15360, 67.10, 1065
2026/07/13 06:09:12.322, 100, 54, 11839, 15360, 72.40, 765
2026/07/13 06:09:13.334, 100, 41, 11839, 15360, 67.10, 1050
2026/07/13 06:09:14.342, 100, 54, 11839, 15360, 67.06, 870
2026/07/13 06:09:15.356, 100, 38, 11839, 15360, 66.36, 1020
2026/07/13 06:09:16.364, 100, 54, 11839, 15360, 66.56, 1050
2026/07/13 06:09:17.376, 100, 41, 11839, 15360, 64.93, 1005
2026/07/13 06:09:18.388, 100, 54, 11839, 15360, 65.71, 1035
2026/07/13 06:09:19.418, 100, 41, 11839, 15360, 66.22, 1020
2026/07/13 06:09:20.428, 100, 56, 11839, 15360, 68.08, 1035
2026/07/13 06:09:21.437, 100, 39, 11839, 15360, 68.22, 1035
2026/07/13 06:09:22.447, 100, 56, 11839, 15360, 67.24, 1035
2026/07/13 06:09:23.456, 100, 41, 11839, 15360, 66.56, 1035
2026/07/13 06:09:24.474, 93, 59, 11839, 15360, 66.42, 1035
2026/07/13 06:09:25.492, 100, 36, 11839, 15360, 68.67, 1005
2026/07/13 06:09:26.519, 91, 53, 11839, 15360, 66.61, 1005
2026/07/13 06:09:27.557, 100, 35, 11839, 15360, 69.16, 1005
2026/07/13 06:09:28.572, 100, 46, 11839, 15360, 66.32, 1035
2026/07/13 06:09:29.588, 100, 34, 11839, 15360, 64.50, 1020
2026/07/13 06:09:30.602, 96, 57, 11839, 15360, 64.65, 1050
2026/07/13 06:09:31.612, 100, 36, 11839, 15360, 55.08, 1035
2026/07/13 06:09:32.622, 96, 50, 11839, 15360, 66.32, 1230
2026/07/13 06:09:33.633, 100, 29, 11839, 15360, 70.10, 855
2026/07/13 06:09:34.642, 100, 39, 11839, 15360, 67.04, 1005
2026/07/13 06:09:35.651, 100, 43, 11839, 15360, 70.14, 690
2026/07/13 06:09:36.661, 100, 41, 11839, 15360, 67.54, 1005
2026/07/13 06:09:37.670, 100, 49, 11839, 15360, 66.46, 795
2026/07/13 06:09:38.680, 100, 40, 11839, 15360, 66.16, 1035
2026/07/13 06:09:39.716, 100, 45, 11839, 15360, 61.20, 990
2026/07/13 06:09:40.753, 100, 41, 11839, 15360, 67.26, 1035
2026/07/13 06:09:41.770, 100, 54, 11839, 15360, 73.14, 750
2026/07/13 06:09:42.779, 100, 38, 11839, 15360, 65.48, 1035
2026/07/13 06:09:43.792, 100, 54, 11839, 15360, 65.24, 1020
2026/07/13 06:09:44.807, 100, 41, 11839, 15360, 67.20, 990
2026/07/13 06:09:45.818, 100, 56, 11839, 15360, 67.30, 1020
2026/07/13 06:09:46.832, 100, 40, 11839, 15360, 66.56, 1020
2026/07/13 06:09:47.840, 100, 56, 11839, 15360, 66.22, 1020
2026/07/13 06:09:48.850, 100, 39, 11839, 15360, 66.46, 1020
2026/07/13 06:09:49.858, 100, 54, 11839, 15360, 66.22, 1035
2026/07/13 06:09:50.867, 100, 41, 11839, 15360, 69.06, 1020
2026/07/13 06:09:51.880, 100, 54, 11839, 15360, 65.63, 1020
2026/07/13 06:09:52.903, 100, 40, 11839, 15360, 60.32, 1035
2026/07/13 06:09:53.922, 93, 61, 11839, 15360, 65.18, 1020
2026/07/13 06:09:54.933, 100, 37, 11839, 15360, 69.61, 1020
2026/07/13 06:09:55.941, 94, 53, 11839, 15360, 65.73, 1020
2026/07/13 06:09:56.951, 100, 32, 11839, 15360, 65.83, 1020
2026/07/13 06:09:57.963, 100, 43, 11839, 15360, 52.62, 1035
2026/07/13 06:09:58.973, 100, 40, 11839, 15360, 55.87, 1020
2026/07/13 06:09:59.984, 100, 39, 11839, 15360, 63.55, 1065
2026/07/13 06:10:00.995, 100, 42, 11839, 15360, 71.17, 690
2026/07/13 06:10:02.008, 100, 41, 11839, 15360, 66.61, 1035
2026/07/13 06:10:03.016, 100, 54, 11839, 15360, 71.96, 735
2026/07/13 06:10:04.026, 100, 41, 11839, 15360, 63.42, 1020
2026/07/13 06:10:05.035, 100, 47, 11839, 15360, 66.51, 825
2026/07/13 06:10:06.046, 100, 40, 11839, 15360, 65.08, 1005
2026/07/13 06:10:07.057, 100, 55, 11839, 15360, 66.32, 765
2026/07/13 06:10:08.082, 100, 41, 11839, 15360, 66.46, 1035
2026/07/13 06:10:09.103, 100, 54, 11839, 15360, 72.01, 870
2026/07/13 06:10:10.111, 100, 41, 11839, 15360, 67.40, 1035
2026/07/13 06:10:11.124, 100, 55, 11839, 15360, 64.89, 1005
2026/07/13 06:10:12.141, 100, 41, 11839, 15360, 64.63, 1035
2026/07/13 06:10:13.155, 100, 54, 11839, 15360, 66.22, 1020
2026/07/13 06:10:14.165, 100, 38, 11839, 15360, 66.26, 1035
2026/07/13 06:10:15.173, 100, 54, 11839, 15360, 66.36, 1050
2026/07/13 06:10:16.185, 100, 41, 11839, 15360, 68.63, 1035
2026/07/13 06:10:17.195, 100, 56, 11839, 15360, 64.99, 1035
2026/07/13 06:10:18.206, 100, 38, 11839, 15360, 66.81, 1020
2026/07/13 06:10:19.215, 96, 59, 11839, 15360, 64.59, 1005
2026/07/13 06:10:20.224, 100, 36, 11839, 15360, 65.18, 990
2026/07/13 06:10:21.235, 94, 49, 11839, 15360, 65.18, 1020
2026/07/13 06:10:22.252, 100, 28, 11839, 15360, 66.12, 1020
2026/07/13 06:10:23.276, 100, 41, 11839, 15360, 71.77, 1005
2026/07/13 06:10:24.300, 100, 36, 11839, 15360, 62.12, 1020
2026/07/13 06:10:25.323, 95, 50, 11839, 15360, 63.71, 1065
2026/07/13 06:10:26.338, 100, 31, 11839, 15360, 66.61, 990
2026/07/13 06:10:27.348, 100, 40, 11839, 15360, 64.50, 1035
2026/07/13 06:10:28.366, 100, 45, 11839, 15360, 66.61, 660
2026/07/13 06:10:29.379, 100, 37, 11839, 15360, 66.42, 1035
2026/07/13 06:10:30.390, 100, 45, 11839, 15360, 67.40, 795
2026/07/13 06:10:31.400, 100, 41, 11839, 15360, 67.40, 1020
2026/07/13 06:10:32.408, 100, 42, 11839, 15360, 57.74, 1020
2026/07/13 06:10:33.419, 100, 39, 11839, 15360, 65.77, 1020
2026/07/13 06:10:34.431, 100, 53, 11839, 15360, 70.10, 750
2026/07/13 06:10:35.440, 100, 41, 11839, 15360, 65.14, 1020
2026/07/13 06:10:36.458, 100, 54, 11839, 15360, 65.53, 1035
2026/07/13 06:10:37.479, 100, 41, 11839, 15360, 64.69, 1020
2026/07/13 06:10:38.497, 100, 54, 11839, 15360, 65.93, 1020
2026/07/13 06:10:39.506, 100, 38, 11839, 15360, 64.99, 1035
2026/07/13 06:10:40.516, 100, 54, 11839, 15360, 66.32, 1020
2026/07/13 06:10:41.524, 100, 41, 11839, 15360, 65.34, 1020
2026/07/13 06:10:42.539, 100, 54, 11839, 15360, 64.99, 1035
2026/07/13 06:10:43.551, 100, 38, 11839, 15360, 67.24, 1020
2026/07/13 06:10:44.562, 100, 57, 11839, 15360, 67.10, 990
2026/07/13 06:10:45.575, 100, 41, 11839, 15360, 63.51, 1035
2026/07/13 06:10:46.589, 96, 59, 11839, 15360, 65.73, 1035
2026/07/13 06:10:47.600, 100, 37, 11839, 15360, 65.38, 1005
2026/07/13 06:10:48.614, 96, 54, 11839, 15360, 66.61, 1020
2026/07/13 06:10:49.627, 100, 33, 11839, 15360, 65.42, 1020
2026/07/13 06:10:50.639, 100, 42, 11839, 15360, 48.20, 1005
2026/07/13 06:10:51.654, 100, 41, 11839, 15360, 55.22, 1020
2026/07/13 06:10:52.665, 100, 40, 11839, 15360, 64.99, 1125
2026/07/13 06:10:53.680, 100, 44, 11839, 15360, 70.29, 675
2026/07/13 06:10:54.693, 100, 41, 11839, 15360, 67.59, 1020
2026/07/13 06:10:55.705, 100, 54, 11839, 15360, 72.50, 765
2026/07/13 06:10:56.715, 100, 39, 11839, 15360, 64.99, 1035
2026/07/13 06:10:57.724, 100, 47, 11839, 15360, 65.63, 825
2026/07/13 06:10:58.732, 100, 39, 11839, 15360, 65.87, 1005
2026/07/13 06:10:59.741, 100, 56, 11839, 15360, 77.00, 765
2026/07/13 06:11:00.757, 100, 38, 11839, 15360, 65.28, 1035
2026/07/13 06:11:01.765, 100, 55, 11839, 15360, 65.63, 780
2026/07/13 06:11:02.774, 100, 39, 11839, 15360, 62.24, 1020
2026/07/13 06:11:03.786, 100, 55, 11839, 15360, 66.12, 1020
2026/07/13 06:11:04.797, 100, 41, 11839, 15360, 64.79, 1035
2026/07/13 06:11:05.823, 100, 56, 11839, 15360, 66.28, 1020
2026/07/13 06:11:06.858, 100, 39, 11839, 15360, 65.63, 1035
2026/07/13 06:11:07.867, 100, 54, 11839, 15360, 66.18, 1035
2026/07/13 06:11:08.881, 100, 40, 11839, 15360, 66.06, 1020
2026/07/13 06:11:09.888, 100, 56, 11839, 15360, 65.34, 990
2026/07/13 06:11:10.903, 100, 41, 11839, 15360, 63.77, 1050
2026/07/13 06:11:11.914, 96, 61, 11839, 15360, 65.93, 1035
2026/07/13 06:11:12.925, 100, 38, 11839, 15360, 66.02, 1050
2026/07/13 06:11:13.935, 96, 55, 11839, 15360, 66.73, 1035
2026/07/13 06:11:14.943, 100, 36, 11839, 15360, 65.04, 1050
2026/07/13 06:11:15.953, 96, 52, 11839, 15360, 64.85, 1035
2026/07/13 06:11:16.964, 100, 29, 11839, 15360, 66.28, 1020
2026/07/13 06:11:17.974, 100, 42, 11839, 15360, 67.20, 1035
2026/07/13 06:11:18.987, 100, 44, 11839, 15360, 63.67, 1020
2026/07/13 06:11:20.000, 100, 41, 11839, 15360, 63.51, 1125
2026/07/13 06:11:21.043, 100, 33, 11839, 15360, 55.48, 1005
2026/07/13 06:11:22.063, 100, 46, 11839, 15360, 64.99, 1050
2026/07/13 06:11:23.070, 100, 37, 11839, 15360, 69.90, 690
2026/07/13 06:11:24.081, 100, 41, 11839, 15360, 65.97, 1050
2026/07/13 06:11:25.098, 100, 42, 11839, 15360, 70.10, 690
2026/07/13 06:11:26.107, 100, 41, 11839, 15360, 66.91, 1065
2026/07/13 06:11:27.120, 100, 49, 11839, 15360, 66.81, 825
2026/07/13 06:11:28.150, 100, 41, 11839, 15360, 67.00, 1035
2026/07/13 06:11:29.167, 100, 44, 11839, 15360, 58.10, 915
2026/07/13 06:11:30.184, 100, 41, 11839, 15360, 65.57, 1020
2026/07/13 06:11:31.194, 100, 53, 11839, 15360, 67.20, 765
2026/07/13 06:11:32.205, 100, 38, 11839, 15360, 66.42, 1035
2026/07/13 06:11:33.251, 100, 56, 11839, 15360, 66.91, 765
2026/07/13 06:11:34.287, 100, 41, 11839, 15360, 65.53, 1005
2026/07/13 06:11:35.306, 100, 54, 11839, 15360, 69.86, 885
2026/07/13 06:11:36.321, 100, 41, 11839, 15360, 66.81, 1020
2026/07/13 06:11:37.332, 100, 56, 11839, 15360, 66.51, 1020
2026/07/13 06:11:38.342, 100, 41, 11839, 15360, 67.75, 1050
2026/07/13 06:11:39.352, 100, 54, 11839, 15360, 65.83, 1035
2026/07/13 06:11:40.363, 100, 39, 11839, 15360, 64.55, 1020
2026/07/13 06:11:41.372, 100, 56, 11839, 15360, 64.85, 1035
2026/07/13 06:11:42.381, 100, 41, 11839, 15360, 65.30, 1050
2026/07/13 06:11:43.392, 100, 57, 11839, 15360, 63.67, 1005
2026/07/13 06:11:44.400, 100, 41, 11839, 15360, 66.18, 1050
2026/07/13 06:11:45.411, 96, 58, 11839, 15360, 65.53, 1035
2026/07/13 06:11:46.423, 100, 37, 11839, 15360, 68.10, 1050
2026/07/13 06:11:47.439, 94, 54, 11839, 15360, 64.55, 1050
2026/07/13 06:11:48.457, 100, 33, 11839, 15360, 66.42, 1035
2026/07/13 06:11:49.471, 100, 45, 11839, 15360, 67.16, 1035
2026/07/13 06:11:50.487, 100, 38, 11839, 15360, 65.98, 1020
2026/07/13 06:11:51.502, 100, 41, 11839, 15360, 71.13, 1035
2026/07/13 06:11:52.516, 100, 43, 11839, 15360, 62.83, 1050
2026/07/13 06:11:53.532, 96, 50, 11839, 15360, 63.71, 1185
2026/07/13 06:11:54.545, 100, 31, 11839, 15360, 66.81, 945
2026/07/13 06:11:55.555, 100, 39, 11839, 15360, 65.87, 1050
2026/07/13 06:11:56.567, 100, 45, 11839, 15360, 67.84, 675
2026/07/13 06:11:57.577, 100, 40, 11839, 15360, 67.45, 1035
2026/07/13 06:11:58.588, 100, 42, 11839, 15360, 73.73, 855
2026/07/13 06:11:59.598, 100, 41, 11839, 15360, 65.93, 1020
2026/07/13 06:12:00.608, 100, 53, 11839, 15360, 66.42, 1020
2026/07/13 06:12:01.617, 100, 41, 11839, 15360, 63.61, 1020
2026/07/13 06:12:02.640, 100, 48, 11839, 15360, 73.24, 765
2026/07/13 06:12:03.675, 100, 41, 11839, 15360, 64.36, 1035
2026/07/13 06:12:04.696, 100, 54, 11839, 15360, 71.32, 750
2026/07/13 06:12:05.705, 100, 40, 11839, 15360, 66.81, 1020
2026/07/13 06:12:06.714, 100, 56, 11839, 15360, 65.14, 1005
2026/07/13 06:12:07.725, 100, 40, 11839, 15360, 66.36, 1035
2026/07/13 06:12:08.732, 100, 56, 11839, 15360, 63.87, 1035
2026/07/13 06:12:09.744, 100, 40, 11839, 15360, 66.91, 1050
2026/07/13 06:12:10.755, 100, 54, 11839, 15360, 66.61, 1050
2026/07/13 06:12:11.764, 100, 38, 11839, 15360, 66.22, 1035
2026/07/13 06:12:12.772, 100, 54, 11839, 15360, 66.47, 1050
2026/07/13 06:12:13.781, 100, 38, 11839, 15360, 65.44, 1020
2026/07/13 06:12:14.794, 100, 56, 11839, 15360, 66.61, 1035
2026/07/13 06:12:15.804, 100, 40, 11839, 15360, 66.18, 1020
2026/07/13 06:12:16.815, 100, 55, 11839, 15360, 66.67, 1035
2026/07/13 06:12:17.825, 100, 39, 11839, 15360, 67.49, 1035
2026/07/13 06:12:18.835, 96, 62, 11839, 15360, 65.34, 1050
2026/07/13 06:12:19.844, 100, 36, 11839, 15360, 67.75, 1020
2026/07/13 06:12:20.852, 96, 56, 11839, 15360, 64.16, 1035
2026/07/13 06:12:21.863, 100, 36, 11839, 15360, 65.53, 1050
2026/07/13 06:12:22.873, 98, 49, 11839, 15360, 68.38, 1050
2026/07/13 06:12:23.883, 100, 31, 11839, 15360, 61.30, 1005
2026/07/13 06:12:24.895, 100, 38, 11839, 15360, 65.57, 1050
2026/07/13 06:12:25.918, 100, 44, 11839, 15360, 66.71, 735
2026/07/13 06:12:26.931, 100, 40, 11839, 15360, 67.98, 1035
2026/07/13 06:12:27.943, 100, 46, 11839, 15360, 67.84, 705
2026/07/13 06:12:28.953, 100, 41, 11839, 15360, 65.34, 1020
2026/07/13 06:12:29.976, 100, 47, 11839, 15360, 71.03, 840
2026/07/13 06:12:30.993, 100, 41, 11839, 15360, 66.12, 1035
2026/07/13 06:12:32.010, 100, 50, 11839, 15360, 66.91, 990
2026/07/13 06:12:33.026, 100, 40, 11839, 15360, 64.75, 1020
2026/07/13 06:12:34.037, 100, 54, 11839, 15360, 68.24, 765
2026/07/13 06:12:35.049, 100, 39, 11839, 15360, 66.81, 1035
2026/07/13 06:12:36.063, 100, 54, 11839, 15360, 63.97, 1050
2026/07/13 06:12:37.072, 100, 39, 11839, 15360, 64.81, 1020
2026/07/13 06:12:38.079, 100, 56, 11839, 15360, 66.22, 1020
2026/07/13 06:12:39.090, 100, 40, 11839, 15360, 66.32, 1050
2026/07/13 06:12:40.098, 100, 54, 11839, 15360, 66.67, 1020
2026/07/13 06:12:41.107, 100, 41, 11839, 15360, 63.91, 1035
2026/07/13 06:12:42.116, 100, 56, 11839, 15360, 65.67, 1020
2026/07/13 06:12:43.128, 100, 41, 11839, 15360, 65.83, 1035
2026/07/13 06:12:44.141, 100, 55, 11839, 15360, 67.20, 1050
2026/07/13 06:12:45.159, 100, 41, 11839, 15360, 66.71, 1035
2026/07/13 06:12:46.171, 93, 61, 11839, 15360, 67.79, 1050
2026/07/13 06:12:47.183, 100, 38, 11839, 15360, 65.63, 1050
2026/07/13 06:12:48.191, 96, 54, 11839, 15360, 66.12, 1035
2026/07/13 06:12:49.202, 100, 37, 11839, 15360, 65.14, 1005
2026/07/13 06:12:50.211, 96, 50, 11839, 15360, 66.36, 1020
2026/07/13 06:12:51.220, 100, 30, 11839, 15360, 64.99, 1035
2026/07/13 06:12:52.229, 100, 40, 11839, 15360, 66.28, 1020
2026/07/13 06:12:53.238, 100, 45, 11839, 15360, 66.71, 1050
2026/07/13 06:12:54.247, 100, 41, 11839, 15360, 66.57, 1170
2026/07/13 06:12:55.258, 100, 44, 11839, 15360, 60.22, 975
2026/07/13 06:12:56.268, 100, 41, 11839, 15360, 65.63, 1020
2026/07/13 06:12:57.280, 100, 53, 11839, 15360, 67.75, 690
2026/07/13 06:12:58.289, 100, 41, 11839, 15360, 66.22, 1005
2026/07/13 06:12:59.314, 100, 47, 11839, 15360, 67.40, 855
2026/07/13 06:13:00.324, 100, 38, 11839, 15360, 64.79, 1020
2026/07/13 06:13:01.350, 100, 55, 11839, 15360, 58.19, 840
2026/07/13 06:13:02.364, 100, 41, 11839, 15360, 65.53, 1035
2026/07/13 06:13:03.374, 100, 55, 11839, 15360, 67.55, 765
2026/07/13 06:13:04.386, 100, 41, 11839, 15360, 66.32, 1005
2026/07/13 06:13:05.407, 100, 52, 11839, 15360, 65.28, 765
2026/07/13 06:13:06.422, 100, 41, 11839, 15360, 65.77, 1050
2026/07/13 06:13:07.433, 100, 55, 11839, 15360, 65.40, 1020
2026/07/13 06:13:08.443, 100, 41, 11839, 15360, 64.85, 1035
2026/07/13 06:13:09.452, 100, 54, 11839, 15360, 65.93, 1035
2026/07/13 06:13:10.461, 100, 41, 11839, 15360, 60.67, 1050
2026/07/13 06:13:11.471, 100, 54, 11839, 15360, 65.48, 1005
2026/07/13 06:13:12.507, 100, 40, 11839, 15360, 65.48, 1020
2026/07/13 06:13:13.519, 100, 54, 11839, 15360, 66.61, 1035
2026/07/13 06:13:14.554, 100, 41, 11839, 15360, 65.57, 1020
2026/07/13 06:13:15.565, 100, 55, 11839, 15360, 65.89, 1020
2026/07/13 06:13:16.574, 100, 40, 11839, 15360, 65.24, 1035
2026/07/13 06:13:17.585, 96, 55, 11839, 15360, 67.16, 1020
2026/07/13 06:13:18.593, 100, 36, 11839, 15360, 63.75, 1020
2026/07/13 06:13:19.601, 96, 58, 11839, 15360, 65.49, 1005
2026/07/13 06:13:20.609, 100, 36, 11839, 15360, 67.20, 1020
2026/07/13 06:13:21.623, 96, 50, 11839, 15360, 66.22, 1020
2026/07/13 06:13:22.633, 100, 31, 11839, 15360, 66.36, 1020
2026/07/13 06:13:23.642, 100, 41, 11839, 15360, 50.46, 1095
2026/07/13 06:13:24.656, 100, 45, 11839, 15360, 62.38, 795
2026/07/13 06:13:25.666, 100, 40, 11839, 15360, 65.67, 1005
2026/07/13 06:13:26.694, 100, 46, 11839, 15360, 69.41, 675
2026/07/13 06:13:27.719, 100, 41, 11839, 15360, 68.18, 975
2026/07/13 06:13:28.749, 100, 43, 11839, 15360, 69.21, 825
2026/07/13 06:13:29.759, 100, 38, 11839, 15360, 65.34, 1020
2026/07/13 06:13:30.769, 100, 52, 11839, 15360, 66.71, 1005
2026/07/13 06:13:31.780, 100, 42, 11839, 15360, 64.16, 1035
2026/07/13 06:13:32.792, 100, 54, 11839, 15360, 65.83, 750
2026/07/13 06:13:33.800, 100, 38, 11839, 15360, 65.34, 1020
2026/07/13 06:13:34.808, 100, 54, 11839, 15360, 64.26, 1020
2026/07/13 06:13:35.817, 100, 41, 11839, 15360, 68.24, 990
2026/07/13 06:13:36.831, 100, 54, 11839, 15360, 66.51, 1035
2026/07/13 06:13:37.841, 100, 38, 11839, 15360, 68.38, 1020
2026/07/13 06:13:38.858, 100, 54, 11839, 15360, 64.85, 1020
2026/07/13 06:13:39.876, 100, 41, 11839, 15360, 64.50, 1020
2026/07/13 06:13:40.891, 100, 56, 11839, 15360, 65.44, 1005
2026/07/13 06:13:41.916, 100, 39, 11839, 15360, 66.86, 1035
2026/07/13 06:13:42.941, 93, 60, 11839, 15360, 65.14, 1035
2026/07/13 06:13:43.954, 100, 37, 11839, 15360, 64.50, 1020
2026/07/13 06:13:44.966, 100, 56, 11839, 15360, 67.44, 1035
2026/07/13 06:13:45.975, 100, 42, 11839, 15360, 63.91, 1050
2026/07/13 06:13:46.983, 100, 43, 11839, 15360, 64.89, 1035
2026/07/13 06:13:47.991, 100, 40, 11839, 15360, 68.38, 1005
2026/07/13 06:13:48.999, 100, 40, 11839, 15360, 69.02, 1020
2026/07/13 06:13:50.011, 100, 42, 11839, 15360, 63.16, 1020
2026/07/13 06:13:51.022, 96, 52, 11839, 15360, 64.06, 1185
2026/07/13 06:13:52.033, 100, 52, 11839, 15360, 66.61, 855
2026/07/13 06:13:53.041, 100, 41, 11839, 15360, 64.75, 1035
2026/07/13 06:13:54.053, 100, 44, 11839, 15360, 64.00, 675
2026/07/13 06:13:55.092, 100, 41, 11839, 15360, 65.24, 1020
2026/07/13 06:13:56.110, 100, 49, 11839, 15360, 57.54, 870
2026/07/13 06:13:57.136, 100, 38, 11839, 15360, 66.81, 1035
2026/07/13 06:13:58.152, 100, 45, 11839, 15360, 65.28, 1020
2026/07/13 06:13:59.161, 100, 39, 11839, 15360, 66.16, 1020
2026/07/13 06:14:00.169, 100, 52, 11839, 15360, 66.71, 750
2026/07/13 06:14:01.178, 100, 41, 11839, 15360, 65.83, 1020
2026/07/13 06:14:02.188, 100, 54, 11839, 15360, 65.73, 1020
2026/07/13 06:14:03.196, 100, 40, 11839, 15360, 65.18, 1020
2026/07/13 06:14:04.206, 100, 56, 11839, 15360, 64.79, 1005
2026/07/13 06:14:05.217, 100, 41, 11839, 15360, 65.77, 1005
2026/07/13 06:14:06.225, 100, 55, 11839, 15360, 64.36, 1005
2026/07/13 06:14:07.237, 100, 39, 11839, 15360, 66.46, 1020
2026/07/13 06:14:08.265, 100, 54, 11839, 15360, 66.67, 1020
2026/07/13 06:14:09.275, 100, 41, 11839, 15360, 64.79, 1020
2026/07/13 06:14:10.286, 100, 54, 11839, 15360, 66.75, 990
2026/07/13 06:14:11.296, 100, 37, 11839, 15360, 66.26, 1035
2026/07/13 06:14:12.311, 96, 62, 11839, 15360, 66.85, 1005
2026/07/13 06:14:13.319, 100, 37, 11839, 15360, 67.89, 1005
2026/07/13 06:14:14.329, 96, 54, 11839, 15360, 66.61, 1020
2026/07/13 06:14:15.337, 100, 33, 11839, 15360, 65.10, 1020
2026/07/13 06:14:16.348, 100, 41, 11839, 15360, 72.59, 1050
2026/07/13 06:14:17.362, 100, 40, 11839, 15360, 60.94, 990
2026/07/13 06:14:18.375, 100, 39, 11839, 15360, 62.28, 1050
2026/07/13 06:14:19.399, 100, 41, 11839, 15360, 67.10, 720
2026/07/13 06:14:20.410, 100, 40, 11839, 15360, 66.85, 1020
2026/07/13 06:14:21.419, 100, 52, 11839, 15360, 64.69, 705
2026/07/13 06:14:22.433, 100, 41, 11839, 15360, 65.34, 1035
2026/07/13 06:14:23.448, 100, 48, 11839, 15360, 58.39, 795
2026/07/13 06:14:24.458, 100, 38, 11839, 15360, 62.73, 1035
2026/07/13 06:14:25.477, 100, 55, 11839, 15360, 69.12, 795
2026/07/13 06:14:26.496, 100, 41, 11839, 15360, 66.81, 1005
2026/07/13 06:14:27.518, 100, 55, 11839, 15360, 65.24, 750
2026/07/13 06:14:28.532, 100, 41, 11839, 15360, 64.95, 1035
2026/07/13 06:14:29.542, 100, 54, 11839, 15360, 65.83, 1035
2026/07/13 06:14:30.558, 100, 38, 11839, 15360, 67.44, 1020
2026/07/13 06:14:31.566, 100, 55, 11839, 15360, 66.32, 1035
2026/07/13 06:14:32.578, 100, 40, 11839, 15360, 66.85, 1020
2026/07/13 06:14:33.588, 100, 56, 11839, 15360, 67.06, 1035
2026/07/13 06:14:34.595, 100, 41, 11839, 15360, 66.12, 975
2026/07/13 06:14:35.606, 100, 54, 11839, 15360, 65.44, 1005
2026/07/13 06:14:36.621, 100, 39, 11839, 15360, 67.40, 1020
2026/07/13 06:14:37.629, 93, 60, 11839, 15360, 66.12, 1005
2026/07/13 06:14:38.663, 100, 36, 11839, 15360, 66.65, 1035
2026/07/13 06:14:39.676, 94, 55, 11839, 15360, 66.51, 1035
2026/07/13 06:14:40.685, 100, 35, 11839, 15360, 65.38, 1020
2026/07/13 06:14:41.693, 100, 47, 11839, 15360, 64.20, 1020
2026/07/13 06:14:42.701, 100, 35, 11839, 15360, 66.56, 1020
2026/07/13 06:14:43.713, 100, 42, 11839, 15360, 66.42, 1020
2026/07/13 06:14:44.722, 100, 42, 11839, 15360, 61.85, 1005
2026/07/13 06:14:45.745, 96, 50, 11839, 15360, 63.55, 1185
2026/07/13 06:14:46.773, 100, 30, 11839, 15360, 67.20, 930
2026/07/13 06:14:47.787, 100, 39, 11839, 15360, 66.96, 1020
2026/07/13 06:14:48.795, 100, 43, 11839, 15360, 69.02, 675
2026/07/13 06:14:49.805, 100, 39, 11839, 15360, 65.87, 1020
2026/07/13 06:14:50.826, 100, 47, 11839, 15360, 67.49, 810
2026/07/13 06:14:51.839, 100, 41, 11839, 15360, 65.83, 1035
2026/07/13 06:14:52.873, 100, 44, 11839, 15360, 67.20, 975
2026/07/13 06:14:53.883, 100, 41, 11839, 15360, 64.93, 1005
2026/07/13 06:14:54.891, 100, 55, 11839, 15360, 65.14, 735
2026/07/13 06:14:55.900, 100, 41, 11839, 15360, 67.04, 1035
2026/07/13 06:14:56.910, 100, 55, 11839, 15360, 66.22, 1020
2026/07/13 06:14:57.918, 100, 38, 11839, 15360, 64.99, 1020
2026/07/13 06:14:58.930, 100, 54, 11839, 15360, 66.42, 1020
2026/07/13 06:14:59.941, 100, 38, 11839, 15360, 64.79, 1035
2026/07/13 06:15:00.950, 100, 55, 11839, 15360, 66.56, 1020
2026/07/13 06:15:01.958, 100, 41, 11839, 15360, 64.85, 1035
2026/07/13 06:15:02.967, 100, 54, 11839, 15360, 65.53, 1020
2026/07/13 06:15:03.976, 100, 41, 11839, 15360, 65.04, 1020
2026/07/13 06:15:05.001, 100, 56, 11839, 15360, 65.63, 1035
2026/07/13 06:15:06.045, 100, 38, 11839, 15360, 66.67, 1050
2026/07/13 06:15:07.071, 94, 56, 11839, 15360, 66.32, 1035
2026/07/13 06:15:08.103, 100, 37, 11839, 15360, 65.73, 975
2026/07/13 06:15:09.123, 96, 57, 11839, 15360, 66.32, 1035
2026/07/13 06:15:10.133, 100, 36, 11839, 15360, 65.81, 1050
2026/07/13 06:15:11.141, 96, 53, 11839, 15360, 66.32, 1035
2026/07/13 06:15:12.152, 100, 34, 11839, 15360, 64.06, 1020
2026/07/13 06:15:13.163, 100, 39, 11839, 15360, 65.73, 1035
2026/07/13 06:15:14.173, 100, 45, 11839, 15360, 66.81, 1050
2026/07/13 06:15:15.181, 100, 41, 11839, 15360, 72.45, 1125
2026/07/13 06:15:16.190, 100, 44, 11839, 15360, 60.94, 960
2026/07/13 06:15:17.199, 100, 40, 11839, 15360, 65.34, 1020
2026/07/13 06:15:18.210, 100, 50, 11839, 15360, 67.00, 675
2026/07/13 06:15:19.231, 100, 40, 11839, 15360, 66.02, 1020
2026/07/13 06:15:20.260, 100, 40, 11839, 15360, 65.97, 735
2026/07/13 06:15:21.285, 100, 40, 11839, 15360, 65.63, 1035
2026/07/13 06:15:22.306, 100, 52, 11839, 15360, 57.90, 870
2026/07/13 06:15:23.314, 100, 39, 11839, 15360, 65.03, 1020
2026/07/13 06:15:24.322, 100, 44, 11839, 15360, 67.79, 840
2026/07/13 06:15:25.341, 100, 41, 11839, 15360, 66.22, 1020
2026/07/13 06:15:26.351, 100, 54, 11839, 15360, 67.89, 735
2026/07/13 06:15:27.362, 100, 41, 11839, 15360, 65.93, 1005
2026/07/13 06:15:28.372, 100, 54, 11839, 15360, 64.69, 1005
2026/07/13 06:15:29.383, 100, 41, 11839, 15360, 65.28, 1050
2026/07/13 06:15:30.394, 100, 56, 11839, 15360, 65.61, 1020
2026/07/13 06:15:31.407, 100, 38, 11839, 15360, 66.42, 1050
2026/07/13 06:15:32.418, 100, 54, 11839, 15360, 66.06, 1035
2026/07/13 06:15:33.428, 100, 39, 11839, 15360, 67.40, 1005
2026/07/13 06:15:34.440, 100, 55, 11839, 15360, 66.42, 1020
2026/07/13 06:15:35.453, 100, 41, 11839, 15360, 65.77, 1035
2026/07/13 06:15:36.486, 100, 56, 11839, 15360, 65.93, 1050
2026/07/13 06:15:37.495, 100, 41, 11839, 15360, 64.95, 1035
2026/07/13 06:15:38.505, 100, 56, 11839, 15360, 65.57, 1020
2026/07/13 06:15:39.516, 100, 39, 11839, 15360, 64.79, 1050
2026/07/13 06:15:40.526, 96, 61, 11839, 15360, 67.00, 1050
2026/07/13 06:15:41.536, 100, 35, 11839, 15360, 66.91, 1035
2026/07/13 06:15:42.543, 96, 54, 11839, 15360, 70.00, 1035
2026/07/13 06:15:43.555, 100, 33, 11839, 15360, 59.73, 1020
2026/07/13 06:15:44.563, 100, 42, 11839, 15360, 64.50, 1065
2026/07/13 06:15:45.574, 100, 39, 11839, 15360, 67.40, 945
2026/07/13 06:15:46.584, 100, 41, 11839, 15360, 66.56, 1050
2026/07/13 06:15:47.621, 100, 42, 11839, 15360, 67.59, 930
2026/07/13 06:15:48.666, 100, 38, 11839, 15360, 65.57, 1020
2026/07/13 06:15:49.685, 100, 52, 11839, 15360, 65.28, 675
2026/07/13 06:15:50.696, 100, 42, 11839, 15360, 65.77, 1035
2026/07/13 06:15:51.711, 100, 46, 11839, 15360, 68.92, 855
2026/07/13 06:15:52.722, 100, 41, 11839, 15360, 64.59, 1050
2026/07/13 06:15:53.732, 100, 54, 11839, 15360, 66.22, 1020
2026/07/13 06:15:54.742, 100, 38, 11839, 15360, 66.81, 1005
2026/07/13 06:15:55.760, 100, 54, 11839, 15360, 69.26, 750
2026/07/13 06:15:56.769, 100, 42, 11839, 15360, 65.87, 1020
2026/07/13 06:15:57.780, 100, 56, 11839, 15360, 64.85, 1020
2026/07/13 06:15:58.790, 100, 40, 11839, 15360, 64.69, 1005
2026/07/13 06:15:59.799, 100, 55, 11839, 15360, 65.14, 1050
2026/07/13 06:16:00.817, 100, 40, 11839, 15360, 65.83, 1035
2026/07/13 06:16:01.842, 100, 56, 11839, 15360, 67.44, 1035
2026/07/13 06:16:02.856, 100, 41, 11839, 15360, 65.24, 1035
2026/07/13 06:16:03.868, 100, 56, 11839, 15360, 66.32, 1050
2026/07/13 06:16:04.880, 100, 40, 11839, 15360, 67.40, 1035
2026/07/13 06:16:05.887, 100, 55, 11839, 15360, 67.59, 1035
2026/07/13 06:16:06.899, 100, 41, 11839, 15360, 64.75, 990
2026/07/13 06:16:07.907, 100, 54, 11839, 15360, 66.12, 1020
2026/07/13 06:16:08.915, 100, 37, 11839, 15360, 65.18, 1020
2026/07/13 06:16:09.923, 96, 51, 11839, 15360, 65.87, 1035
2026/07/13 06:16:10.935, 100, 28, 11839, 15360, 63.48, 1005
2026/07/13 06:16:11.943, 100, 41, 11839, 15360, 65.77, 1020
2026/07/13 06:16:12.955, 100, 37, 11839, 15360, 66.12, 1020
2026/07/13 06:16:13.964, 96, 55, 11839, 15360, 71.48, 1080
2026/07/13 06:16:14.973, 100, 34, 11839, 15360, 60.45, 990
2026/07/13 06:16:15.985, 100, 47, 11839, 15360, 66.91, 1155
2026/07/13 06:16:17.008, 100, 35, 11839, 15360, 67.00, 855
2026/07/13 06:16:18.020, 100, 40, 11839, 15360, 67.59, 1035
2026/07/13 06:16:19.034, 100, 44, 11839, 15360, 66.81, 690
2026/07/13 06:16:20.044, 100, 42, 11839, 15360, 65.28, 1035
2026/07/13 06:16:21.053, 100, 49, 11839, 15360, 71.72, 810
2026/07/13 06:16:22.062, 100, 42, 11839, 15360, 64.75, 1035
2026/07/13 06:16:23.071, 100, 46, 11839, 15360, 66.51, 960
2026/07/13 06:16:24.083, 100, 41, 11839, 15360, 66.36, 1020
2026/07/13 06:16:25.094, 100, 52, 11839, 15360, 73.58, 750
2026/07/13 06:16:26.105, 100, 38, 11839, 15360, 65.77, 1020
2026/07/13 06:16:27.117, 100, 54, 11839, 15360, 65.28, 1020
2026/07/13 06:16:28.147, 100, 39, 11839, 15360, 66.06, 1035
2026/07/13 06:16:29.159, 100, 54, 11839, 15360, 67.40, 1020
2026/07/13 06:16:30.169, 100, 41, 11839, 15360, 62.87, 1020
2026/07/13 06:16:31.186, 100, 56, 11839, 15360, 66.42, 1035
2026/07/13 06:16:32.200, 100, 39, 11839, 15360, 66.75, 1035
2026/07/13 06:16:33.214, 100, 54, 11839, 15360, 66.26, 1020
2026/07/13 06:16:34.223, 100, 40, 11839, 15360, 65.12, 1035
2026/07/13 06:16:35.230, 100, 56, 11839, 15360, 68.72, 1035
2026/07/13 06:16:36.243, 100, 41, 11839, 15360, 67.14, 1035
2026/07/13 06:16:37.250, 100, 56, 11839, 15360, 66.46, 1050
2026/07/13 06:16:38.261, 100, 41, 11839, 15360, 64.95, 1035
2026/07/13 06:16:39.272, 96, 58, 11839, 15360, 65.34, 1035
2026/07/13 06:16:40.284, 100, 37, 11839, 15360, 66.06, 1035
2026/07/13 06:16:41.295, 96, 55, 11839, 15360, 71.32, 1020
2026/07/13 06:16:42.303, 100, 33, 11839, 15360, 63.06, 1020
2026/07/13 06:16:43.322, 100, 46, 11839, 15360, 62.38, 1020
2026/07/13 06:16:44.351, 100, 36, 11839, 15360, 64.44, 1020
2026/07/13 06:16:45.361, 100, 41, 11839, 15360, 63.81, 1320
2026/07/13 06:16:46.396, 100, 42, 11839, 15360, 65.18, 885
2026/07/13 06:16:47.410, 100, 40, 11839, 15360, 66.46, 990
2026/07/13 06:16:48.419, 100, 50, 11839, 15360, 70.49, 690
2026/07/13 06:16:49.430, 100, 38, 11839, 15360, 66.56, 1035
2026/07/13 06:16:50.441, 100, 45, 11839, 15360, 71.03, 780
2026/07/13 06:16:51.451, 100, 41, 11839, 15360, 65.34, 1035
2026/07/13 06:16:52.460, 100, 53, 11839, 15360, 65.67, 960
2026/07/13 06:16:53.471, 100, 41, 11839, 15360, 67.30, 1020
2026/07/13 06:16:54.481, 100, 56, 11839, 15360, 72.60, 735
2026/07/13 06:16:55.490, 100, 41, 11839, 15360, 64.44, 1035
2026/07/13 06:16:56.502, 100, 54, 11839, 15360, 66.42, 1035
2026/07/13 06:16:57.520, 100, 41, 11839, 15360, 65.03, 1020
2026/07/13 06:16:58.532, 100, 54, 11839, 15360, 65.38, 1035
2026/07/13 06:16:59.555, 100, 40, 11839, 15360, 66.26, 1035
2026/07/13 06:17:00.584, 100, 54, 11839, 15360, 65.34, 1050
2026/07/13 06:17:01.610, 100, 41, 11839, 15360, 66.26, 1050
2026/07/13 06:17:02.623, 100, 56, 11839, 15360, 67.49, 1035
2026/07/13 06:17:03.634, 100, 41, 11839, 15360, 65.97, 1020
2026/07/13 06:17:04.651, 100, 56, 11839, 15360, 66.22, 1050
2026/07/13 06:17:05.662, 100, 37, 11839, 15360, 65.52, 990
2026/07/13 06:17:06.672, 100, 54, 11839, 15360, 66.86, 1050
2026/07/13 06:17:07.684, 100, 41, 11839, 15360, 66.12, 1020
2026/07/13 06:17:08.694, 100, 56, 11839, 15360, 66.22, 1020
2026/07/13 06:17:09.702, 100, 41, 11839, 15360, 68.18, 1035
2026/07/13 06:17:10.710, 96, 59, 11839, 15360, 66.06, 1020
2026/07/13 06:17:11.726, 100, 38, 11839, 15360, 67.49, 1035
2026/07/13 06:17:12.735, 94, 54, 11839, 15360, 68.57, 1035
2026/07/13 06:17:13.752, 100, 37, 11839, 15360, 66.75, 1035
2026/07/13 06:17:14.763, 96, 50, 11839, 15360, 60.02, 1050
2026/07/13 06:17:15.777, 100, 31, 11839, 15360, 56.00, 1020
2026/07/13 06:17:16.787, 100, 41, 11839, 15360, 65.48, 1020
2026/07/13 06:17:17.807, 100, 45, 11839, 15360, 67.59, 840
2026/07/13 06:17:18.824, 100, 40, 11839, 15360, 65.24, 1050
2026/07/13 06:17:19.835, 100, 41, 11839, 15360, 65.38, 675
2026/07/13 06:17:20.844, 100, 39, 11839, 15360, 65.97, 1020
2026/07/13 06:17:21.853, 100, 53, 11839, 15360, 66.81, 810
2026/07/13 06:17:22.862, 100, 39, 11839, 15360, 66.77, 1020
2026/07/13 06:17:23.871, 100, 44, 11839, 15360, 66.32, 1035
2026/07/13 06:17:24.883, 100, 40, 11839, 15360, 64.85, 1035
2026/07/13 06:17:25.895, 100, 53, 11839, 15360, 73.82, 780
2026/07/13 06:17:26.923, 100, 41, 11839, 15360, 65.83, 1050
2026/07/13 06:17:27.944, 100, 56, 11839, 15360, 65.48, 765
2026/07/13 06:17:28.962, 100, 40, 11839, 15360, 67.98, 1065
2026/07/13 06:17:29.970, 100, 54, 11839, 15360, 67.93, 1050
2026/07/13 06:17:30.983, 100, 41, 11839, 15360, 66.22, 1035
2026/07/13 06:17:31.993, 100, 56, 11839, 15360, 65.93, 1005
2026/07/13 06:17:33.001, 100, 42, 11839, 15360, 65.04, 1050
2026/07/13 06:17:34.008, 100, 55, 11839, 15360, 67.54, 990
2026/07/13 06:17:35.023, 100, 39, 11839, 15360, 65.97, 1020
2026/07/13 06:17:36.032, 100, 56, 11839, 15360, 64.89, 1005
2026/07/13 06:17:37.047, 100, 39, 11839, 15360, 65.48, 1035
2026/07/13 06:17:38.059, 100, 54, 11839, 15360, 65.57, 1050
2026/07/13 06:17:39.070, 100, 41, 11839, 15360, 66.81, 1020
2026/07/13 06:17:40.082, 100, 54, 11839, 15360, 63.57, 1050
2026/07/13 06:17:41.092, 100, 42, 11839, 15360, 66.56, 1020
2026/07/13 06:17:42.111, 94, 56, 11839, 15360, 67.35, 1005
2026/07/13 06:17:43.149, 100, 37, 11839, 15360, 66.42, 1020
2026/07/13 06:17:44.156, 96, 60, 11839, 15360, 65.44, 1050
2026/07/13 06:17:45.165, 100, 37, 11839, 15360, 65.77, 1035
2026/07/13 06:17:46.173, 96, 54, 11839, 15360, 65.38, 1035
2026/07/13 06:17:47.184, 100, 36, 11839, 15360, 66.12, 1050
2026/07/13 06:17:48.195, 98, 49, 11839, 15360, 66.02, 1020
2026/07/13 06:17:49.204, 100, 30, 11839, 15360, 66.06, 1035
2026/07/13 06:17:50.213, 100, 41, 11839, 15360, 71.72, 1080
2026/07/13 06:17:51.224, 100, 45, 11839, 15360, 61.63, 1020
2026/07/13 06:17:52.232, 100, 41, 11839, 15360, 63.32, 1125
2026/07/13 06:17:53.244, 100, 42, 11839, 15360, 65.48, 960
2026/07/13 06:17:54.264, 100, 39, 11839, 15360, 64.55, 1050
2026/07/13 06:17:55.294, 100, 52, 11839, 15360, 70.19, 690
2026/07/13 06:17:56.305, 100, 41, 11839, 15360, 64.69, 1050
2026/07/13 06:17:57.323, 100, 44, 11839, 15360, 67.30, 720
2026/07/13 06:17:58.333, 100, 41, 11839, 15360, 65.48, 1065
2026/07/13 06:17:59.343, 100, 50, 11839, 15360, 58.10, 870
2026/07/13 06:18:00.361, 100, 41, 11839, 15360, 65.87, 1020
2026/07/13 06:18:01.372, 100, 54, 11839, 15360, 66.71, 915
2026/07/13 06:18:02.383, 100, 39, 11839, 15360, 63.67, 1050
2026/07/13 06:18:03.390, 100, 56, 11839, 15360, 74.21, 795
2026/07/13 06:18:04.481, 100, 41, 11839, 15360, 64.69, 1050
2026/07/13 06:18:05.493, 100, 48, 11839, 15360, 67.79, 915
2026/07/13 06:18:06.513, 100, 41, 11839, 15360, 66.81, 1050
2026/07/13 06:18:07.522, 100, 55, 11839, 15360, 68.18, 780
2026/07/13 06:18:08.552, 100, 41, 11839, 15360, 65.18, 1050
2026/07/13 06:18:09.576, 100, 55, 11839, 15360, 72.99, 750
2026/07/13 06:18:10.599, 100, 41, 11839, 15360, 66.32, 1050
2026/07/13 06:18:11.621, 100, 56, 11839, 15360, 65.57, 990
2026/07/13 06:18:12.630, 100, 38, 11839, 15360, 66.51, 1050
2026/07/13 06:18:13.641, 100, 54, 11839, 15360, 67.20, 1050
2026/07/13 06:18:14.658, 100, 41, 11839, 15360, 66.51, 1050
2026/07/13 06:18:15.666, 100, 54, 11839, 15360, 68.28, 1020
2026/07/13 06:18:16.673, 100, 41, 11839, 15360, 65.49, 1035
2026/07/13 06:18:17.687, 100, 54, 11839, 15360, 66.51, 1050
2026/07/13 06:18:18.698, 100, 41, 11839, 15360, 66.06, 1050
2026/07/13 06:18:19.712, 100, 56, 11839, 15360, 66.02, 1050
2026/07/13 06:18:20.722, 100, 40, 11839, 15360, 65.44, 1050
2026/07/13 06:18:21.730, 100, 55, 11839, 15360, 65.63, 1050
2026/07/13 06:18:22.762, 100, 39, 11839, 15360, 65.57, 1035
2026/07/13 06:18:23.774, 94, 60, 11839, 15360, 65.63, 1050
2026/07/13 06:18:24.785, 100, 38, 11839, 15360, 68.08, 1050
2026/07/13 06:18:25.795, 96, 57, 11839, 15360, 66.65, 1050
2026/07/13 06:18:26.807, 100, 37, 11839, 15360, 64.89, 1065
2026/07/13 06:18:27.820, 96, 55, 11839, 15360, 65.73, 1035
2026/07/13 06:18:28.833, 100, 34, 11839, 15360, 66.12, 1050
2026/07/13 06:18:29.843, 100, 48, 11839, 15360, 67.00, 1035
2026/07/13 06:18:30.853, 100, 32, 11839, 15360, 66.91, 1050
2026/07/13 06:18:31.864, 96, 58, 11839, 15360, 64.69, 1020
2026/07/13 06:18:32.874, 100, 37, 11839, 15360, 65.77, 1020
2026/07/13 06:18:33.882, 96, 58, 11839, 15360, 67.20, 1020
2026/07/13 06:18:34.892, 100, 36, 11839, 15360, 64.50, 1050
2026/07/13 06:18:35.903, 94, 50, 11839, 15360, 67.30, 1125
2026/07/13 06:18:36.933, 100, 31, 11839, 15360, 60.26, 1020
2026/07/13 06:18:37.953, 100, 41, 11839, 15360, 64.44, 1230
2026/07/13 06:18:38.976, 100, 41, 11839, 15360, 66.91, 960
2026/07/13 06:18:39.999, 100, 42, 11839, 15360, 66.22, 1020
2026/07/13 06:18:41.018, 100, 45, 11839, 15360, 70.78, 675
2026/07/13 06:18:42.028, 100, 42, 11839, 15360, 67.20, 1050
2026/07/13 06:18:43.046, 100, 45, 11839, 15360, 67.20, 690
2026/07/13 06:18:44.070, 100, 42, 11839, 15360, 66.12, 1035
2026/07/13 06:18:45.087, 100, 52, 11839, 15360, 70.93, 720
2026/07/13 06:18:46.102, 100, 41, 11839, 15360, 66.75, 1050
2026/07/13 06:18:47.116, 100, 45, 11839, 15360, 67.89, 810
2026/07/13 06:18:48.125, 100, 41, 11839, 15360, 67.73, 1020
2026/07/13 06:18:49.134, 100, 52, 11839, 15360, 59.76, 1050
2026/07/13 06:18:50.143, 100, 42, 11839, 15360, 66.12, 1050
2026/07/13 06:18:51.167, 100, 54, 11839, 15360, 66.61, 780
2026/07/13 06:18:52.183, 100, 41, 11839, 15360, 66.85, 1050
2026/07/13 06:18:53.200, 100, 54, 11839, 15360, 73.73, 765
2026/07/13 06:18:54.218, 100, 42, 11839, 15360, 66.65, 1035
2026/07/13 06:18:55.229, 100, 54, 11839, 15360, 66.67, 1035
2026/07/13 06:18:56.237, 100, 41, 11839, 15360, 66.56, 1080
2026/07/13 06:18:57.249, 100, 54, 11839, 15360, 65.57, 1050
2026/07/13 06:18:58.256, 100, 38, 11839, 15360, 68.18, 1020
2026/07/13 06:18:59.266, 100, 54, 11839, 15360, 66.61, 1035
2026/07/13 06:19:00.275, 100, 40, 11839, 15360, 64.85, 1035
2026/07/13 06:19:01.286, 100, 54, 11839, 15360, 66.42, 1050
2026/07/13 06:19:02.295, 100, 41, 11839, 15360, 65.83, 1020
2026/07/13 06:19:03.302, 100, 54, 11839, 15360, 65.97, 1050
2026/07/13 06:19:04.313, 100, 41, 11839, 15360, 65.93, 1020
2026/07/13 06:19:05.326, 94, 59, 11839, 15360, 66.02, 1050
2026/07/13 06:19:06.350, 100, 38, 11839, 15360, 65.93, 990
2026/07/13 06:19:07.374, 94, 56, 11839, 15360, 67.49, 1050
2026/07/13 06:19:08.395, 100, 37, 11839, 15360, 67.89, 1035
2026/07/13 06:19:09.411, 96, 54, 11839, 15360, 66.51, 1020
2026/07/13 06:19:10.420, 100, 33, 11839, 15360, 66.85, 990
2026/07/13 06:19:11.429, 96, 59, 11839, 15360, 66.95, 1050
2026/07/13 06:19:12.440, 100, 37, 11839, 15360, 65.12, 1020
2026/07/13 06:19:13.448, 96, 58, 11839, 15360, 66.81, 1020
2026/07/13 06:19:14.460, 100, 36, 11839, 15360, 59.21, 1050
2026/07/13 06:19:15.468, 96, 54, 11839, 15360, 71.81, 1080
2026/07/13 06:19:16.479, 100, 32, 11839, 15360, 61.75, 1035
2026/07/13 06:19:17.498, 100, 46, 11839, 15360, 64.50, 1095
2026/07/13 06:19:18.521, 100, 38, 11839, 15360, 66.42, 930
2026/07/13 06:19:19.553, 100, 41, 11839, 15360, 65.87, 1020
2026/07/13 06:19:20.582, 100, 43, 11839, 15360, 70.59, 690
2026/07/13 06:19:21.598, 100, 42, 11839, 15360, 66.71, 1050
2026/07/13 06:19:22.609, 100, 48, 11839, 15360, 69.31, 705
2026/07/13 06:19:23.618, 100, 41, 11839, 15360, 66.61, 1050
2026/07/13 06:19:24.628, 100, 49, 11839, 15360, 57.21, 795
2026/07/13 06:19:25.638, 100, 40, 11839, 15360, 64.83, 1050
2026/07/13 06:19:26.645, 100, 49, 11839, 15360, 67.20, 1020
2026/07/13 06:19:27.657, 100, 40, 11839, 15360, 64.30, 1020
2026/07/13 06:19:28.667, 100, 56, 11839, 15360, 66.42, 750
2026/07/13 06:19:29.676, 100, 40, 11839, 15360, 66.30, 1035
2026/07/13 06:19:30.683, 100, 56, 11839, 15360, 64.50, 990
2026/07/13 06:19:31.692, 100, 41, 11839, 15360, 65.73, 1050
2026/07/13 06:19:32.704, 100, 56, 11839, 15360, 65.83, 1050
2026/07/13 06:19:33.714, 100, 41, 11839, 15360, 66.71, 1035
2026/07/13 06:19:34.758, 100, 56, 11839, 15360, 66.22, 1050
2026/07/13 06:19:35.770, 100, 41, 11839, 15360, 66.22, 1020
2026/07/13 06:19:36.783, 100, 56, 11839, 15360, 65.97, 1050
2026/07/13 06:19:37.792, 100, 42, 11839, 15360, 66.02, 1050
2026/07/13 06:19:38.800, 100, 56, 11839, 15360, 65.24, 1050
2026/07/13 06:19:39.810, 100, 42, 11839, 15360, 66.81, 1050
2026/07/13 06:19:40.817, 100, 56, 11839, 15360, 65.38, 1035
2026/07/13 06:19:41.827, 100, 41, 11839, 15360, 64.16, 1050
2026/07/13 06:19:42.836, 96, 59, 11839, 15360, 67.00, 1065
2026/07/13 06:19:43.847, 100, 37, 11839, 15360, 67.49, 1065
2026/07/13 06:19:44.856, 96, 61, 11839, 15360, 66.85, 1050
2026/07/13 06:19:45.864, 100, 37, 11839, 15360, 65.97, 1050
2026/07/13 06:19:46.899, 92, 53, 11839, 15360, 64.89, 1065
2026/07/13 06:19:47.915, 100, 38, 11839, 15360, 66.32, 1020
2026/07/13 06:19:48.932, 95, 49, 11839, 15360, 66.12, 1050
2026/07/13 06:19:49.948, 100, 29, 11839, 15360, 62.94, 1050
2026/07/13 06:19:50.956, 100, 42, 11839, 15360, 69.80, 1035
2026/07/13 06:19:51.966, 100, 44, 11839, 15360, 62.93, 1035
2026/07/13 06:19:52.977, 100, 39, 11839, 15360, 54.23, 1080
2026/07/13 06:19:53.985, 100, 43, 11839, 15360, 54.82, 1020
2026/07/13 06:19:54.994, 100, 41, 11839, 15360, 66.95, 1080
2026/07/13 06:19:56.002, 100, 49, 11839, 15360, 67.69, 870
2026/07/13 06:19:57.017, 100, 42, 11839, 15360, 67.40, 1035
2026/07/13 06:19:58.025, 100, 49, 11839, 15360, 66.32, 705
2026/07/13 06:19:59.035, 100, 41, 11839, 15360, 66.81, 1050
2026/07/13 06:20:00.047, 100, 50, 11839, 15360, 73.48, 840
2026/07/13 06:20:01.066, 100, 40, 11839, 15360, 69.06, 1050
2026/07/13 06:20:02.092, 100, 49, 11839, 15360, 64.69, 810
2026/07/13 06:20:03.102, 100, 41, 11839, 15360, 65.18, 1005
2026/07/13 06:20:04.123, 100, 50, 11839, 15360, 60.41, 1035
2026/07/13 06:20:05.136, 100, 39, 11839, 15360, 64.79, 1035
2026/07/13 06:20:06.147, 100, 47, 11839, 15360, 66.61, 765
2026/07/13 06:20:07.156, 100, 41, 11839, 15360, 66.71, 1050
2026/07/13 06:20:08.167, 100, 54, 11839, 15360, 74.51, 855
2026/07/13 06:20:09.177, 100, 42, 11839, 15360, 65.97, 1050
2026/07/13 06:20:10.187, 100, 55, 11839, 15360, 66.42, 1050
2026/07/13 06:20:11.199, 100, 41, 11839, 15360, 67.06, 1020
2026/07/13 06:20:12.206, 100, 55, 11839, 15360, 63.91, 1035
2026/07/13 06:20:13.215, 100, 40, 11839, 15360, 64.55, 1035
2026/07/13 06:20:14.224, 100, 57, 11839, 15360, 66.81, 1035
2026/07/13 06:20:15.234, 100, 41, 11839, 15360, 65.48, 1035
2026/07/13 06:20:16.248, 100, 54, 11839, 15360, 67.63, 1020
2026/07/13 06:20:17.265, 100, 42, 11839, 15360, 65.73, 1035
2026/07/13 06:20:18.276, 100, 54, 11839, 15360, 65.77, 1050
2026/07/13 06:20:19.286, 100, 41, 11839, 15360, 66.36, 1050
2026/07/13 06:20:20.296, 100, 56, 11839, 15360, 66.81, 1065
2026/07/13 06:20:21.304, 100, 40, 11839, 15360, 67.98, 1050
2026/07/13 06:20:22.313, 100, 54, 11839, 15360, 67.30, 1035
2026/07/13 06:20:23.328, 100, 41, 11839, 15360, 65.93, 1050
2026/07/13 06:20:24.336, 96, 59, 11839, 15360, 65.97, 1050
2026/07/13 06:20:25.349, 100, 37, 11839, 15360, 65.73, 1020
2026/07/13 06:20:26.359, 96, 59, 11839, 15360, 64.89, 1050
2026/07/13 06:20:27.383, 100, 36, 11839, 15360, 65.83, 1035
2026/07/13 06:20:28.398, 94, 53, 11839, 15360, 69.41, 1065
2026/07/13 06:20:29.413, 100, 33, 11839, 15360, 65.57, 1050
2026/07/13 06:20:30.423, 100, 48, 11839, 15360, 45.83, 1020
2026/07/13 06:20:31.457, 100, 31, 11839, 15360, 56.56, 1035
2026/07/13 06:20:32.470, 100, 41, 11839, 15360, 66.85, 1095
2026/07/13 06:20:33.484, 100, 45, 11839, 15360, 66.71, 990
2026/07/13 06:20:34.495, 100, 41, 11839, 15360, 64.69, 1065
2026/07/13 06:20:35.510, 100, 44, 11839, 15360, 55.67, 690
2026/07/13 06:20:36.520, 100, 41, 11839, 15360, 65.18, 1020
2026/07/13 06:20:37.529, 100, 53, 11839, 15360, 68.72, 705
2026/07/13 06:20:38.540, 100, 39, 11839, 15360, 65.57, 1035
2026/07/13 06:20:39.549, 100, 45, 11839, 15360, 65.28, 810
2026/07/13 06:20:40.559, 100, 41, 11839, 15360, 66.56, 1050
2026/07/13 06:20:41.567, 100, 51, 11839, 15360, 69.70, 1005
2026/07/13 06:20:42.575, 100, 41, 11839, 15360, 67.59, 1065
2026/07/13 06:20:43.598, 100, 54, 11839, 15360, 65.48, 1020
2026/07/13 06:20:44.639, 100, 39, 11839, 15360, 64.75, 1050
2026/07/13 06:20:45.678, 100, 50, 11839, 15360, 70.78, 1020
2026/07/13 06:20:46.710, 100, 38, 11839, 15360, 65.48, 1020
2026/07/13 06:20:47.719, 100, 48, 11839, 15360, 66.61, 765
2026/07/13 06:20:48.729, 100, 42, 11839, 15360, 65.87, 1035
2026/07/13 06:20:49.740, 100, 54, 11839, 15360, 73.77, 825
2026/07/13 06:20:50.749, 100, 41, 11839, 15360, 64.54, 1020
2026/07/13 06:20:51.757, 100, 55, 11839, 15360, 65.34, 1035
2026/07/13 06:20:52.766, 100, 39, 11839, 15360, 65.08, 1035
2026/07/13 06:20:53.774, 100, 55, 11839, 15360, 66.12, 1050
2026/07/13 06:20:54.782, 100, 41, 11839, 15360, 66.26, 1035
2026/07/13 06:20:55.797, 100, 55, 11839, 15360, 65.63, 1035
2026/07/13 06:20:56.808, 100, 42, 11839, 15360, 67.84, 1035
2026/07/13 06:20:57.818, 100, 57, 11839, 15360, 64.55, 1065
2026/07/13 06:20:58.842, 100, 40, 11839, 15360, 65.38, 1035
2026/07/13 06:20:59.863, 100, 56, 11839, 15360, 65.08, 1035
2026/07/13 06:21:00.880, 100, 40, 11839, 15360, 66.06, 1035
2026/07/13 06:21:01.895, 100, 54, 11839, 15360, 66.65, 1020
2026/07/13 06:21:02.909, 100, 42, 11839, 15360, 67.35, 1020
2026/07/13 06:21:03.917, 100, 57, 11839, 15360, 66.57, 1035
2026/07/13 06:21:04.926, 100, 40, 11839, 15360, 65.97, 1035
2026/07/13 06:21:05.935, 96, 56, 11839, 15360, 65.93, 990
2026/07/13 06:21:06.947, 100, 40, 11839, 15360, 64.99, 1035
2026/07/13 06:21:07.959, 96, 58, 11839, 15360, 66.61, 1050
2026/07/13 06:21:08.971, 100, 37, 11839, 15360, 66.75, 1035
2026/07/13 06:21:09.979, 96, 57, 11839, 15360, 65.44, 1050
2026/07/13 06:21:10.991, 100, 39, 11839, 15360, 64.73, 1050
2026/07/13 06:21:12.003, 94, 50, 11839, 15360, 72.21, 1035
2026/07/13 06:21:13.040, 100, 32, 11839, 15360, 63.03, 1065
2026/07/13 06:21:14.061, 100, 43, 11839, 15360, 48.69, 1020
2026/07/13 06:21:15.086, 100, 40, 11839, 15360, 65.63, 1065
2026/07/13 06:21:16.103, 100, 41, 11839, 15360, 70.54, 1095
2026/07/13 06:21:17.116, 100, 44, 11839, 15360, 60.51, 1005
2026/07/13 06:21:18.125, 100, 40, 11839, 15360, 64.50, 1065
2026/07/13 06:21:19.144, 100, 45, 11839, 15360, 67.10, 705
2026/07/13 06:21:20.154, 100, 39, 11839, 15360, 67.30, 1050
2026/07/13 06:21:21.164, 100, 54, 11839, 15360, 70.78, 675
2026/07/13 06:21:22.174, 100, 41, 11839, 15360, 70.98, 1005
2026/07/13 06:21:23.183, 100, 48, 11839, 15360, 68.47, 780
2026/07/13 06:21:24.192, 100, 42, 11839, 15360, 66.36, 1050
2026/07/13 06:21:25.205, 100, 52, 11839, 15360, 62.47, 855
2026/07/13 06:21:26.234, 100, 40, 11839, 15360, 66.85, 1035
2026/07/13 06:21:27.257, 100, 56, 11839, 15360, 66.02, 930
2026/07/13 06:21:28.272, 100, 39, 11839, 15360, 66.06, 1050
2026/07/13 06:21:29.291, 100, 56, 11839, 15360, 70.78, 780
2026/07/13 06:21:30.303, 100, 40, 11839, 15360, 67.16, 1050
2026/07/13 06:21:31.312, 100, 52, 11839, 15360, 66.57, 810
2026/07/13 06:21:32.321, 100, 42, 11839, 15360, 66.20, 1020
2026/07/13 06:21:33.329, 100, 54, 11839, 15360, 67.20, 1035
2026/07/13 06:21:34.340, 100, 41, 11839, 15360, 66.06, 1035
2026/07/13 06:21:35.351, 100, 56, 11839, 15360, 66.16, 1050
2026/07/13 06:21:36.361, 100, 41, 11839, 15360, 66.61, 1050
2026/07/13 06:21:37.370, 100, 54, 11839, 15360, 67.00, 1020
2026/07/13 06:21:38.383, 100, 41, 11839, 15360, 65.73, 1035
2026/07/13 06:21:39.396, 100, 54, 11839, 15360, 65.67, 1050
2026/07/13 06:21:40.407, 100, 40, 11839, 15360, 66.22, 1050
2026/07/13 06:21:41.423, 100, 56, 11839, 15360, 67.35, 1050
2026/07/13 06:21:42.452, 100, 38, 11839, 15360, 66.32, 1050
2026/07/13 06:21:43.464, 100, 55, 11839, 15360, 67.69, 1050
2026/07/13 06:21:44.476, 100, 41, 11839, 15360, 67.73, 1020
2026/07/13 06:21:45.483, 100, 56, 11839, 15360, 65.93, 1035
2026/07/13 06:21:46.492, 100, 41, 11839, 15360, 67.69, 1050
2026/07/13 06:21:47.500, 100, 58, 11839, 15360, 67.20, 1050
2026/07/13 06:21:48.508, 100, 41, 11839, 15360, 65.63, 1035
2026/07/13 06:21:49.519, 96, 61, 11839, 15360, 65.73, 1050
2026/07/13 06:21:50.532, 100, 36, 11839, 15360, 66.02, 1050
2026/07/13 06:21:51.539, 96, 56, 11839, 15360, 66.22, 1050
2026/07/13 06:21:52.551, 100, 38, 11839, 15360, 65.53, 1035
2026/07/13 06:21:53.560, 93, 49, 11839, 15360, 72.64, 1020
2026/07/13 06:21:54.578, 100, 33, 11839, 15360, 64.20, 1050
2026/07/13 06:21:55.594, 100, 41, 11839, 15360, 64.59, 1230
2026/07/13 06:21:56.612, 100, 42, 11839, 15360, 56.85, 1020
2026/07/13 06:21:57.640, 100, 41, 11839, 15360, 64.79, 1080
2026/07/13 06:21:58.647, 100, 43, 11839, 15360, 67.89, 825
2026/07/13 06:21:59.657, 100, 41, 11839, 15360, 65.87, 1050
2026/07/13 06:22:00.665, 100, 45, 11839, 15360, 65.97, 690
2026/07/13 06:22:01.675, 100, 39, 11839, 15360, 62.97, 1050
2026/07/13 06:22:02.683, 100, 52, 11839, 15360, 72.79, 870
2026/07/13 06:22:03.694, 100, 41, 11839, 15360, 68.86, 1035
2026/07/13 06:22:04.705, 100, 48, 11839, 15360, 62.97, 930
2026/07/13 06:22:05.714, 100, 42, 11839, 15360, 66.81, 1050
2026/07/13 06:22:06.730, 100, 52, 11839, 15360, 68.63, 1005
2026/07/13 06:22:07.755, 100, 41, 11839, 15360, 68.28, 1050
2026/07/13 06:22:08.790, 100, 57, 11839, 15360, 66.81, 780
2026/07/13 06:22:09.808, 100, 41, 11839, 15360, 64.50, 1035
2026/07/13 06:22:10.836, 100, 54, 11839, 15360, 70.00, 765
2026/07/13 06:22:11.846, 100, 39, 11839, 15360, 63.36, 1035
2026/07/13 06:22:12.856, 100, 57, 11839, 15360, 66.71, 945
2026/07/13 06:22:13.864, 100, 42, 11839, 15360, 64.79, 1050
2026/07/13 06:22:14.873, 100, 54, 11839, 15360, 66.61, 1050
2026/07/13 06:22:15.883, 100, 39, 11839, 15360, 65.38, 1050
2026/07/13 06:22:16.890, 100, 55, 11839, 15360, 66.16, 1050
2026/07/13 06:22:17.901, 100, 41, 11839, 15360, 66.60, 1035
2026/07/13 06:22:18.911, 100, 56, 11839, 15360, 68.33, 1035
2026/07/13 06:22:19.921, 100, 40, 11839, 15360, 64.89, 1050
2026/07/13 06:22:20.931, 100, 54, 11839, 15360, 66.95, 1035
2026/07/13 06:22:21.943, 100, 42, 11839, 15360, 65.97, 1050
2026/07/13 06:22:22.955, 100, 56, 11839, 15360, 68.08, 1020
2026/07/13 06:22:23.963, 100, 41, 11839, 15360, 66.81, 1035
2026/07/13 06:22:24.972, 94, 56, 11839, 15360, 66.42, 1035
2026/07/13 06:22:25.999, 100, 38, 11839, 15360, 63.85, 1065
2026/07/13 06:22:27.008, 94, 58, 11839, 15360, 65.24, 1050
2026/07/13 06:22:28.020, 100, 37, 11839, 15360, 67.24, 1035
2026/07/13 06:22:29.028, 96, 54, 11839, 15360, 65.34, 1050
2026/07/13 06:22:30.041, 100, 36, 11839, 15360, 66.86, 1035
2026/07/13 06:22:31.050, 98, 49, 11839, 15360, 64.04, 1050
2026/07/13 06:22:32.063, 100, 29, 11839, 15360, 66.30, 1050
2026/07/13 06:22:33.074, 100, 41, 11839, 15360, 67.10, 1050
2026/07/13 06:22:34.083, 100, 45, 11839, 15360, 64.10, 1065
2026/07/13 06:22:35.091, 100, 40, 11839, 15360, 70.39, 1020
2026/07/13 06:22:36.102, 100, 43, 11839, 15360, 59.92, 1050
2026/07/13 06:22:37.125, 92, 48, 11839, 15360, 67.63, 1305
2026/07/13 06:22:38.146, 100, 32, 11839, 15360, 67.20, 1005
2026/07/13 06:22:39.166, 100, 40, 11839, 15360, 59.27, 1065
2026/07/13 06:22:40.191, 100, 44, 11839, 15360, 55.97, 870
2026/07/13 06:22:41.205, 100, 40, 11839, 15360, 66.12, 1035
2026/07/13 06:22:42.214, 100, 43, 11839, 15360, 68.82, 690
2026/07/13 06:22:43.222, 100, 41, 11839, 15360, 65.53, 1050
2026/07/13 06:22:44.231, 100, 50, 11839, 15360, 64.59, 825
2026/07/13 06:22:45.242, 100, 41, 11839, 15360, 65.28, 1050
2026/07/13 06:22:46.250, 100, 50, 11839, 15360, 71.72, 840
2026/07/13 06:22:47.260, 100, 39, 11839, 15360, 65.73, 1050
2026/07/13 06:22:48.269, 100, 47, 11839, 15360, 65.08, 870
2026/07/13 06:22:49.286, 100, 41, 11839, 15360, 64.79, 1005
2026/07/13 06:22:50.306, 100, 55, 11839, 15360, 69.70, 765
2026/07/13 06:22:51.332, 100, 42, 11839, 15360, 64.79, 1050
2026/07/13 06:22:52.350, 100, 56, 11839, 15360, 65.63, 765
2026/07/13 06:22:53.373, 100, 42, 11839, 15360, 65.81, 1050
2026/07/13 06:22:54.395, 100, 54, 11839, 15360, 66.26, 1050
2026/07/13 06:22:55.403, 100, 41, 11839, 15360, 65.87, 1035
2026/07/13 06:22:56.411, 100, 56, 11839, 15360, 67.63, 1035
2026/07/13 06:22:57.419, 100, 39, 11839, 15360, 69.12, 1050
2026/07/13 06:22:58.426, 100, 56, 11839, 15360, 66.32, 1035
2026/07/13 06:22:59.438, 100, 42, 11839, 15360, 64.89, 1035
2026/07/13 06:23:00.449, 100, 55, 11839, 15360, 63.81, 1050
2026/07/13 06:23:01.457, 100, 41, 11839, 15360, 65.87, 1050
2026/07/13 06:23:02.467, 100, 56, 11839, 15360, 65.63, 1035
2026/07/13 06:23:03.478, 100, 39, 11839, 15360, 66.12, 1050
2026/07/13 06:23:04.486, 100, 57, 11839, 15360, 67.30, 1050
2026/07/13 06:23:05.512, 100, 39, 11839, 15360, 68.47, 1035
2026/07/13 06:23:06.526, 94, 61, 11839, 15360, 66.02, 1065
2026/07/13 06:23:07.563, 100, 38, 11839, 15360, 64.85, 1035
2026/07/13 06:23:08.615, 100, 54, 11839, 15360, 65.57, 1005
2026/07/13 06:23:09.630, 100, 41, 11839, 15360, 64.40, 1050
2026/07/13 06:23:10.645, 100, 54, 11839, 15360, 66.61, 1050
2026/07/13 06:23:11.654, 100, 42, 11839, 15360, 66.26, 1050
2026/07/13 06:23:12.666, 96, 59, 11839, 15360, 67.54, 1065
2026/07/13 06:23:13.692, 100, 37, 11839, 15360, 67.20, 1035
2026/07/13 06:23:14.712, 95, 60, 11839, 15360, 66.42, 1050
2026/07/13 06:23:15.719, 100, 38, 11839, 15360, 66.11, 1035
2026/07/13 06:23:16.727, 96, 54, 11839, 15360, 67.54, 1035
2026/07/13 06:23:17.738, 100, 38, 11839, 15360, 63.06, 1005
2026/07/13 06:23:18.751, 94, 50, 11839, 15360, 70.88, 1050
2026/07/13 06:23:19.774, 100, 30, 11839, 15360, 66.61, 1035
2026/07/13 06:23:20.789, 100, 40, 11839, 15360, 57.05, 1125
2026/07/13 06:23:21.834, 100, 45, 11839, 15360, 54.72, 1035
2026/07/13 06:23:22.852, 100, 40, 11839, 15360, 65.18, 1095
2026/07/13 06:23:23.863, 100, 43, 11839, 15360, 68.18, 870
2026/07/13 06:23:24.875, 100, 41, 11839, 15360, 66.16, 1020
2026/07/13 06:23:25.884, 100, 49, 11839, 15360, 66.06, 705
2026/07/13 06:23:26.895, 100, 42, 11839, 15360, 65.57, 1035
2026/07/13 06:23:27.906, 100, 49, 11839, 15360, 74.51, 840
2026/07/13 06:23:28.917, 100, 41, 11839, 15360, 65.28, 1020
2026/07/13 06:23:29.927, 100, 50, 11839, 15360, 66.65, 930
2026/07/13 06:23:30.938, 100, 41, 11839, 15360, 65.77, 1050
2026/07/13 06:23:31.951, 100, 54, 11839, 15360, 72.79, 765
2026/07/13 06:23:32.961, 100, 41, 11839, 15360, 64.63, 1020
2026/07/13 06:23:34.006, 100, 56, 11839, 15360, 68.67, 750
2026/07/13 06:23:35.031, 100, 41, 11839, 15360, 64.69, 1005
2026/07/13 06:23:36.063, 100, 55, 11839, 15360, 66.81, 990
2026/07/13 06:23:37.080, 100, 39, 11839, 15360, 67.30, 975
2026/07/13 06:23:38.093, 100, 54, 11839, 15360, 66.26, 1035
2026/07/13 06:23:39.119, 100, 41, 11839, 15360, 65.14, 1035
2026/07/13 06:23:40.127, 100, 56, 11839, 15360, 67.40, 1005
2026/07/13 06:23:41.140, 100, 39, 11839, 15360, 64.89, 1035
2026/07/13 06:23:42.150, 100, 55, 11839, 15360, 65.22, 1020
2026/07/13 06:23:43.162, 100, 41, 11839, 15360, 64.30, 1035
2026/07/13 06:23:44.172, 100, 55, 11839, 15360, 65.67, 1035
2026/07/13 06:23:45.184, 100, 39, 11839, 15360, 65.53, 990
2026/07/13 06:23:46.193, 100, 55, 11839, 15360, 65.38, 1035
2026/07/13 06:23:47.202, 100, 41, 11839, 15360, 65.57, 990
2026/07/13 06:23:48.216, 94, 60, 11839, 15360, 66.32, 1020
2026/07/13 06:23:49.226, 100, 37, 11839, 15360, 66.81, 1020
2026/07/13 06:23:50.237, 94, 53, 11839, 15360, 47.24, 1005
2026/07/13 06:23:51.253, 100, 32, 11839, 15360, 54.33, 1020
2026/07/13 06:23:52.264, 100, 40, 11839, 15360, 65.57, 1095
2026/07/13 06:23:53.274, 100, 45, 11839, 15360, 55.77, 705
2026/07/13 06:23:54.284, 100, 41, 11839, 15360, 66.06, 1035
2026/07/13 06:23:55.295, 100, 46, 11839, 15360, 68.18, 750
2026/07/13 06:23:56.304, 100, 41, 11839, 15360, 65.14, 1020
2026/07/13 06:23:57.315, 100, 43, 11839, 15360, 67.69, 1020
2026/07/13 06:23:58.322, 100, 39, 11839, 15360, 67.10, 1035
2026/07/13 06:23:59.332, 100, 53, 11839, 15360, 66.51, 735
2026/07/13 06:24:00.341, 100, 40, 11839, 15360, 67.20, 1035
2026/07/13 06:24:01.351, 100, 54, 11839, 15360, 63.85, 990
2026/07/13 06:24:02.363, 100, 38, 11839, 15360, 66.12, 1035
2026/07/13 06:24:03.382, 100, 55, 11839, 15360, 65.97, 1005
2026/07/13 06:24:04.395, 100, 42, 11839, 15360, 67.04, 1005
2026/07/13 06:24:05.405, 100, 54, 11839, 15360, 65.67, 990
2026/07/13 06:24:06.412, 100, 40, 11839, 15360, 68.43, 1050
2026/07/13 06:24:07.420, 100, 54, 11839, 15360, 66.16, 1005
2026/07/13 06:24:08.434, 100, 41, 11839, 15360, 65.53, 1050
2026/07/13 06:24:09.443, 100, 56, 11839, 15360, 65.14, 1035
2026/07/13 06:24:10.455, 100, 39, 11839, 15360, 66.61, 1035
2026/07/13 06:24:11.463, 94, 60, 11839, 15360, 65.63, 1020
2026/07/13 06:24:12.473, 100, 37, 11839, 15360, 66.65, 1005
2026/07/13 06:24:13.482, 96, 53, 11839, 15360, 67.38, 1020
2026/07/13 06:24:14.491, 100, 32, 11839, 15360, 64.79, 1050
2026/07/13 06:24:15.500, 100, 44, 11839, 15360, 71.07, 1110
2026/07/13 06:24:16.522, 100, 39, 11839, 15360, 58.39, 1020
2026/07/13 06:24:17.554, 100, 41, 11839, 15360, 65.44, 1050
2026/07/13 06:24:18.575, 100, 42, 11839, 15360, 67.98, 750
2026/07/13 06:24:19.593, 100, 41, 11839, 15360, 63.91, 1020
2026/07/13 06:24:20.606, 100, 52, 11839, 15360, 66.71, 690
2026/07/13 06:24:21.615, 100, 41, 11839, 15360, 64.79, 1035
2026/07/13 06:24:22.627, 100, 47, 11839, 15360, 57.25, 780
2026/07/13 06:24:23.637, 100, 41, 11839, 15360, 65.97, 1050
2026/07/13 06:24:24.645, 100, 54, 11839, 15360, 67.98, 855
2026/07/13 06:24:25.662, 100, 39, 11839, 15360, 66.36, 1005
2026/07/13 06:24:26.669, 100, 56, 11839, 15360, 66.51, 750
2026/07/13 06:24:27.678, 100, 38, 11839, 15360, 66.75, 1050
2026/07/13 06:24:28.687, 100, 55, 11839, 15360, 65.93, 1035
2026/07/13 06:24:29.700, 100, 39, 11839, 15360, 63.16, 1050
2026/07/13 06:24:30.722, 100, 56, 11839, 15360, 66.32, 1050
2026/07/13 06:24:31.733, 100, 40, 11839, 15360, 65.22, 1050
2026/07/13 06:24:32.742, 100, 56, 11839, 15360, 66.46, 1035
2026/07/13 06:24:33.770, 100, 40, 11839, 15360, 66.20, 1020
2026/07/13 06:24:34.782, 100, 55, 11839, 15360, 66.06, 1020
2026/07/13 06:24:35.801, 100, 41, 11839, 15360, 67.87, 1050
2026/07/13 06:24:36.814, 100, 55, 11839, 15360, 64.00, 1035
2026/07/13 06:24:37.825, 100, 40, 11839, 15360, 66.81, 990
2026/07/13 06:24:38.836, 92, 61, 11839, 15360, 66.81, 1035
2026/07/13 06:24:39.848, 100, 37, 11839, 15360, 67.04, 1020
2026/07/13 06:24:40.855, 96, 54, 11839, 15360, 67.94, 1020
2026/07/13 06:24:41.863, 100, 36, 11839, 15360, 63.61, 1005
2026/07/13 06:24:42.875, 100, 49, 11839, 15360, 65.08, 1035
2026/07/13 06:24:43.887, 100, 31, 11839, 15360, 64.59, 1020
2026/07/13 06:24:44.902, 100, 39, 11839, 15360, 68.96, 990
2026/07/13 06:24:45.922, 100, 44, 11839, 15360, 66.46, 1035
2026/07/13 06:24:46.934, 100, 41, 11839, 15360, 64.79, 1125
2026/07/13 06:24:47.967, 100, 32, 11839, 15360, 67.14, 930
2026/07/13 06:24:48.977, 100, 41, 11839, 15360, 65.67, 1050
2026/07/13 06:24:49.989, 100, 45, 11839, 15360, 70.00, 675
2026/07/13 06:24:51.000, 100, 41, 11839, 15360, 66.30, 1050
2026/07/13 06:24:52.017, 100, 44, 11839, 15360, 71.76, 825
2026/07/13 06:24:53.030, 100, 39, 11839, 15360, 66.40, 1020
2026/07/13 06:24:54.043, 100, 52, 11839, 15360, 66.26, 945
2026/07/13 06:24:55.051, 100, 39, 11839, 15360, 66.40, 1050
2026/07/13 06:24:56.063, 100, 51, 11839, 15360, 72.05, 750
2026/07/13 06:24:57.072, 100, 41, 11839, 15360, 66.26, 1020
2026/07/13 06:24:58.084, 100, 56, 11839, 15360, 66.69, 945
2026/07/13 06:24:59.117, 100, 38, 11839, 15360, 66.95, 1050
2026/07/13 06:25:00.139, 100, 55, 11839, 15360, 64.83, 1035
2026/07/13 06:25:01.148, 100, 42, 11839, 15360, 66.01, 1035
2026/07/13 06:25:02.156, 100, 54, 11839, 15360, 67.73, 1020
2026/07/13 06:25:03.168, 100, 41, 11839, 15360, 68.03, 1005
2026/07/13 06:25:04.175, 100, 56, 11839, 15360, 66.69, 1035
2026/07/13 06:25:05.185, 100, 40, 11839, 15360, 65.77, 1035
2026/07/13 06:25:06.194, 100, 55, 11839, 15360, 66.30, 1005
2026/07/13 06:25:07.206, 100, 40, 11839, 15360, 65.08, 1050
2026/07/13 06:25:08.216, 100, 56, 11839, 15360, 64.89, 1050
2026/07/13 06:25:09.228, 100, 41, 11839, 15360, 65.97, 1035
2026/07/13 06:25:10.236, 96, 58, 11839, 15360, 66.99, 1035
2026/07/13 06:25:11.245, 100, 36, 11839, 15360, 66.36, 1035
2026/07/13 06:25:12.261, 94, 53, 11839, 15360, 63.75, 1005
2026/07/13 06:25:13.278, 100, 32, 11839, 15360, 66.20, 1020
2026/07/13 06:25:14.293, 100, 41, 11839, 15360, 67.04, 1050
2026/07/13 06:25:15.311, 100, 41, 11839, 15360, 62.51, 1020
2026/07/13 06:25:16.321, 100, 38, 11839, 15360, 66.46, 1050
2026/07/13 06:25:17.334, 100, 43, 11839, 15360, 67.93, 675
2026/07/13 06:25:18.345, 100, 41, 11839, 15360, 64.63, 1035
2026/07/13 06:25:19.354, 100, 52, 11839, 15360, 65.03, 765
2026/07/13 06:25:20.364, 100, 41, 11839, 15360, 65.12, 1020
2026/07/13 06:25:21.373, 100, 47, 11839, 15360, 57.48, 930
2026/07/13 06:25:22.383, 100, 39, 11839, 15360, 67.44, 1005
2026/07/13 06:25:23.395, 100, 54, 11839, 15360, 69.85, 750
2026/07/13 06:25:24.404, 100, 41, 11839, 15360, 65.42, 1005
2026/07/13 06:25:25.413, 100, 54, 11839, 15360, 66.50, 1035
2026/07/13 06:25:26.424, 100, 38, 11839, 15360, 66.85, 1020
2026/07/13 06:25:27.437, 100, 55, 11839, 15360, 65.75, 1005
2026/07/13 06:25:28.452, 100, 41, 11839, 15360, 65.03, 1035
2026/07/13 06:25:29.464, 100, 56, 11839, 15360, 68.91, 1005
2026/07/13 06:25:30.476, 100, 41, 11839, 15360, 65.52, 1035
2026/07/13 06:25:31.487, 100, 54, 11839, 15360, 67.14, 1005
2026/07/13 06:25:32.495, 100, 37, 11839, 15360, 65.42, 1020
2026/07/13 06:25:33.505, 100, 55, 11839, 15360, 66.36, 1020
2026/07/13 06:25:34.513, 100, 41, 11839, 15360, 65.85, 1035
2026/07/13 06:25:35.523, 96, 63, 11839, 15360, 66.06, 1035
2026/07/13 06:25:36.534, 100, 37, 11839, 15360, 66.56, 1035
2026/07/13 06:25:37.548, 96, 54, 11839, 15360, 65.03, 1035
2026/07/13 06:25:38.559, 100, 33, 11839, 15360, 63.59, 1050
2026/07/13 06:25:39.568, 100, 45, 11839, 15360, 74.99, 1020
2026/07/13 06:25:40.593, 100, 38, 11839, 15360, 61.73, 1035
2026/07/13 06:25:41.607, 100, 41, 11839, 15360, 63.79, 1095
2026/07/13 06:25:42.629, 100, 42, 11839, 15360, 66.75, 990
2026/07/13 06:25:43.640, 100, 38, 11839, 15360, 63.75, 1035
2026/07/13 06:25:44.667, 100, 52, 11839, 15360, 67.54, 660
2026/07/13 06:25:45.677, 100, 41, 11839, 15360, 66.06, 1050
2026/07/13 06:25:46.686, 100, 45, 11839, 15360, 68.61, 750
2026/07/13 06:25:47.695, 100, 41, 11839, 15360, 67.14, 1005
2026/07/13 06:25:48.704, 100, 54, 11839, 15360, 72.05, 900
2026/07/13 06:25:49.713, 100, 40, 11839, 15360, 66.99, 1035
2026/07/13 06:25:50.723, 100, 56, 11839, 15360, 66.46, 765
2026/07/13 06:25:51.732, 100, 39, 11839, 15360, 65.03, 1035
2026/07/13 06:25:52.743, 100, 54, 11839, 15360, 73.58, 870
2026/07/13 06:25:53.753, 100, 41, 11839, 15360, 64.69, 1035
2026/07/13 06:25:54.762, 100, 55, 11839, 15360, 66.01, 1035
2026/07/13 06:25:55.775, 100, 41, 11839, 15360, 67.34, 1020
2026/07/13 06:25:56.799, 100, 55, 11839, 15360, 66.40, 1035
2026/07/13 06:25:57.825, 100, 41, 11839, 15360, 65.81, 1035
2026/07/13 06:25:58.837, 100, 54, 11839, 15360, 66.56, 1020
2026/07/13 06:25:59.847, 100, 41, 11839, 15360, 64.99, 1020
2026/07/13 06:26:00.862, 100, 55, 11839, 15360, 66.65, 1020
2026/07/13 06:26:01.872, 100, 41, 11839, 15360, 64.93, 1035
2026/07/13 06:26:02.880, 100, 54, 11839, 15360, 66.60, 1035
2026/07/13 06:26:03.889, 100, 40, 11839, 15360, 65.03, 990
2026/07/13 06:26:04.902, 100, 56, 11839, 15360, 67.24, 1020
2026/07/13 06:26:05.911, 100, 41, 11839, 15360, 63.85, 1035
2026/07/13 06:26:06.920, 96, 58, 11839, 15360, 66.36, 1020
2026/07/13 06:26:07.930, 100, 36, 11839, 15360, 65.91, 1050
2026/07/13 06:26:08.943, 94, 53, 11839, 15360, 63.06, 1020
2026/07/13 06:26:09.967, 100, 31, 11839, 15360, 56.63, 1035
2026/07/13 06:26:10.984, 100, 42, 11839, 15360, 63.65, 1305
2026/07/13 06:26:12.006, 100, 40, 11839, 15360, 68.61, 945
2026/07/13 06:26:13.025, 100, 38, 11839, 15360, 63.65, 1020
2026/07/13 06:26:14.037, 100, 41, 11839, 15360, 66.85, 690
2026/07/13 06:26:15.047, 100, 41, 11839, 15360, 65.95, 1020
2026/07/13 06:26:16.056, 100, 52, 11839, 15360, 66.65, 795
2026/07/13 06:26:17.064, 100, 41, 11839, 15360, 67.10, 1020
2026/07/13 06:26:18.073, 100, 47, 11839, 15360, 57.58, 885
2026/07/13 06:26:19.088, 100, 40, 11839, 15360, 67.18, 1050
2026/07/13 06:26:20.101, 100, 54, 11839, 15360, 68.71, 750
2026/07/13 06:26:21.113, 100, 40, 11839, 15360, 65.56, 1020
2026/07/13 06:26:22.128, 100, 54, 11839, 15360, 65.42, 1005
2026/07/13 06:26:23.138, 100, 41, 11839, 15360, 64.44, 1035
2026/07/13 06:26:24.152, 100, 55, 11839, 15360, 66.50, 1035
2026/07/13 06:26:25.163, 100, 40, 11839, 15360, 65.03, 1035
2026/07/13 06:26:26.175, 100, 55, 11839, 15360, 64.04, 1035
2026/07/13 06:26:27.184, 100, 39, 11839, 15360, 65.32, 990
2026/07/13 06:26:28.206, 100, 54, 11839, 15360, 66.85, 975
2026/07/13 06:26:29.217, 100, 42, 11839, 15360, 64.83, 1050
2026/07/13 06:26:30.224, 100, 54, 11839, 15360, 66.95, 1035
2026/07/13 06:26:31.237, 100, 41, 11839, 15360, 64.77, 1050
2026/07/13 06:26:32.244, 96, 63, 11839, 15360, 65.97, 1020
2026/07/13 06:26:33.254, 100, 38, 11839, 15360, 68.03, 1005
2026/07/13 06:26:34.278, 95, 55, 11839, 15360, 65.91, 1035
2026/07/13 06:26:35.289, 100, 36, 11839, 15360, 68.12, 1035
2026/07/13 06:26:36.300, 93, 50, 11839, 15360, 65.18, 1005
2026/07/13 06:26:37.326, 100, 29, 11839, 15360, 64.73, 1050
2026/07/13 06:26:38.348, 100, 41, 11839, 15360, 61.96, 1005
2026/07/13 06:26:39.358, 100, 46, 11839, 15360, 56.59, 1050
2026/07/13 06:26:40.369, 100, 41, 11839, 15360, 64.79, 1200
2026/07/13 06:26:41.377, 100, 44, 11839, 15360, 67.83, 960
2026/07/13 06:26:42.389, 100, 40, 11839, 15360, 65.12, 1035
2026/07/13 06:26:43.398, 100, 54, 11839, 15360, 67.44, 690
2026/07/13 06:26:44.412, 100, 38, 11839, 15360, 68.17, 1035
2026/07/13 06:26:45.421, 100, 48, 11839, 15360, 57.93, 765
2026/07/13 06:26:46.432, 100, 41, 11839, 15360, 64.63, 1020
2026/07/13 06:26:47.442, 100, 54, 11839, 15360, 67.54, 1005
2026/07/13 06:26:48.457, 100, 41, 11839, 15360, 65.03, 1050
2026/07/13 06:26:49.465, 100, 54, 11839, 15360, 66.75, 735
2026/07/13 06:26:50.476, 100, 41, 11839, 15360, 62.97, 1020
2026/07/13 06:26:51.493, 100, 55, 11839, 15360, 65.12, 1035
2026/07/13 06:26:52.503, 100, 41, 11839, 15360, 65.12, 1035
2026/07/13 06:26:53.514, 100, 55, 11839, 15360, 65.42, 1050
2026/07/13 06:26:54.527, 100, 39, 11839, 15360, 67.79, 1020
2026/07/13 06:26:55.538, 100, 54, 11839, 15360, 66.85, 1020
2026/07/13 06:26:56.549, 100, 39, 11839, 15360, 67.73, 1035
2026/07/13 06:26:57.562, 100, 54, 11839, 15360, 66.36, 1035
2026/07/13 06:26:58.576, 100, 40, 11839, 15360, 64.24, 1035
2026/07/13 06:26:59.588, 96, 57, 11839, 15360, 68.42, 1020
2026/07/13 06:27:00.599, 100, 37, 11839, 15360, 64.77, 1005
2026/07/13 06:27:01.611, 96, 58, 11839, 15360, 65.26, 1035
2026/07/13 06:27:02.621, 100, 37, 11839, 15360, 64.63, 1020
2026/07/13 06:27:03.633, 96, 52, 11839, 15360, 66.81, 1035
2026/07/13 06:27:04.646, 100, 40, 11839, 15360, 64.79, 990
2026/07/13 06:27:05.680, 93, 59, 11839, 15360, 65.22, 1050
2026/07/13 06:27:06.698, 100, 36, 11839, 15360, 68.18, 1020
2026/07/13 06:27:07.709, 93, 57, 11839, 15360, 73.18, 990
2026/07/13 06:27:08.727, 100, 36, 11839, 15360, 61.49, 990
2026/07/13 06:27:09.735, 96, 49, 11839, 15360, 62.57, 1125
2026/07/13 06:27:10.743, 100, 31, 11839, 15360, 66.71, 960
2026/07/13 06:27:11.753, 100, 41, 11839, 15360, 66.85, 1050
2026/07/13 06:27:12.772, 100, 44, 11839, 15360, 68.82, 690
2026/07/13 06:27:13.781, 100, 38, 11839, 15360, 65.49, 1005
2026/07/13 06:27:14.791, 100, 45, 11839, 15360, 72.11, 750
2026/07/13 06:27:15.802, 100, 38, 11839, 15360, 65.34, 1005
2026/07/13 06:27:16.811, 100, 49, 11839, 15360, 64.79, 825
2026/07/13 06:27:17.820, 100, 41, 11839, 15360, 65.28, 1050
2026/07/13 06:27:18.829, 100, 51, 11839, 15360, 73.77, 765
2026/07/13 06:27:19.844, 100, 41, 11839, 15360, 64.93, 1035
2026/07/13 06:27:20.863, 100, 55, 11839, 15360, 66.91, 750
2026/07/13 06:27:21.878, 100, 41, 11839, 15360, 65.87, 1020
2026/07/13 06:27:22.900, 100, 56, 11839, 15360, 65.63, 1020
2026/07/13 06:27:23.917, 100, 41, 11839, 15360, 64.65, 1020
2026/07/13 06:27:24.929, 100, 54, 11839, 15360, 66.22, 1035
2026/07/13 06:27:25.940, 100, 40, 11839, 15360, 65.77, 1020
2026/07/13 06:27:26.950, 100, 55, 11839, 15360, 67.10, 1050
2026/07/13 06:27:27.962, 100, 40, 11839, 15360, 65.53, 1050
2026/07/13 06:27:28.972, 100, 56, 11839, 15360, 65.03, 1005
2026/07/13 06:27:29.980, 100, 39, 11839, 15360, 65.53, 1020
2026/07/13 06:27:30.989, 100, 54, 11839, 15360, 65.87, 1035
2026/07/13 06:27:31.998, 100, 38, 11839, 15360, 66.26, 1035
2026/07/13 06:27:33.015, 94, 57, 11839, 15360, 66.65, 1050
2026/07/13 06:27:34.027, 100, 37, 11839, 15360, 65.08, 1020
2026/07/13 06:27:35.048, 94, 58, 11839, 15360, 66.67, 1050
2026/07/13 06:27:36.058, 100, 38, 11839, 15360, 65.73, 1005
2026/07/13 06:27:37.069, 96, 51, 11839, 15360, 64.89, 1020
2026/07/13 06:27:38.080, 100, 33, 11839, 15360, 65.38, 1050
2026/07/13 06:27:39.088, 100, 38, 11839, 15360, 70.74, 1050
2026/07/13 06:27:40.097, 100, 46, 11839, 15360, 60.32, 1005
2026/07/13 06:27:41.106, 100, 41, 11839, 15360, 66.61, 1080
2026/07/13 06:27:42.113, 100, 42, 11839, 15360, 66.71, 765
2026/07/13 06:27:43.125, 100, 41, 11839, 15360, 66.60, 990
2026/07/13 06:27:44.137, 100, 55, 11839, 15360, 64.20, 690
2026/07/13 06:27:45.146, 100, 39, 11839, 15360, 64.83, 1050
2026/07/13 06:27:46.157, 100, 47, 11839, 15360, 63.42, 795
2026/07/13 06:27:47.169, 100, 38, 11839, 15360, 67.40, 1035
2026/07/13 06:27:48.184, 100, 56, 11839, 15360, 66.81, 825
2026/07/13 06:27:49.201, 100, 40, 11839, 15360, 67.89, 990
2026/07/13 06:27:50.224, 100, 55, 11839, 15360, 64.59, 750
2026/07/13 06:27:51.234, 100, 41, 11839, 15360, 65.67, 1020
2026/07/13 06:27:52.242, 100, 54, 11839, 15360, 65.18, 1005
2026/07/13 06:27:53.251, 100, 39, 11839, 15360, 66.75, 1020
2026/07/13 06:27:54.260, 100, 56, 11839, 15360, 65.53, 1050
2026/07/13 06:27:55.268, 100, 41, 11839, 15360, 67.89, 990
2026/07/13 06:27:56.286, 100, 55, 11839, 15360, 66.65, 1020
2026/07/13 06:27:57.296, 100, 41, 11839, 15360, 63.51, 1005
2026/07/13 06:27:58.306, 100, 54, 11839, 15360, 65.63, 1035
2026/07/13 06:27:59.321, 100, 40, 11839, 15360, 65.14, 1020
2026/07/13 06:28:00.331, 96, 61, 11839, 15360, 67.00, 1035
2026/07/13 06:28:01.347, 100, 36, 11839, 15360, 67.73, 1050
2026/07/13 06:28:02.358, 93, 57, 11839, 15360, 66.36, 1035
2026/07/13 06:28:03.388, 100, 36, 11839, 15360, 67.59, 1035
2026/07/13 06:28:04.428, 96, 55, 11839, 15360, 64.20, 1035
2026/07/13 06:28:05.440, 100, 36, 11839, 15360, 64.44, 1020
2026/07/13 06:28:06.450, 95, 58, 11839, 15360, 64.40, 1020
2026/07/13 06:28:07.463, 100, 37, 11839, 15360, 64.89, 990
2026/07/13 06:28:08.474, 96, 50, 11839, 15360, 59.04, 1095
2026/07/13 06:28:09.485, 100, 31, 11839, 15360, 57.64, 1005
2026/07/13 06:28:10.494, 100, 40, 11839, 15360, 64.85, 1020
2026/07/13 06:28:11.507, 100, 45, 11839, 15360, 68.72, 675
2026/07/13 06:28:12.517, 100, 42, 11839, 15360, 66.61, 1020
2026/07/13 06:28:13.527, 100, 44, 11839, 15360, 68.38, 750
2026/07/13 06:28:14.554, 100, 41, 11839, 15360, 64.99, 990
2026/07/13 06:28:15.570, 100, 53, 11839, 15360, 59.57, 885
2026/07/13 06:28:16.579, 100, 38, 11839, 15360, 68.86, 1020
2026/07/13 06:28:17.601, 100, 50, 11839, 15360, 71.72, 1020
2026/07/13 06:28:18.656, 100, 41, 11839, 15360, 65.24, 1005
2026/07/13 06:28:19.667, 100, 55, 11839, 15360, 68.08, 735
2026/07/13 06:28:20.677, 100, 38, 11839, 15360, 65.28, 1020
2026/07/13 06:28:21.687, 100, 56, 11839, 15360, 69.94, 1020
2026/07/13 06:28:22.698, 100, 41, 11839, 15360, 65.08, 1020
2026/07/13 06:28:23.706, 100, 54, 11839, 15360, 66.75, 1035
2026/07/13 06:28:24.713, 100, 40, 11839, 15360, 63.91, 1035
2026/07/13 06:28:25.722, 100, 54, 11839, 15360, 65.48, 1020
2026/07/13 06:28:26.730, 100, 41, 11839, 15360, 66.61, 1035
2026/07/13 06:28:27.739, 100, 54, 11839, 15360, 64.69, 1035
2026/07/13 06:28:28.749, 100, 41, 11839, 15360, 65.83, 1035
2026/07/13 06:28:29.775, 94, 55, 11839, 15360, 66.06, 1020
2026/07/13 06:28:30.789, 100, 37, 11839, 15360, 65.67, 1035
2026/07/13 06:28:31.803, 93, 54, 11839, 15360, 66.36, 1020
2026/07/13 06:28:32.817, 100, 35, 11839, 15360, 66.36, 1020
2026/07/13 06:28:33.826, 96, 49, 11839, 15360, 66.26, 1020
2026/07/13 06:28:34.839, 100, 29, 11839, 15360, 64.79, 1020
2026/07/13 06:28:35.847, 100, 38, 11839, 15360, 58.45, 1020
2026/07/13 06:28:36.864, 100, 43, 11839, 15360, 55.81, 1020
2026/07/13 06:28:37.874, 100, 42, 11839, 15360, 65.57, 1050
2026/07/13 06:28:38.891, 100, 49, 11839, 15360, 70.19, 675
2026/07/13 06:28:39.901, 100, 39, 11839, 15360, 66.65, 1020
2026/07/13 06:28:40.910, 100, 45, 11839, 15360, 70.88, 780
2026/07/13 06:28:41.919, 100, 41, 11839, 15360, 65.28, 1005
2026/07/13 06:28:42.930, 100, 54, 11839, 15360, 66.16, 1005
2026/07/13 06:28:43.938, 100, 39, 11839, 15360, 66.26, 990
2026/07/13 06:28:44.954, 100, 54, 11839, 15360, 70.74, 750
2026/07/13 06:28:45.973, 100, 41, 11839, 15360, 65.93, 1035
2026/07/13 06:28:46.989, 100, 56, 11839, 15360, 65.93, 1035
2026/07/13 06:28:47.996, 100, 41, 11839, 15360, 64.89, 1005
2026/07/13 06:28:49.005, 100, 54, 11839, 15360, 66.26, 1020
2026/07/13 06:28:50.014, 100, 40, 11839, 15360, 66.26, 1035
2026/07/13 06:28:51.027, 100, 54, 11839, 15360, 64.30, 1035
2026/07/13 06:28:52.039, 100, 39, 11839, 15360, 65.08, 1035
2026/07/13 06:28:53.049, 100, 54, 11839, 15360, 66.22, 1035
2026/07/13 06:28:54.059, 100, 41, 11839, 15360, 68.08, 1005
2026/07/13 06:28:55.071, 96, 60, 11839, 15360, 65.48, 1020
2026/07/13 06:28:56.079, 100, 38, 11839, 15360, 62.53, 1035
2026/07/13 06:28:57.091, 94, 54, 11839, 15360, 66.26, 1050
2026/07/13 06:28:58.108, 100, 35, 11839, 15360, 64.95, 1035
2026/07/13 06:28:59.122, 94, 50, 11839, 15360, 65.87, 1035
2026/07/13 06:29:00.133, 100, 29, 11839, 15360, 64.50, 1050
2026/07/13 06:29:01.140, 100, 41, 11839, 15360, 70.60, 1020
2026/07/13 06:29:02.150, 100, 44, 11839, 15360, 59.24, 1020
2026/07/13 06:29:03.163, 100, 39, 11839, 15360, 66.26, 1125
2026/07/13 06:29:04.175, 100, 45, 11839, 15360, 67.10, 960
2026/07/13 06:29:05.187, 100, 41, 11839, 15360, 64.44, 990
2026/07/13 06:29:06.196, 100, 47, 11839, 15360, 67.59, 675
2026/07/13 06:29:07.205, 100, 41, 11839, 15360, 65.77, 1020
2026/07/13 06:29:08.215, 100, 52, 11839, 15360, 57.31, 735
2026/07/13 06:29:09.225, 100, 38, 11839, 15360, 64.55, 1035
2026/07/13 06:29:10.237, 100, 56, 11839, 15360, 71.47, 870
2026/07/13 06:29:11.255, 100, 41, 11839, 15360, 64.59, 1035
2026/07/13 06:29:12.286, 100, 50, 11839, 15360, 69.41, 750
2026/07/13 06:29:13.296, 100, 41, 11839, 15360, 67.98, 1035
2026/07/13 06:29:14.322, 100, 54, 11839, 15360, 67.54, 1020
2026/07/13 06:29:15.333, 100, 38, 11839, 15360, 63.51, 1020
2026/07/13 06:29:16.342, 100, 56, 11839, 15360, 66.22, 1035
2026/07/13 06:29:17.351, 100, 41, 11839, 15360, 65.14, 1035
2026/07/13 06:29:18.374, 100, 56, 11839, 15360, 64.59, 1020
2026/07/13 06:29:19.387, 100, 39, 11839, 15360, 64.99, 1005
2026/07/13 06:29:20.394, 100, 54, 11839, 15360, 66.86, 1020
2026/07/13 06:29:21.405, 100, 40, 11839, 15360, 66.46, 1020
2026/07/13 06:29:22.414, 100, 54, 11839, 15360, 66.12, 1050
2026/07/13 06:29:23.423, 100, 41, 11839, 15360, 66.65, 1035
2026/07/13 06:29:24.434, 100, 57, 11839, 15360, 67.20, 1020
2026/07/13 06:29:25.442, 100, 40, 11839, 15360, 67.20, 1020
2026/07/13 06:29:26.470, 94, 59, 11839, 15360, 67.16, 1020
2026/07/13 06:29:27.487, 100, 36, 11839, 15360, 66.26, 1005
2026/07/13 06:29:28.512, 94, 51, 11839, 15360, 65.14, 1005
2026/07/13 06:29:29.529, 100, 33, 11839, 15360, 65.97, 1035
2026/07/13 06:29:30.540, 100, 38, 11839, 15360, 70.59, 1005
2026/07/13 06:29:31.555, 100, 44, 11839, 15360, 62.08, 1005
2026/07/13 06:29:32.567, 100, 40, 11839, 15360, 63.85, 1050
2026/07/13 06:29:33.580, 100, 43, 11839, 15360, 67.40, 690
2026/07/13 06:29:34.589, 100, 41, 11839, 15360, 66.81, 1035
2026/07/13 06:29:35.598, 100, 54, 11839, 15360, 67.49, 735
2026/07/13 06:29:36.608, 100, 40, 11839, 15360, 64.85, 1035
2026/07/13 06:29:37.616, 100, 47, 11839, 15360, 70.78, 810
2026/07/13 06:29:38.627, 100, 38, 11839, 15360, 66.75, 1035
2026/07/13 06:29:39.637, 100, 54, 11839, 15360, 66.51, 765
2026/07/13 06:29:40.649, 100, 41, 11839, 15360, 65.53, 1020
2026/07/13 06:29:41.669, 100, 54, 11839, 15360, 65.73, 795
2026/07/13 06:29:42.685, 100, 39, 11839, 15360, 66.61, 1020
2026/07/13 06:29:43.696, 100, 56, 11839, 15360, 67.30, 1005
2026/07/13 06:29:44.704, 100, 40, 11839, 15360, 65.32, 1035
2026/07/13 06:29:45.711, 100, 54, 11839, 15360, 67.93, 1020
2026/07/13 06:29:46.719, 100, 41, 11839, 15360, 67.24, 1005
2026/07/13 06:29:47.734, 100, 55, 11839, 15360, 63.75, 1005
2026/07/13 06:29:48.743, 100, 41, 11839, 15360, 65.67, 1020
2026/07/13 06:29:49.754, 100, 55, 11839, 15360, 65.18, 1035
2026/07/13 06:29:50.764, 100, 38, 11839, 15360, 67.20, 1035
2026/07/13 06:29:51.775, 96, 61, 11839, 15360, 67.20, 1020
2026/07/13 06:29:52.784, 100, 36, 11839, 15360, 66.12, 1035
2026/07/13 06:29:53.800, 93, 54, 11839, 15360, 66.12, 1050
2026/07/13 06:29:54.821, 100, 36, 11839, 15360, 65.34, 1050
2026/07/13 06:29:55.835, 99, 49, 11839, 15360, 67.20, 1050
2026/07/13 06:29:56.849, 100, 29, 11839, 15360, 66.16, 1035
2026/07/13 06:29:57.860, 100, 38, 11839, 15360, 66.75, 1005
2026/07/13 06:29:58.870, 100, 43, 11839, 15360, 59.96, 1020
2026/07/13 06:29:59.880, 100, 38, 11839, 15360, 65.71, 1170
2026/07/13 06:30:00.888, 100, 45, 11839, 15360, 66.91, 945
2026/07/13 06:30:01.900, 100, 37, 11839, 15360, 64.04, 1050
2026/07/13 06:30:02.910, 100, 52, 11839, 15360, 65.38, 690
2026/07/13 06:30:03.921, 100, 40, 11839, 15360, 65.08, 1050
2026/07/13 06:30:04.930, 100, 49, 11839, 15360, 73.92, 885
2026/07/13 06:30:05.940, 100, 38, 11839, 15360, 63.55, 1035
2026/07/13 06:30:06.951, 100, 56, 11839, 15360, 66.32, 990
2026/07/13 06:30:07.965, 100, 39, 11839, 15360, 63.81, 1035
2026/07/13 06:30:08.984, 100, 54, 11839, 15360, 74.31, 765
2026/07/13 06:30:10.016, 100, 41, 11839, 15360, 63.81, 1020
2026/07/13 06:30:11.055, 100, 53, 11839, 15360, 72.01, 765
2026/07/13 06:30:12.063, 100, 39, 11839, 15360, 68.33, 1020
2026/07/13 06:30:13.072, 100, 54, 11839, 15360, 67.20, 1050
2026/07/13 06:30:14.084, 100, 38, 11839, 15360, 67.79, 1020
2026/07/13 06:30:15.093, 100, 56, 11839, 15360, 67.00, 1005
2026/07/13 06:30:16.105, 100, 41, 11839, 15360, 65.77, 1035
2026/07/13 06:30:17.112, 100, 31, 11839, 15360, 67.04, 1020
2026/07/13 06:30:18.123, 100, 31, 14911, 15360, 64.59, 1020
2026/07/13 06:30:19.130, 96, 28, 8243, 15360, 84.18, 1050
2026/07/13 06:30:20.145, 100, 32, 8243, 15360, 65.28, 1035
2026/07/13 06:30:21.163, 100, 32, 8243, 15360, 67.30, 810
2026/07/13 06:30:22.192, 100, 31, 8243, 15360, 64.50, 1035
2026/07/13 06:30:23.211, 100, 31, 8243, 15360, 67.30, 780
2026/07/13 06:30:24.229, 100, 31, 8243, 15360, 64.99, 1020
2026/07/13 06:30:25.243, 100, 31, 8243, 15360, 67.10, 780
2026/07/13 06:30:26.253, 100, 28, 8243, 15360, 68.77, 1035
2026/07/13 06:30:27.263, 100, 32, 8243, 15360, 67.10, 780
2026/07/13 06:30:28.275, 100, 32, 8243, 15360, 67.59, 1035
2026/07/13 06:30:29.300, 100, 30, 8243, 15360, 66.61, 765
2026/07/13 06:30:30.309, 100, 32, 8243, 15360, 65.77, 1020
2026/07/13 06:30:31.319, 100, 27, 8243, 15360, 68.63, 765
2026/07/13 06:30:32.334, 100, 30, 8243, 15360, 64.50, 1035
2026/07/13 06:30:33.343, 100, 32, 8243, 15360, 67.34, 1035
2026/07/13 06:30:34.350, 100, 29, 8243, 15360, 67.34, 1020
2026/07/13 06:30:35.359, 100, 32, 8243, 15360, 65.77, 1020
2026/07/13 06:30:36.377, 100, 32, 8243, 15360, 66.71, 1005
2026/07/13 06:30:37.393, 100, 31, 8243, 15360, 65.48, 1020
2026/07/13 06:30:38.409, 97, 50, 8243, 15360, 66.51, 1035
2026/07/13 06:30:39.430, 100, 28, 8243, 15360, 66.02, 1020
2026/07/13 06:30:40.439, 98, 48, 8243, 15360, 64.59, 1020
2026/07/13 06:30:41.448, 100, 31, 8243, 15360, 66.85, 1020
2026/07/13 06:30:42.456, 100, 33, 8243, 15360, 38.54, 1575
2026/07/13 06:30:43.463, 0, 0, 8243, 15360, 42.07, 1590
2026/07/13 06:30:44.469, 0, 0, 8243, 15360, 31.57, 585
2026/07/13 06:30:45.477, 0, 0, 8243, 15360, 42.83, 735
2026/07/13 06:30:46.500, 100, 33, 8243, 15360, 65.38, 1050
2026/07/13 06:30:47.510, 100, 31, 8243, 15360, 63.55, 1005
2026/07/13 06:30:48.519, 100, 33, 14387, 15360, 67.69, 1065
2026/07/13 06:30:49.527, 100, 34, 14387, 15360, 65.08, 1050
2026/07/13 06:30:50.548, 100, 30, 14387, 15360, 64.30, 1035
2026/07/13 06:30:51.561, 100, 33, 14387, 15360, 67.79, 990
2026/07/13 06:30:52.574, 100, 33, 14387, 15360, 67.30, 810
2026/07/13 06:30:53.596, 100, 33, 14387, 15360, 67.20, 795
2026/07/13 06:30:54.604, 100, 33, 14389, 15360, 63.95, 1035
2026/07/13 06:30:55.613, 100, 28, 14389, 15360, 67.10, 1020
2026/07/13 06:30:56.622, 100, 32, 14389, 15360, 67.00, 930
2026/07/13 06:30:57.634, 100, 33, 14389, 15360, 65.08, 1050
2026/07/13 06:30:58.642, 100, 33, 14389, 15360, 65.28, 1050
2026/07/13 06:30:59.651, 100, 33, 14389, 15360, 61.79, 1035
2026/07/13 06:31:00.659, 100, 32, 14147, 15360, 67.40, 795
2026/07/13 06:31:01.668, 100, 32, 14147, 15360, 66.81, 795
2026/07/13 06:31:02.681, 74, 18, 14155, 15360, 62.53, 1230
2026/07/13 06:31:03.705, 0, 0, 14155, 15360, 41.97, 1590
2026/07/13 06:31:04.717, 0, 0, 14155, 15360, 31.69, 585
2026/07/13 06:31:05.734, 0, 0, 14155, 15360, 31.69, 585
2026/07/13 06:31:06.752, 0, 0, 14155, 15360, 31.49, 585
2026/07/13 06:31:07.776, 0, 0, 14155, 15360, 31.39, 585
2026/07/13 06:31:08.785, 0, 0, 14155, 15360, 31.29, 585
2026/07/13 06:31:09.794, 100, 32, 14155, 15360, 65.67, 1035
2026/07/13 06:31:10.803, 100, 28, 14155, 15360, 67.20, 1035
2026/07/13 06:31:11.811, 100, 30, 14155, 15360, 66.51, 1050
2026/07/13 06:31:12.824, 100, 31, 14155, 15360, 63.91, 1035
2026/07/13 06:31:13.833, 100, 31, 14155, 15360, 65.71, 1020
2026/07/13 06:31:14.841, 100, 32, 14155, 15360, 64.89, 1035
2026/07/13 06:31:15.849, 98, 38, 14155, 15360, 66.32, 1035
2026/07/13 06:31:16.860, 100, 32, 14155, 15360, 63.22, 1020
2026/07/13 06:31:17.868, 98, 50, 14155, 15360, 64.99, 1035
2026/07/13 06:31:18.877, 100, 28, 14155, 15360, 66.06, 1035
2026/07/13 06:31:19.896, 100, 44, 14155, 15360, 64.99, 1020
2026/07/13 06:31:20.933, 100, 31, 14155, 15360, 67.89, 1005
2026/07/13 06:31:21.954, 98, 50, 14155, 15360, 65.44, 1020
2026/07/13 06:31:22.972, 100, 32, 14155, 15360, 64.79, 1020
2026/07/13 06:31:23.981, 100, 34, 14155, 15360, 62.87, 870
2026/07/13 06:31:24.990, 100, 32, 14155, 15360, 65.18, 1020
2026/07/13 06:31:25.998, 100, 31, 14155, 15360, 67.00, 765
2026/07/13 06:31:27.008, 100, 29, 14155, 15360, 66.06, 1020
2026/07/13 06:31:28.016, 100, 32, 14155, 15360, 67.10, 765
2026/07/13 06:31:29.025, 100, 28, 14155, 15360, 68.14, 990
2026/07/13 06:31:30.034, 100, 30, 14155, 15360, 66.42, 735
2026/07/13 06:31:31.044, 100, 31, 14155, 15360, 63.81, 1020
2026/07/13 06:31:32.057, 100, 28, 14155, 15360, 68.18, 1005
2026/07/13 06:31:33.082, 100, 31, 14155, 15360, 65.28, 1020
2026/07/13 06:31:34.102, 100, 32, 14155, 15360, 64.40, 1020
2026/07/13 06:31:35.125, 0, 0, 14155, 15360, 42.34, 1590
2026/07/13 06:31:36.135, 0, 0, 14155, 15360, 42.17, 1590
2026/07/13 06:31:37.143, 0, 0, 14155, 15360, 31.88, 585
2026/07/13 06:31:38.152, 0, 0, 14155, 15360, 31.69, 585
2026/07/13 06:31:39.161, 100, 33, 14155, 15360, 64.69, 1050
2026/07/13 06:31:40.172, 100, 30, 14155, 15360, 67.49, 1035
2026/07/13 06:31:41.181, 100, 32, 14155, 15360, 65.83, 930
2026/07/13 06:31:42.193, 100, 30, 14155, 15360, 65.08, 1050
2026/07/13 06:31:43.202, 100, 31, 14155, 15360, 63.03, 1020
2026/07/13 06:31:44.211, 100, 33, 14155, 15360, 69.02, 1020
2026/07/13 06:31:45.222, 100, 32, 14155, 15360, 67.10, 795
2026/07/13 06:31:46.231, 100, 32, 14155, 15360, 67.20, 795
2026/07/13 06:31:47.250, 100, 33, 14155, 15360, 63.16, 1020
2026/07/13 06:31:48.258, 100, 33, 14155, 15360, 70.39, 975
2026/07/13 06:31:49.267, 100, 33, 14155, 15360, 64.69, 960
2026/07/13 06:31:50.292, 100, 29, 14155, 15360, 64.99, 1050
2026/07/13 06:31:51.304, 100, 33, 14155, 15360, 65.57, 1050
2026/07/13 06:31:52.313, 100, 33, 14155, 15360, 62.57, 1035
2026/07/13 06:31:53.323, 100, 32, 14155, 15360, 67.20, 795
2026/07/13 06:31:54.332, 100, 32, 14155, 15360, 67.30, 795
2026/07/13 06:31:55.340, 9, 5, 14155, 15360, 69.31, 1035
2026/07/13 06:31:56.348, 100, 36, 14155, 15360, 70.29, 1035
2026/07/13 06:31:57.357, 100, 28, 14155, 15360, 63.16, 1065
2026/07/13 06:31:58.365, 100, 30, 14155, 15360, 65.18, 1080
2026/07/13 06:31:59.373, 100, 38, 14155, 15360, 65.67, 975
2026/07/13 06:32:00.385, 100, 32, 14155, 15360, 65.93, 1050
2026/07/13 06:32:01.404, 41, 35, 14157, 15360, 35.60, 1305
2026/07/13 06:32:02.417, 0, 0, 14189, 15360, 41.38, 1590
2026/07/13 06:32:03.429, 32, 12, 14189, 15360, 50.88, 1590
2026/07/13 06:32:04.441, 58, 24, 14189, 15360, 65.75, 1590
2026/07/13 06:32:05.450, 62, 30, 14189, 15360, 66.46, 1590
2026/07/13 06:32:06.459, 70, 37, 14189, 15360, 68.18, 1530
2026/07/13 06:32:07.469, 39, 16, 14189, 15360, 41.28, 1590
2026/07/13 06:32:08.479, 20, 3, 14189, 15360, 46.72, 1590
2026/07/13 06:32:09.485, 31, 4, 14189, 15360, 35.60, 960
2026/07/13 06:32:10.493, 33, 4, 14189, 15360, 34.12, 885
2026/07/13 06:32:11.504, 23, 3, 14189, 15360, 31.29, 810
2026/07/13 06:32:12.512, 0, 0, 14189, 15360, 30.90, 585
2026/07/13 06:32:13.522, 0, 0, 14189, 15360, 30.80, 585
2026/07/13 06:32:14.543, 0, 0, 14189, 15360, 30.70, 585
2026/07/13 06:32:15.566, 0, 0, 14189, 15360, 30.60, 585
2026/07/13 06:32:16.581, 0, 0, 14189, 15360, 30.60, 585
2026/07/13 06:32:17.595, 0, 0, 14189, 15360, 30.40, 585
2026/07/13 06:32:18.609, 0, 0, 14189, 15360, 30.40, 585
2026/07/13 06:32:19.618, 100, 28, 14189, 15360, 67.00, 810
2026/07/13 06:32:20.627, 0, 0, 14189, 15360, 39.53, 1590
